player,country,height,weight,age,ball_control,dribbling,slide_tackle,stand_tackle,aggression,reactions,att_position,interceptions,vision,composure,crossing,short_pass,long_pass,acceleration,stamina,strength,balance,sprint_speed,agility,jumping,heading,shot_power,finishing,long_shots,curve,fk_acc,penalties,volleys,gk_positioning,gk_diving,gk_handling,gk_kicking,gk_reflexes,value,club
Cristian Castro Devenish,Colombia,192,84,22,55,43,68,73,72,68,30,65,30,50,33,64,49,41,55,86,40,52,43,51,64,54,30,31,32,34,41,33,10,11,6,7,9,1400000,63
Silaldo Taffarel,Brazil,181,80,31,69,70,56,58,62,70,69,70,64,54,60,63,63,64,87,81,42,67,65,65,54,60,64,68,65,62,48,46,12,15,14,8,14,97500,154
Thomas D√§hne,Germany,193,84,29,25,12,13,16,27,65,17,20,49,48,14,35,18,46,38,68,41,48,36,60,17,51,14,20,20,15,26,16,64,74,65,68,74,1100000,315
Michael Sollbauer,Austria,187,86,33,46,48,66,69,71,64,48,66,29,70,44,58,53,35,73,82,56,63,57,80,67,32,24,33,25,13,22,19,10,10,8,14,9,65000,535
Diego Segovia,Uruguay,191,80,23,14,8,14,16,28,50,10,12,38,34,11,23,20,38,28,64,24,31,34,27,13,48,4,6,9,10,16,5,61,59,62,64,64,30000,330
Cl√°udio Ramos,Portugal,183,83,31,20,16,13,17,27,70,10,21,55,44,10,25,23,55,44,75,65,54,62,72,21,48,14,16,15,13,13,10,72,78,73,64,74,2800000,230
C√©dric Zesiger,Switzerland,194,88,25,52,43,71,72,63,61,37,68,34,56,43,60,55,55,75,84,33,68,34,74,74,41,33,18,29,22,34,34,10,5,14,12,5,1600000,75
Pedro Gomes,Portugal,185,75,20,41,33,65,70,46,54,27,56,25,46,26,49,45,63,64,78,63,55,45,71,55,39,21,24,26,26,39,25,7,6,12,13,11,23000,91
Famara Di√©dhiou,Senegal,189,80,30,68,67,16,22,61,64,72,22,50,64,33,57,42,53,54,86,58,69,60,73,76,74,71,58,53,39,72,63,11,7,10,15,12,1400000,285
Sibiry Keita,Mali,173,67,22,65,67,30,33,40,47,65,29,58,59,60,63,61,81,55,63,80,69,68,60,47,73,53,55,53,31,58,60,8,12,8,5,15,47500,344
Abdullah Al Hamdan,Saudi Arabia,186,78,23,62,59,30,24,51,58,62,31,57,53,58,64,51,71,63,71,54,74,67,74,60,62,60,59,49,35,57,52,8,10,6,10,10,47500,32
Patrick Lienhard,Germany,169,65,31,61,59,58,59,60,58,60,60,63,49,51,65,63,74,67,49,90,66,85,71,48,56,48,57,45,50,49,39,6,14,10,10,11,37500,527
Vilmer R√∂nnberg,Sweden,193,88,21,45,28,54,58,50,50,25,54,48,48,35,54,50,61,46,78,52,64,51,60,52,50,25,23,37,30,41,35,9,10,13,7,13,14000,642
Prabir Das,India,171,67,29,54,51,50,51,86,55,56,51,52,45,51,50,42,73,70,64,80,78,77,58,51,51,33,45,50,40,50,46,14,9,8,15,11,15000,85
Tyreece Campbell,England,172,65,19,55,57,24,29,31,46,44,21,48,46,49,44,39,77,53,40,82,79,81,42,27,50,51,45,35,35,48,41,12,8,9,8,12,13000,137
John Souttar,Scotland,189,75,26,70,60,70,75,67,68,33,66,59,71,33,70,68,65,53,83,61,67,58,72,71,52,42,47,53,41,49,28,10,13,11,15,9,2300000,497
Xavier Chavalerin,France,178,66,32,74,70,68,71,72,73,68,74,72,69,68,77,72,58,89,70,73,59,67,60,58,74,66,65,70,71,63,59,14,11,15,6,7,3500000,188
Kim Geon Woong,Korea Republic,185,81,26,59,56,56,63,69,57,55,63,59,55,36,61,65,62,61,76,60,64,65,63,54,63,38,57,34,39,44,33,13,14,12,15,6,40000,340
J√©r√©mie Broh,Italy,180,71,26,67,66,62,65,70,66,67,69,64,54,58,68,64,80,69,64,71,80,73,71,60,69,55,58,58,55,56,58,13,14,9,7,10,95000,450
Eirik Blikstad,Norway,183,75,19,50,48,51,55,51,43,32,55,33,45,25,50,46,55,35,58,61,62,52,84,55,38,23,22,42,26,38,28,7,14,15,14,12,10000,602
Nicolas Vouilloz,Switzerland,184,80,22,38,37,60,62,46,50,30,56,32,44,42,46,47,66,65,70,59,67,55,75,60,43,21,28,28,23,38,27,13,13,8,12,11,21000,561
Oli Shaw,Scotland,188,72,25,64,62,18,14,26,63,63,19,48,51,28,58,43,71,63,65,61,68,59,69,62,60,65,54,48,32,62,54,11,8,10,5,8,55000,79
Ahmet Oƒüuz,Turkey,176,83,30,68,71,69,71,81,69,70,67,68,67,64,68,67,75,76,81,77,77,76,81,63,68,52,63,71,63,55,59,10,6,8,14,15,2100000,359
Maximilian Mittelst√§dt,Germany,180,71,26,73,73,67,73,64,69,64,74,60,65,74,70,67,79,74,63,78,75,77,81,66,73,56,68,73,44,42,43,13,13,10,7,13,3100000,312
Justo Giani,Argentina,180,69,24,59,64,17,22,47,57,61,22,67,55,62,63,60,71,61,51,61,74,64,58,55,60,61,58,56,41,64,59,14,11,7,13,8,55000,428
Ga√´tan Paquiez,France,182,72,29,61,60,64,65,62,60,54,62,52,58,61,65,59,68,77,73,68,70,68,65,55,61,34,48,53,43,53,47,8,15,12,7,16,77500,287
Park Jung Bin,Korea Republic,175,73,29,59,63,54,42,41,55,60,26,59,58,59,61,56,74,53,48,76,75,79,51,47,59,57,54,58,60,62,56,8,13,7,13,8,40000,511
Kevin Dami√°n Gonz√°lez,Argentina,169,64,27,61,65,35,32,37,49,49,22,50,53,56,51,45,70,55,34,72,69,68,48,47,60,55,48,45,41,57,64,11,7,6,10,8,22000,457
Juli√°n Aude,Argentina,180,65,20,74,76,65,63,64,64,59,62,63,72,62,68,64,74,73,59,76,69,77,59,47,57,41,47,37,38,42,39,6,12,14,7,6,1000000,369
Andrew,Brazil,189,76,22,14,10,17,8,24,68,4,8,62,34,9,41,37,47,37,47,32,41,34,44,11,50,4,12,10,8,21,14,68,73,70,66,74,2100000,276
Siriki Demb√©l√©,Scotland,173,67,26,71,74,32,38,45,67,68,30,66,65,63,64,54,92,69,54,90,86,86,34,60,69,67,65,54,55,58,67,8,6,10,12,11,1600000,14
Olamide Shodipo,Republic of Ireland,176,70,26,61,62,42,46,27,60,59,40,58,56,60,61,57,81,53,52,75,82,89,48,37,55,56,59,61,37,62,50,14,6,7,7,9,67500,382
Michael Boxall,New Zealand,188,91,35,60,56,66,69,69,66,59,67,52,60,58,64,57,43,67,91,50,66,47,78,65,61,35,33,56,43,42,54,7,13,9,14,8,67500,408
Tom√°s Fern√°ndez,Argentina,187,83,25,53,35,64,69,53,48,31,60,30,46,29,54,42,60,60,51,83,55,51,72,57,43,33,43,27,28,45,34,13,9,15,9,14,25000,279
Federico Lanzillotta,Argentina,185,80,30,21,20,15,15,16,63,15,11,27,40,18,28,29,49,45,65,38,40,50,76,17,48,16,17,20,12,24,19,71,72,67,64,72,1100000,55
Dawid Drachal,Poland,182,70,18,56,51,23,25,35,44,42,23,45,53,49,54,51,72,54,53,58,74,68,51,39,52,52,35,39,40,49,45,9,8,6,9,7,11000,404
Tom Grivosti,England,187,72,24,46,42,62,63,65,56,23,62,37,59,25,55,53,62,64,74,65,64,41,84,60,51,34,50,49,26,30,24,12,6,13,6,14,40000,591
Ruslan Neshcheret,Ukraine,190,81,21,16,11,11,14,27,62,7,11,35,40,10,56,61,29,26,65,24,21,25,33,14,50,9,6,10,12,13,9,65,66,64,67,67,70000,186
Pedr√£o,Brazil,194,87,26,51,41,65,70,79,68,28,72,30,55,29,62,52,53,66,81,43,54,41,66,66,52,22,22,26,31,40,33,8,15,10,11,11,1500000,472
Kalidou Koulibaly,Senegal,186,89,32,72,70,86,89,83,83,50,85,65,82,50,71,69,68,68,93,33,88,48,82,84,67,43,38,53,39,50,48,13,7,11,7,5,46500000,138
Lorenzo Reyes,Chile,180,85,32,71,68,70,74,71,71,59,74,69,65,52,73,71,65,88,74,73,65,78,80,53,64,58,65,64,47,50,42,15,14,9,10,14,3000000,686
Festy Ebosele,Republic of Ireland,180,75,21,68,72,57,58,62,58,65,55,53,54,64,44,40,94,80,76,79,89,84,75,44,49,47,34,46,36,37,40,14,5,12,15,6,92500,632
Seiminlen Doungel,India,172,69,29,50,53,27,30,74,46,50,30,47,49,50,50,46,83,70,61,78,82,79,84,44,58,53,51,47,45,48,55,8,13,10,12,12,14000,338
Alexandru Oroian,Romania,180,72,22,62,64,30,28,41,56,52,22,58,51,58,60,53,80,67,55,80,81,83,43,39,65,60,48,64,37,52,42,8,12,5,11,12,47500,220
Ovidiu Popescu,Romania,181,77,29,57,55,63,64,75,61,56,67,60,66,61,65,64,68,86,75,82,67,70,79,60,73,52,64,63,60,58,48,12,7,12,7,15,90000,245
Ziya Erdal,Turkey,182,73,35,62,60,64,66,79,65,42,65,44,65,64,61,62,68,54,71,62,64,66,66,58,72,42,56,52,47,44,36,9,16,16,6,11,25000,574
Joey Kesting,Netherlands,190,88,22,12,11,11,13,20,37,7,13,24,36,11,39,35,31,24,47,46,33,24,60,12,48,9,8,10,10,17,6,64,59,57,64,61,20000,491
Noureddine El Bahhar,Egypt,177,73,19,54,53,22,31,37,47,43,28,59,64,56,54,59,55,51,57,74,47,63,48,33,56,48,55,63,57,46,37,7,7,15,12,7,10000,33
Vilanova,Spain,187,78,26,58,34,68,69,60,61,26,62,38,58,28,67,52,57,63,75,59,59,45,69,65,54,22,33,34,26,37,29,15,5,8,9,13,70000,203
Leonardo Capezzi,Italy,178,72,28,62,62,52,57,70,66,68,63,70,72,62,66,63,34,63,52,75,41,66,60,60,64,56,59,65,57,64,45,10,8,13,6,9,62500,461
Andrea Barberis,Italy,177,72,29,72,68,68,73,78,73,68,72,66,65,67,75,72,69,69,53,71,65,73,64,48,59,38,57,57,68,51,56,6,6,14,10,14,2100000,413
Lukas Klitten,Denmark,184,74,23,60,63,55,56,56,52,54,52,49,50,59,51,44,74,62,59,65,77,75,70,44,41,33,34,48,32,32,23,9,10,10,5,14,24000,573
Donovan Wilson,England,180,70,26,56,57,14,20,35,56,58,16,47,54,45,52,44,77,65,69,65,79,73,36,56,62,57,55,44,33,56,50,7,8,15,11,7,25000,604
Mihai Popa,Romania,190,82,22,18,14,15,18,29,62,14,15,49,50,16,30,33,38,32,44,43,45,47,46,14,44,12,19,13,15,17,15,62,68,63,58,64,62500,242
Scotty Sadzoute,France,172,56,25,66,67,64,63,56,61,60,61,52,55,64,65,57,70,73,56,86,82,74,83,55,59,39,46,54,43,47,37,14,12,8,12,14,1100000,435
Adam Petersson,Sweden,175,70,23,60,57,54,56,52,56,56,56,55,56,44,61,58,63,61,47,71,65,72,57,45,52,53,50,47,39,51,48,15,12,10,11,6,24000,409
Warleson,Brazil,191,87,27,15,11,14,13,28,63,6,8,32,30,12,24,29,29,28,78,23,25,31,35,15,47,6,7,11,14,12,10,63,68,62,62,71,70000,132
Dominic Calvert-Lewin,England,187,71,26,77,73,23,31,78,77,78,35,64,76,65,71,47,71,71,82,64,86,68,91,89,79,79,65,64,54,77,72,7,12,12,8,11,16000000,197
Nestory Irankunda,Australia,174,74,17,58,64,20,27,40,52,54,18,46,48,40,44,36,90,38,46,82,89,83,48,34,72,53,47,45,60,53,44,7,8,10,12,8,16000,25
Badou Ndiaye,Senegal,180,76,32,73,75,71,73,77,76,66,74,72,77,59,74,69,83,84,77,75,84,82,75,55,80,63,73,70,63,65,65,7,7,12,11,10,2500000,24
Hugo Anglada Guti√©rrez,Spain,182,75,19,64,45,61,66,63,61,33,66,42,57,35,64,55,62,67,69,66,65,61,71,65,51,30,28,39,33,50,32,13,5,15,9,10,65000,532
Juninho Bacuna,Curacao,178,74,26,74,74,56,66,84,66,68,64,70,67,71,71,72,72,73,74,68,68,71,75,61,80,65,71,68,64,59,61,14,6,11,8,10,1800000,88
Marcelo Gonz√°lez,Paraguay,170,72,27,60,68,18,19,52,62,64,16,65,66,64,60,51,75,70,72,73,77,72,65,58,66,60,63,59,59,66,60,8,5,11,12,7,92500,66
Mark O'Hara,Scotland,188,80,27,67,67,60,64,58,64,58,62,61,67,57,67,66,71,80,74,69,73,66,77,62,64,62,63,52,61,65,32,15,14,10,10,7,77500,590
Dylan Pierias,Australia,175,72,23,61,64,51,55,50,51,58,48,50,50,53,57,49,87,64,67,90,88,87,58,36,22,56,23,32,34,33,21,8,6,10,13,14,47500,669
Mats Knoester,Netherlands,186,77,24,66,46,65,70,66,64,30,69,32,64,32,72,63,61,78,83,56,55,53,73,64,48,22,25,29,24,40,27,8,15,12,9,5,1400000,255
Tareq Abdullah,Saudi Arabia,170,64,27,57,56,60,64,61,60,52,61,53,47,52,55,57,65,66,65,86,70,57,71,36,28,30,29,45,31,37,20,10,14,9,9,5,40000,39
Rodrigo Zagareda,Bolivia,188,77,31,70,69,21,38,52,65,62,22,68,71,64,70,72,60,60,74,44,62,70,51,68,52,68,65,55,64,70,48,8,13,16,8,16,1200000,521
Wissam Ben Yedder,France,170,68,33,88,87,26,33,62,85,89,44,80,85,74,83,66,82,72,68,91,81,91,77,74,84,87,74,82,76,85,85,7,6,13,9,7,35500000,15
Nathaniel Clyne,England,175,67,32,73,71,74,74,76,72,66,74,66,73,76,73,66,71,62,60,68,60,70,69,67,73,54,67,64,49,46,45,15,10,11,13,7,3100000,161
Mauro Luna Diale,Argentina,173,71,24,71,72,45,41,58,67,70,38,70,71,62,67,63,84,60,50,85,80,83,70,65,71,72,68,57,49,57,65,13,9,11,9,13,1900000,637
Tolga Ciƒüerci,Turkey,185,85,31,71,67,67,70,72,69,69,73,69,72,62,72,76,65,87,76,58,70,66,74,68,76,60,68,74,67,71,59,9,12,11,11,12,2500000,312
Jan Gorenc,Slovenia,192,80,24,59,35,62,67,75,62,29,66,49,46,32,58,56,53,65,77,48,55,43,58,65,45,26,28,25,32,30,27,13,10,8,15,5,87500,344
Aldo Kalulu,France,166,68,27,67,70,21,21,46,61,68,21,62,64,57,66,48,91,61,44,92,91,92,81,52,68,69,63,63,48,61,69,7,9,6,13,11,1100000,246
Jos√© G√≥mez,Argentina,173,79,23,43,64,66,69,60,54,40,58,38,44,46,42,36,65,67,59,78,64,64,62,55,35,33,26,37,32,46,30,5,6,12,6,7,35000,131
Bobby Thomas,England,191,77,22,52,43,63,65,68,58,31,61,40,57,29,57,48,55,55,77,53,59,48,68,64,44,28,24,33,33,45,35,8,13,14,6,14,60000,79
Hardy Salazores,Ecuador,175,70,35,64,63,61,63,61,61,35,60,45,69,55,61,51,67,65,64,77,67,65,63,60,40,48,40,58,60,55,50,11,14,11,11,11,21000,5
Agon Mucolli,Albania,172,72,24,65,66,40,37,37,61,64,28,63,63,57,59,46,76,66,52,78,69,88,41,32,57,55,46,55,48,50,46,14,14,6,7,8,55000,442
Billy Sass-Davies,Wales,191,79,23,50,39,59,62,59,57,28,58,37,49,30,48,43,62,60,77,53,56,56,60,64,39,25,17,27,30,35,21,11,13,5,13,9,35000,160
Sondre Fosn√¶ss Hanssen,Norway,186,77,22,52,41,60,64,53,56,32,59,36,54,35,57,50,50,54,70,58,53,49,76,53,42,27,21,26,28,36,30,15,6,14,10,13,25000,602
Lenny Pirringuel,France,170,59,19,63,62,45,42,41,52,53,32,59,55,45,67,62,70,56,50,72,67,58,52,46,48,46,32,59,39,48,48,5,6,9,9,9,17000,96
Ulrich Taffertshofer,Germany,183,82,31,61,56,68,64,84,66,27,65,51,68,45,60,59,54,80,77,76,47,63,78,55,59,37,57,26,40,34,29,7,8,11,13,14,72500,216
Th√©o Borne,France,191,74,21,17,5,14,11,27,48,7,7,21,21,14,21,29,31,20,42,27,32,33,36,12,37,8,9,14,11,11,5,53,52,58,49,59,10000,50
Youssouph Badji,Senegal,192,80,21,67,67,18,21,63,63,62,28,60,58,46,61,36,67,68,75,52,76,62,66,69,74,66,51,36,38,63,58,12,5,12,7,12,1200000,580
Rida Zouhir,Morocco,178,72,19,59,64,43,52,61,53,53,46,53,61,46,63,59,63,60,69,69,69,58,70,48,60,40,42,31,39,54,48,15,9,8,9,8,13000,116
Tong Lei,China PR,178,66,25,64,62,53,63,59,54,51,59,53,45,60,55,52,75,80,64,63,70,73,72,45,48,52,49,45,37,51,55,12,5,8,15,12,42500,167
Dan-Axel Zagadou,France,196,90,24,52,51,75,80,73,72,31,73,59,70,46,73,70,48,62,92,34,57,33,63,80,66,26,25,37,25,30,25,14,9,13,5,14,5500000,645
Camora,Romania,177,69,36,66,60,68,67,66,69,62,65,63,52,71,68,69,68,83,67,75,68,65,60,58,66,50,60,65,66,57,47,12,12,14,9,8,50000,513
Mauricio Zanega,Uruguay,173,68,27,68,70,44,60,42,65,52,55,67,59,49,70,69,66,67,45,75,61,62,56,49,55,58,57,45,55,48,44,8,8,12,14,11,92500,662
Bastian Bsullak,Germany,188,77,18,34,22,50,56,45,41,26,47,24,36,27,51,47,52,53,63,50,54,41,67,58,31,17,22,29,27,31,27,11,10,10,9,6,7000,665
Dion Pereira,England,175,70,24,61,63,34,34,54,57,56,29,61,60,56,58,51,81,59,51,85,75,80,49,50,69,59,53,62,51,56,59,13,6,7,5,13,45000,98
Gabriel Rojas,Argentina,178,68,26,67,60,64,66,60,65,67,64,57,54,77,67,70,82,81,64,77,79,82,75,48,65,42,59,74,58,51,54,9,7,6,13,9,1900000,493
Anthony Forde,Republic of Ireland,180,82,29,62,63,52,54,40,58,58,55,60,62,62,59,57,74,73,61,73,72,75,54,42,61,58,63,63,63,59,54,13,14,12,11,15,35000,677
Ci Henglong,China PR,193,75,23,16,12,15,13,13,45,10,12,23,21,12,16,22,32,20,55,22,26,31,37,13,39,10,9,13,15,11,9,53,49,53,52,54,7000,135
Yuito Suzuki,Japan,175,66,21,67,67,48,50,53,57,61,49,63,64,57,66,64,66,60,47,72,74,63,55,46,51,60,51,51,53,48,41,13,15,12,8,6,65000,601
Koldo Obieta,Spain,187,82,29,62,48,15,15,45,59,70,21,56,76,37,57,40,34,56,86,50,33,54,71,75,66,67,62,38,43,68,56,8,12,7,13,9,50000,404
Damian DƒÖbrowski,Poland,182,81,31,69,61,66,69,78,68,52,71,65,77,67,72,68,75,85,80,74,66,72,85,58,72,49,57,64,61,51,53,16,6,6,6,9,2000000,469
Keith Buckley,Republic of Ireland,180,71,31,57,56,58,61,73,56,57,59,58,56,57,57,56,56,74,62,66,49,60,77,55,59,51,55,55,53,57,52,8,7,8,10,9,27500,93
Daniel Luna,Colombia,179,66,20,68,65,43,36,50,59,72,26,71,60,39,63,59,69,60,34,63,69,64,58,40,46,61,58,41,55,52,43,14,10,10,10,8,92500,489
Thomas Gr√∏gaard,Norway,180,73,29,60,61,60,62,58,61,60,60,61,64,62,60,54,76,66,66,77,71,77,50,50,53,35,35,59,41,60,58,16,15,9,12,9,52500,602
Ram√≥n √Åbila,Argentina,177,93,33,70,69,22,32,76,65,72,19,65,76,53,65,63,65,54,92,72,67,68,69,75,81,70,63,52,48,67,73,14,16,14,15,15,1900000,152
Lasse G√ºnther,Germany,181,80,20,67,66,38,40,45,57,52,39,57,54,64,60,51,72,62,63,66,69,71,53,48,67,57,54,59,43,56,63,9,13,13,14,11,52500,337
James Akintunde,England,175,75,27,59,59,28,29,60,49,59,33,47,51,47,52,38,71,66,71,73,70,70,64,50,62,58,56,54,50,52,54,7,12,13,9,9,25000,93
Gabriel Lunetta,Italy,186,80,27,61,60,34,35,70,55,64,44,63,66,54,64,60,70,73,70,59,75,67,51,48,66,58,47,45,35,55,52,11,13,12,10,14,52500,612
Youssouf Fofana,France,185,74,24,79,77,76,80,78,79,74,78,77,76,66,80,78,68,83,77,75,73,70,59,61,76,64,69,66,56,64,46,5,12,7,12,9,21500000,15
James Norwood,England,180,76,32,62,60,30,35,75,62,66,37,56,63,47,59,51,67,63,71,64,68,69,86,67,67,65,61,57,58,61,60,10,11,14,8,12,60000,79
De Marcos,Spain,182,78,34,77,72,74,76,77,77,73,74,73,75,76,77,71,79,85,75,77,79,75,76,59,73,64,56,77,53,55,57,15,8,6,13,9,7500000,61
Ger√≥nimo Rulli,Argentina,189,84,31,15,14,17,13,26,79,12,21,62,61,12,36,30,56,42,73,50,52,58,65,12,60,15,17,19,20,24,16,81,82,79,80,83,20500000,26
Darius Olaru,Romania,177,71,25,73,70,61,64,82,70,68,60,72,72,70,73,71,81,92,73,84,84,83,76,63,79,68,72,74,72,65,63,12,12,10,7,15,2700000,513
Fabian Klos,Germany,194,93,35,65,58,24,32,78,74,70,29,70,78,46,66,60,51,64,91,43,55,41,71,75,78,68,65,56,45,80,72,7,7,11,7,13,67500,56
Mansour Hamzi,Saudi Arabia,173,70,31,63,65,47,49,62,62,64,48,55,55,56,60,56,85,77,43,69,81,81,75,51,60,62,53,35,33,51,63,13,12,7,14,12,70000,168
Mario ≈†uver,Croatia,185,87,23,47,42,61,66,49,58,28,63,45,49,26,53,47,63,55,73,57,69,61,76,62,36,22,20,31,26,35,27,13,6,6,6,8,50000,73
Path√© Ciss,Senegal,185,71,29,67,60,72,74,80,69,64,72,60,61,48,73,68,65,88,84,58,62,58,83,76,71,55,51,33,30,40,32,14,13,5,11,13,2700000,498
Tibor Haliloviƒá,Croatia,176,70,28,66,67,54,69,72,63,62,59,72,64,50,72,70,71,79,65,78,58,71,59,52,57,60,68,58,52,50,49,9,14,11,14,9,1100000,684
Rory McKenzie,Scotland,175,75,29,64,64,42,49,61,57,55,45,60,56,60,60,56,80,76,58,82,78,86,77,60,58,57,55,57,47,63,49,12,15,11,15,7,60000,358
Tim Paterok,Germany,194,83,31,20,19,14,16,20,47,15,15,31,35,15,29,28,33,34,55,38,34,39,59,12,47,13,16,18,14,21,16,60,64,61,62,64,27500,548
Joe Willock,England,179,71,24,78,80,62,75,70,78,79,74,76,75,63,79,70,78,82,66,74,80,79,67,68,75,74,68,67,46,62,66,8,11,6,12,9,9000000,427
Luke Hendrie,England,187,72,29,55,56,56,58,59,56,50,57,56,54,58,52,51,65,78,72,69,69,69,60,55,49,27,35,55,45,41,34,7,9,8,11,8,32500,98
Giuseppe Mastinu,Italy,174,77,31,68,67,33,36,35,64,65,24,68,66,50,68,65,65,60,59,75,62,62,34,60,78,57,72,42,59,55,53,11,8,13,15,14,82500,466
Walter Ben√≠tez,Argentina,191,93,30,20,19,17,20,28,75,17,21,46,62,12,28,27,48,40,80,45,48,47,62,13,54,14,14,20,17,25,13,80,80,79,72,83,14500000,449
Geovane Jesus,Brazil,182,79,22,60,45,56,58,55,48,48,55,37,50,52,31,45,73,64,64,63,57,52,57,65,65,21,63,27,38,37,23,8,7,12,8,11,21000,214
Cristian Riquelme,Chile,173,67,19,60,54,57,59,62,57,57,54,31,53,56,49,26,73,62,61,77,74,70,64,39,34,27,21,43,26,35,27,8,8,14,7,8,23000,198
Alper Demirol,Sweden,184,77,20,63,62,54,56,58,54,45,56,55,50,46,64,60,64,63,66,60,61,62,58,50,52,42,42,46,44,40,41,7,15,11,5,6,22000,299
Juan Sforza,Argentina,180,76,21,65,69,62,65,71,67,53,61,62,68,61,73,70,74,76,61,70,68,64,61,56,67,55,64,62,60,43,43,13,10,8,11,12,1100000,428
Abdulmohsen Al Qahtani,Saudi Arabia,176,77,24,55,56,21,27,34,50,50,20,48,43,49,53,51,68,49,60,62,69,64,56,45,49,54,47,48,46,59,44,8,9,9,5,9,15000,37
Salem Al Toiawy,Saudi Arabia,178,70,22,50,51,46,49,35,47,46,48,48,47,44,48,45,67,48,56,68,66,58,57,41,41,37,40,38,32,43,29,7,12,11,12,12,7000,40
Marcel Beifus,Germany,187,80,20,60,48,63,64,63,61,49,60,41,53,49,59,48,56,57,69,61,61,61,66,62,62,51,52,39,40,52,47,9,11,14,8,5,45000,236
Wu Fei,China PR,186,79,34,9,8,12,10,15,45,7,14,30,22,10,23,27,16,20,43,33,21,23,45,16,38,11,10,9,6,12,7,47,56,50,51,52,4000,678
Laurin Mack,Germany,185,80,19,16,13,12,14,26,45,9,11,28,27,13,20,21,31,25,57,29,34,32,65,11,40,8,10,12,15,17,9,50,55,52,53,56,7000,527
Alejandro Duarte,Peru,182,79,29,17,13,21,13,16,67,4,10,45,53,14,29,24,25,22,64,42,25,23,59,10,48,9,6,11,12,17,8,66,68,72,64,68,1000000,586
Mikkel Damsgaard,Denmark,180,71,23,80,82,40,46,61,68,72,45,76,74,62,73,70,85,69,56,87,79,83,72,51,71,70,73,66,82,47,48,11,6,10,14,7,6500000,101
Ismael Tellero,Peru,172,70,35,64,72,36,37,40,63,60,58,55,72,61,65,64,67,60,58,67,64,65,64,63,66,74,65,76,70,68,62,17,9,9,15,9,42500,143
Kim Min Jun,Korea Republic,183,78,23,60,61,33,30,67,44,63,22,57,63,55,60,54,72,59,63,58,74,73,45,47,66,57,43,57,43,45,37,5,7,12,6,11,37500,278
Artem Onischenko,Ukraine,180,77,20,60,58,49,58,59,54,57,56,62,51,40,64,64,60,60,60,63,64,62,59,48,59,46,56,45,49,48,36,5,6,7,10,10,27500,461
Harry Souttar,Australia,198,79,24,64,56,74,73,66,71,26,73,50,65,24,66,63,37,66,88,30,44,57,70,74,33,25,26,26,31,40,23,15,12,12,12,13,3100000,376
Antonio Galeano,Paraguay,173,70,23,67,76,61,65,45,53,60,60,51,49,68,58,43,79,70,49,66,82,75,45,36,60,61,55,49,58,67,41,7,6,9,12,9,1000000,134
Jean-Philippe Krasso,Ivory Coast,187,90,26,70,70,17,14,33,67,68,12,64,65,53,67,55,66,56,70,54,62,57,70,66,68,70,63,65,44,69,66,12,6,15,6,11,1400000,16
Kyrylo Petrov,Ukraine,186,85,33,52,29,63,64,61,62,28,60,30,43,31,41,27,55,63,82,60,55,48,62,64,38,23,27,31,31,38,29,10,12,12,15,14,30000,360
Jefferson Duque,Colombia,183,79,36,69,66,17,19,46,70,71,36,56,74,46,65,57,60,65,77,63,64,62,78,75,71,75,72,32,69,82,63,13,7,13,12,13,80000,63
Gianmarco Cangiano,Italy,175,73,21,67,66,31,28,41,44,53,26,54,46,57,54,49,70,48,42,72,65,68,42,47,65,57,47,50,49,56,50,9,11,8,10,7,25000,264
Kamohelo Mahlatsi,South Africa,168,63,25,64,73,44,34,45,56,62,40,66,58,58,66,61,76,70,55,80,72,70,60,53,45,58,53,51,40,42,55,15,8,11,8,12,82500,351
John Olav Norheim,Norway,191,84,28,59,51,57,62,66,63,49,59,43,56,55,63,56,33,68,83,56,34,34,62,63,64,31,34,52,48,50,34,15,7,14,12,13,45000,297
Fabricio Vidal,Uruguay,188,80,20,49,49,61,58,51,45,41,57,40,41,57,47,44,64,63,57,57,65,60,64,44,35,37,36,47,44,44,39,7,13,7,6,8,20000,509
Kamaldeen Sulemana,Ghana,175,70,21,79,80,25,25,52,62,68,26,68,75,64,70,58,92,66,60,88,93,89,75,42,70,72,65,70,50,56,62,12,6,13,7,14,4800000,579
Tyler Morton,England,178,71,20,69,65,61,64,70,64,60,58,69,71,66,72,67,67,68,52,70,63,61,61,57,55,40,48,67,71,57,41,13,12,13,5,12,82500,89
Carlos Benav√≠dez,Uruguay,185,77,25,66,62,72,73,80,69,40,72,65,70,60,69,61,69,66,70,59,65,62,72,68,64,38,39,45,43,53,36,12,14,9,14,13,1600000,164
Patrick Sontheimer,Germany,168,65,25,69,68,63,63,78,67,61,64,66,66,59,68,65,67,91,45,91,62,83,61,37,56,52,45,60,40,49,47,8,6,14,6,12,1200000,651
Aston Oxborough,England,196,80,25,24,14,13,20,23,55,15,26,41,26,18,29,30,44,33,57,49,42,41,65,12,42,10,17,16,14,21,20,56,58,59,56,57,17000,416
Ashley Young,England,175,65,38,76,74,74,77,83,77,72,75,74,79,78,78,73,69,68,68,76,67,74,65,72,71,63,65,82,75,60,74,16,16,10,15,15,1700000,60
Salvi S√°nchez,Spain,175,64,32,75,73,41,39,53,67,69,39,72,66,74,73,71,79,63,34,83,86,77,58,43,68,65,59,72,70,63,64,9,10,12,7,6,3500000,498
Koffi Kouao,Ivory Coast,173,65,25,64,63,72,70,69,61,55,69,38,61,62,58,49,74,72,68,84,78,73,73,48,45,33,33,48,35,47,28,11,11,12,13,9,1500000,225
Alan Matturro,Uruguay,189,77,18,53,50,65,67,65,65,48,67,50,57,52,54,51,66,59,68,50,70,57,61,64,51,22,21,30,31,35,23,11,7,12,7,14,60000,274
Ben Stevenson,England,182,67,26,64,62,58,59,66,59,59,60,65,67,61,65,63,74,84,63,72,68,72,54,52,64,59,64,65,58,54,53,10,12,9,9,16,65000,262
Stuart Armstrong,Scotland,183,75,31,76,77,60,67,69,77,76,69,72,70,72,75,72,70,77,68,65,69,75,71,66,81,76,82,78,74,64,62,11,14,8,13,13,5500000,579
Maxime Cr√©peau,Canada,180,88,29,45,19,17,17,34,78,7,20,55,60,19,34,46,50,33,69,40,48,43,67,14,53,17,14,16,14,23,19,70,72,70,70,75,2200000,363
Ajdin Zeljkoviƒá,Sweden,181,79,25,64,64,28,31,52,57,58,26,57,55,52,57,48,75,65,63,67,72,65,46,49,65,62,48,52,44,52,54,12,9,13,8,13,45000,325
Stefan Thesker,Germany,190,84,32,55,45,64,70,69,54,38,69,37,60,42,57,68,43,63,78,45,54,50,66,71,58,29,39,33,31,42,40,14,13,7,10,12,70000,315
Cameron John,England,181,78,24,55,53,57,60,61,58,45,59,44,56,47,58,53,70,65,70,62,75,68,75,55,42,29,36,34,25,32,28,8,13,9,7,8,35000,510
Vinicius Cardenha,Brazil,179,73,31,62,71,71,75,72,74,42,71,45,73,74,68,52,65,79,65,68,79,70,71,67,46,52,42,54,46,67,43,12,16,13,10,8,3600000,261
Danisco Fachini,Brazil,169,68,35,71,66,72,74,71,74,38,84,55,74,55,78,76,68,79,64,77,65,63,76,67,76,19,71,48,69,60,12,6,11,14,9,6,1900000,259
Ivan Provedel,Italy,192,84,29,22,16,21,22,27,70,16,22,56,62,21,34,23,44,28,56,44,40,38,56,17,57,17,20,13,13,22,14,76,81,76,76,81,10000000,370
Luiz Adriano,Brazil,184,80,36,77,76,23,28,38,69,79,24,74,71,62,72,50,74,64,72,69,68,73,87,76,76,75,70,72,58,72,80,9,16,10,10,12,2400000,51
Maximilian Br√ºll,Germany,186,75,21,15,12,10,11,20,44,8,12,44,23,14,15,19,32,18,42,39,33,33,49,11,44,6,9,14,12,11,7,60,60,61,58,62,20000,388
Tom Eaves,England,191,93,31,64,60,31,42,67,63,66,24,53,61,33,55,41,52,66,91,34,54,58,69,73,74,65,60,40,38,65,63,6,14,14,9,6,85000,519
Gustavo Klismahn,Brazil,180,80,23,63,62,66,67,66,60,62,60,63,60,57,70,68,67,70,74,63,65,60,71,62,75,61,71,53,69,72,59,7,13,13,5,12,82500,472
Samuel Silvera,Australia,173,69,22,67,64,28,25,39,55,63,26,54,54,32,59,56,69,65,38,65,69,63,47,34,53,59,51,56,32,41,37,11,7,8,13,13,37500,130
Lachlan Barr,Australia,189,80,28,43,33,61,63,58,52,32,59,29,45,37,48,36,60,59,79,57,63,50,71,59,40,29,20,40,27,31,35,11,12,11,12,11,30000,25
Avan Jones,England,184,76,21,38,49,53,51,51,51,36,46,29,34,46,33,27,65,61,57,60,58,56,56,45,25,20,21,28,24,32,23,5,13,7,9,14,6000,386
Kader N'Chobi,France,177,76,27,64,65,11,14,26,68,65,25,50,57,42,56,36,87,72,56,81,91,67,60,47,65,64,62,53,38,56,65,8,14,7,7,14,65000,593
Anders Hagelskj√¶r,Denmark,192,84,26,65,58,67,68,60,62,50,66,63,59,56,68,66,67,69,78,57,68,56,56,66,58,48,45,54,35,30,38,9,6,7,10,7,97500,19
Raul Matisano,Bolivia,177,72,27,73,45,72,60,79,60,52,53,47,59,70,65,62,64,63,58,71,66,52,64,61,61,51,60,48,62,65,48,17,16,11,11,13,85000,328
Cameron Windust,Australia,183,75,22,40,34,58,61,45,48,24,52,31,46,28,38,35,54,54,63,60,53,39,76,49,32,21,16,23,21,36,28,7,14,8,8,5,11000,130
Nikola Vla≈°iƒá,Croatia,178,79,25,80,82,37,52,68,76,76,26,77,77,71,78,74,78,69,70,88,79,78,55,65,80,74,81,70,72,66,71,9,6,14,15,14,16500000,620
Cedric Omoigui,Nigeria,182,74,28,58,67,15,24,48,63,63,15,54,62,46,57,34,87,70,72,67,86,80,83,62,71,68,56,47,43,69,56,8,13,15,14,11,92500,479
Ignacio Schor,Argentina,182,74,23,70,70,55,50,57,65,70,42,70,70,65,75,67,72,74,60,67,74,76,57,53,65,61,63,45,49,50,50,9,7,7,8,9,2200000,467
Amato Ciciretti,Italy,170,74,29,75,68,29,36,49,66,70,38,73,71,67,74,70,80,63,45,82,81,83,33,43,70,67,71,73,68,60,66,12,13,6,9,6,2400000,59
Aylan Benyahia-Tani,France,182,65,18,60,64,21,17,26,63,56,16,49,49,44,56,38,68,53,32,72,55,71,54,65,62,67,52,48,39,63,58,7,6,10,8,14,25000,440
Lindsay Rose,Mauritius,184,79,31,56,57,64,65,71,58,35,66,43,61,57,58,56,67,72,80,60,63,54,71,66,55,38,39,41,36,36,31,8,9,9,5,9,70000,375
Yusuf Lawal,Nigeria,173,77,25,66,70,24,27,57,65,63,21,67,66,62,63,55,82,72,61,73,83,85,80,33,61,58,55,40,37,61,47,13,10,8,10,8,1400000,57
Nicol√°s Zalazar,Argentina,175,77,26,58,30,64,68,68,58,35,65,22,56,26,54,38,69,67,79,53,65,61,71,67,50,29,38,29,31,40,25,13,14,6,9,14,82500,169
Pablo P√©rez,Argentina,177,75,38,75,69,69,72,95,72,67,71,76,77,69,75,71,56,62,73,67,53,66,64,65,74,63,68,68,68,64,70,15,10,7,16,14,75000,428
R√∫nar Alex R√∫narsson,Iceland,186,76,28,32,13,15,19,23,61,16,12,58,42,18,26,46,45,41,56,55,46,43,59,17,56,14,15,17,14,22,13,71,71,71,74,71,1400000,42
Linus Wahlqvist,Sweden,185,80,26,65,63,67,68,68,65,58,67,59,64,65,67,64,73,78,78,62,78,70,83,64,71,42,59,68,34,31,39,9,12,6,12,9,1200000,469
Aaron Wildig,England,175,73,31,61,60,56,59,39,59,58,53,61,63,57,62,61,62,76,63,75,64,72,73,43,61,56,58,54,55,53,56,11,11,15,8,12,32500,429
Mateusz Letkiewicz,Poland,184,75,19,51,48,53,56,56,56,40,55,40,45,34,52,48,60,59,59,60,61,61,62,50,38,23,26,23,27,41,24,8,13,8,13,11,11000,404
Cristian Borja,Colombia,180,73,30,70,69,69,68,66,66,57,68,61,60,69,68,66,86,73,75,67,85,77,74,58,45,49,60,46,42,46,31,12,13,11,15,6,2100000,524
Diego Johannesson,Iceland,176,70,29,57,56,61,61,61,53,67,62,61,50,63,60,54,80,76,60,73,81,70,70,56,58,41,34,53,31,41,33,14,8,10,9,14,65000,43
Daniel Adshead,England,178,70,21,59,56,52,59,47,58,58,54,61,58,48,60,60,69,68,50,69,59,62,61,40,54,49,57,50,41,36,40,13,10,6,6,8,25000,510
Niklas K√∂lle,Germany,181,77,23,60,59,58,60,63,60,57,60,39,56,58,58,48,74,71,66,71,74,70,59,46,35,37,32,41,34,41,30,13,15,15,9,7,52500,391
Joel Nouble,England,193,78,27,66,68,24,23,65,62,64,24,64,55,49,62,58,70,66,84,82,74,74,81,63,63,63,54,52,40,60,52,12,12,15,8,9,80000,385
Alex Oxlade-Chamberlain,England,175,70,30,81,82,68,72,77,77,78,73,77,77,78,78,74,79,73,70,87,77,76,69,39,83,70,78,73,60,69,60,9,16,9,6,9,10500000,384
Andrei Cordea,Romania,180,75,24,70,69,32,35,65,61,65,35,64,68,67,68,65,85,80,67,87,90,87,69,47,74,68,65,74,69,62,48,11,10,8,13,8,1800000,513
Mat√≠as Palacios,Argentina,168,67,21,69,70,41,50,41,59,63,38,69,65,68,70,70,71,63,45,82,67,80,54,48,62,59,63,66,69,48,54,14,12,13,10,10,1100000,28
Olly Casey,England,188,78,22,56,46,64,65,59,47,25,62,31,57,32,61,55,49,55,68,55,50,46,62,66,36,23,24,25,22,32,27,15,6,11,11,13,40000,262
Robbie D'Haese,Belgium,180,64,24,71,70,54,54,37,63,66,52,60,68,66,66,64,79,72,42,73,77,77,71,38,63,61,38,44,46,48,63,11,6,10,7,14,1600000,348
Louis Reed,England,173,60,26,63,63,60,63,72,60,54,59,63,63,52,64,64,67,79,63,84,64,83,74,57,68,48,59,59,61,58,43,12,9,7,10,12,60000,397
Bobby Decordova-Reid,Jamaica,170,68,30,74,74,55,58,49,77,75,59,70,70,69,73,65,79,82,60,86,76,87,77,63,69,71,71,65,64,70,75,8,8,12,13,10,5500000,267
Fernando Romero,Paraguay,175,84,23,60,64,20,19,58,65,62,20,60,48,36,69,46,64,63,72,64,66,60,80,65,66,71,68,33,49,69,65,7,11,8,7,14,1000000,400
Stoppila Sunzu,Zambia,192,80,34,57,44,72,74,76,65,34,72,42,67,36,58,56,41,75,92,58,37,56,84,76,50,32,57,47,43,41,35,9,14,15,12,10,1500000,123
David Wotherspoon,Canada,172,76,33,71,72,62,63,63,57,66,50,73,73,70,67,65,67,72,64,64,65,78,66,58,64,63,67,70,68,54,56,16,9,12,9,7,80000,589
H√©lder Tavares,Cape Verde,178,74,33,61,57,61,63,67,61,59,61,59,62,51,63,60,53,72,65,72,51,67,59,59,66,51,56,48,42,52,50,8,12,6,8,14,32500,242
Michael Ruhs,Australia,180,70,21,58,57,39,44,59,56,59,39,52,56,48,53,48,75,56,72,73,78,71,69,46,58,61,49,41,39,48,45,8,8,12,10,12,25000,669
Nicol√°s Servetto,Argentina,181,80,27,63,62,15,19,30,62,63,11,54,52,33,54,40,62,67,81,60,61,58,68,50,68,67,64,46,48,63,58,7,15,8,12,11,52500,467
Silvester van der Water,Netherlands,184,74,26,68,71,45,52,68,66,65,24,55,66,66,64,59,77,68,64,63,84,76,45,50,73,69,64,67,43,67,58,14,8,9,10,6,1500000,525
Omari Patrick,England,185,76,27,61,63,22,24,52,61,64,30,56,59,51,58,45,84,73,72,64,84,68,66,57,60,61,57,48,34,52,55,7,12,12,7,9,52500,126
Isak Ssewankambo,Sweden,179,80,27,64,59,58,60,74,55,53,60,58,60,54,64,60,71,80,81,76,77,66,83,57,60,35,40,52,48,45,45,9,6,13,12,10,57500,324
Yannik Keitel,Germany,186,85,23,71,62,67,72,79,69,49,66,65,54,49,73,70,63,64,70,62,65,64,79,64,58,44,49,42,49,48,41,10,13,8,11,7,1700000,526
Storm Roux,New Zealand,181,71,30,57,61,57,57,58,54,57,53,51,54,53,50,48,76,78,76,60,74,76,91,60,42,44,38,49,39,38,33,10,10,14,13,11,30000,130
Toma Ba≈°iƒá,Croatia,190,82,26,75,74,71,73,71,75,73,72,75,73,72,76,75,58,78,79,62,55,62,68,75,81,57,75,77,77,51,59,11,13,10,11,7,6000000,370
Johan B√•ngsbo,Sweden,192,85,20,55,35,58,67,59,63,54,68,31,48,35,60,62,54,58,76,59,61,43,70,58,40,18,22,24,28,31,23,14,14,15,11,8,67500,323
Josh Dasilva,England,184,75,24,75,75,65,66,74,73,69,64,73,75,68,76,75,75,73,79,74,77,68,52,50,80,68,77,71,52,55,57,10,11,13,8,14,3500000,101
Bruno Petkoviƒá,Croatia,193,88,28,84,80,29,41,48,67,63,23,84,79,66,80,74,72,68,90,47,75,74,77,79,83,73,57,69,76,86,76,14,11,15,9,10,6000000,179
Jacob Greene,United States,178,68,20,40,44,46,46,49,54,42,51,34,38,46,32,30,73,59,42,61,75,64,68,42,30,28,24,33,29,33,22,13,14,10,13,15,8000,165
Niklas Lang,Germany,185,78,21,59,38,64,66,62,56,24,64,31,52,27,55,39,71,55,64,60,69,68,85,61,32,18,20,24,19,31,21,11,11,13,9,14,47500,4
Azzedine Ounahi,Morocco,182,62,23,79,74,61,66,60,68,65,61,72,71,57,80,77,64,82,65,67,67,71,61,58,73,61,59,61,54,57,52,8,14,13,6,7,3600000,440
Jamie Reid,Northern Ireland,181,74,29,58,57,13,20,55,56,60,12,57,56,40,50,47,78,73,70,58,74,71,87,53,64,60,58,56,52,61,52,7,12,11,7,13,27500,598
Kasper Lunding,Denmark,178,69,24,67,67,36,28,44,58,61,27,61,61,61,60,49,76,62,43,78,76,74,81,37,59,56,58,66,36,39,38,13,11,8,11,15,70000,20
Alexander Ludwig,Denmark,184,85,30,60,53,60,61,65,56,53,57,35,60,53,62,61,52,60,76,59,54,56,74,63,50,35,32,53,50,36,40,15,12,8,11,11,32500,7
Milton Menceiros,Brazil,182,84,31,59,51,66,66,67,73,50,76,64,78,38,66,56,72,66,81,60,67,71,87,68,61,44,46,55,40,49,52,9,7,7,7,12,1300000,128
Mario Gila,Spain,185,80,23,61,50,63,65,56,54,24,58,36,57,47,63,61,64,61,67,62,64,60,66,67,54,28,49,42,36,38,41,6,14,10,10,14,40000,370
Durval Dutr√≠a,Brazil,177,76,31,75,73,69,68,71,63,67,68,71,66,61,76,73,64,81,75,53,71,65,72,76,75,67,71,64,60,62,56,14,7,9,14,12,2200000,162
Elkan Baggott,Indonesia,194,86,20,47,35,58,60,56,56,25,58,28,53,26,44,33,62,62,81,35,55,40,66,62,30,22,18,28,29,38,20,11,8,8,5,7,23000,139
Matisse Didden,Belgium,198,91,21,60,55,57,62,62,62,38,61,54,45,48,63,58,52,51,79,31,55,50,60,68,57,29,30,40,40,46,28,7,7,7,6,9,47500,345
Renan Lodi,Brazil,173,68,25,77,77,79,76,77,76,74,74,72,76,79,75,75,82,82,67,82,81,84,78,70,76,65,68,81,57,55,59,10,12,7,11,15,18500000,434
Victor Bak,Denmark,180,70,19,46,61,50,50,51,54,49,47,40,47,54,41,30,65,67,51,68,68,55,56,44,25,28,21,35,37,38,34,8,13,5,10,9,10000,226
Nicola Zalewski,Poland,175,70,21,76,78,52,57,57,68,71,50,69,63,72,75,63,85,74,45,75,86,75,57,45,72,58,46,64,57,63,59,8,10,5,7,15,6500000,512
Darius Lipsiuc,Republic of Ireland,180,66,17,54,54,41,44,55,45,55,39,54,52,48,54,48,64,48,53,52,63,60,67,50,56,50,48,49,41,51,40,7,9,13,11,9,9000,591
Omar Saeed,United Arab Emirates,174,69,24,49,51,63,61,70,48,41,54,39,50,46,46,45,67,67,60,72,68,61,69,49,35,35,31,46,31,38,27,15,6,13,6,6,21000,28
Edvin Tellgren,Sweden,192,80,18,39,25,57,59,46,46,24,57,31,36,29,35,30,62,61,60,64,59,58,72,52,35,29,25,29,30,35,24,6,11,10,6,11,9000,324
Facundo Torres,Uruguay,178,71,23,73,75,30,35,32,69,72,35,69,57,69,73,66,83,67,54,64,80,83,67,61,72,69,72,71,60,58,67,6,8,9,10,8,3600000,445
Julian Viollaz,Argentina,186,73,21,63,60,18,21,49,59,60,17,49,54,36,58,45,60,55,59,73,64,59,65,61,65,68,59,59,60,66,55,7,8,9,14,7,45000,80
√ìscar Sielva,Spain,178,78,32,73,67,65,67,64,70,68,69,75,74,62,75,71,62,84,72,73,63,69,57,54,77,69,74,77,77,69,64,13,7,15,6,15,2000000,532
Efkan Bekiroglu,Germany,185,84,27,71,70,43,54,60,65,68,52,67,68,59,71,69,68,68,75,69,69,71,51,55,66,61,63,52,70,55,57,12,11,11,12,11,1100000,42
Vincenzo Ciriello,Italy,185,78,21,41,27,57,63,67,51,28,51,25,66,28,37,34,67,54,57,49,68,49,66,62,35,22,22,33,25,38,28,9,10,14,9,12,14000,144
Tiago Monceda,Peru,192,78,23,17,15,20,21,22,54,16,15,33,28,19,34,37,41,39,68,22,31,33,42,20,45,11,10,15,16,18,11,61,62,65,60,62,35000,584
Oli McBurnie,Scotland,191,77,27,73,67,20,29,77,71,73,28,66,68,40,69,55,54,70,80,54,54,55,78,75,77,71,58,42,33,65,71,13,13,11,12,13,2100000,568
Tasos Douvikas,Greece,186,76,24,71,72,27,28,57,68,74,38,56,66,58,67,62,83,76,73,63,79,74,81,69,70,72,63,54,47,69,64,13,9,11,12,8,2800000,239
Fabio V√°zquez,Argentina,183,76,29,65,63,60,62,70,59,63,62,64,59,47,67,63,61,80,71,51,52,67,57,56,55,45,56,54,43,44,34,9,15,15,12,14,57500,457
Abdel Zagr√©,Burkina Faso,187,79,19,46,40,20,17,47,48,49,22,42,51,25,39,31,54,54,64,53,51,48,61,67,45,51,47,32,22,61,44,5,12,10,10,11,5000,234
Bartholomew Ogbeche,Nigeria,179,82,38,67,65,19,23,76,66,75,39,51,69,48,53,59,61,70,81,64,65,61,82,65,76,74,69,64,61,73,68,9,9,7,15,10,55000,321
Hakan √ñzmert,Turkey,178,76,38,68,66,63,64,77,57,63,64,65,70,69,74,72,36,53,56,69,37,59,60,67,74,59,71,73,71,57,60,16,12,8,10,13,27500,51
Lenny Vallier,France,178,72,24,63,65,59,62,50,46,57,52,54,54,62,65,55,76,73,64,44,74,74,58,54,59,56,52,59,58,55,62,15,12,12,13,13,50000,430
Snorre Strand Nilsen,Norway,186,82,26,59,60,62,63,60,58,48,60,46,50,60,55,46,65,75,69,62,67,54,72,54,52,38,42,55,30,38,29,8,9,7,9,12,60000,361
Toni Villa,Spain,173,63,28,75,75,54,56,60,70,72,52,75,73,74,75,71,76,69,34,86,75,85,46,56,62,65,62,74,53,60,54,14,10,7,12,15,4500000,281
Kamal Miller,Canada,183,88,26,68,68,73,69,74,68,60,70,61,64,50,74,70,79,80,84,50,84,52,79,68,50,46,43,45,28,31,46,7,8,11,12,12,2300000,116
Alejandro Garnacho,Argentina,180,72,19,63,70,24,35,46,66,66,33,63,67,63,61,47,86,66,50,86,83,85,38,44,58,65,58,66,61,56,55,13,6,15,14,7,1300000,396
Bojan Nastiƒá,Bosnia & Herzegovina,182,75,29,60,57,59,61,71,59,53,58,57,64,64,62,65,74,74,72,67,78,66,81,55,66,41,50,47,34,37,28,14,5,6,13,14,70000,336
Jimmy Keohane,Republic of Ireland,180,72,32,56,55,51,59,56,56,58,57,54,59,57,56,51,73,81,68,58,75,68,53,50,56,55,47,48,50,51,45,12,10,8,9,8,30000,510
Tim Skarke,Germany,181,79,26,72,73,43,49,44,67,69,43,56,61,64,64,54,86,79,48,79,89,83,58,46,74,67,69,63,44,47,61,13,7,14,11,8,2100000,232
Mohamed Bouchouari,Belgium,170,61,22,65,70,60,59,58,55,41,59,37,53,60,52,48,81,66,53,87,73,86,76,27,41,48,43,48,38,47,29,8,5,6,12,6,42500,215
John Mayanga Nekadio,DR Congo,197,97,21,48,37,58,62,69,60,26,52,33,40,33,47,42,64,64,78,47,70,51,68,60,45,21,24,24,25,32,21,15,7,9,13,8,24000,490
Steve Ngoura,France,185,75,18,54,48,14,18,33,48,57,11,49,45,29,48,31,57,55,56,57,53,58,62,55,48,60,51,35,30,62,45,10,8,8,11,6,11000,305
William Kaastrup,Denmark,176,69,19,56,58,50,50,42,41,48,48,48,54,58,55,54,63,60,40,74,65,65,62,41,37,41,38,54,44,34,34,7,10,12,9,8,10000,496
Jann-Fiete Arp,Germany,184,78,23,66,68,24,32,44,65,67,22,60,60,68,57,34,75,59,78,70,81,72,62,63,68,65,59,65,38,55,64,7,14,12,10,11,1200000,315
Itumeleng Khune,South Africa,181,81,36,30,29,15,16,32,60,14,24,70,41,20,31,50,35,25,70,48,35,58,71,14,68,16,20,19,38,49,13,68,70,68,90,75,21000,351
I√±aki Pe√±a,Spain,184,78,24,21,12,11,10,17,72,5,6,39,38,10,33,57,33,27,54,51,38,49,64,11,57,6,8,12,12,17,5,71,71,67,76,72,2000000,207
David Costas,Spain,181,73,28,65,62,70,72,71,69,46,74,55,69,64,68,65,71,68,79,63,78,66,80,71,56,42,44,45,59,50,31,14,10,15,10,6,2200000,478
Wilson Sos√°n,Brazil,180,71,27,71,72,32,31,41,54,69,30,69,71,71,74,72,70,50,63,66,76,59,61,45,57,44,38,56,44,50,56,15,15,15,15,15,1500000,68
Reyes Cleary,England,185,74,19,59,57,21,27,35,62,59,28,52,57,37,58,42,73,67,71,69,75,65,61,57,65,62,59,56,54,64,53,9,7,6,9,10,42500,667
Tom Bischof,Germany,176,66,18,65,64,52,49,56,58,48,31,68,63,49,66,64,62,52,44,79,64,75,59,40,55,49,50,61,52,54,47,13,9,13,12,6,40000,613
Abdoulaye Kamara,Guinea,182,75,18,65,67,62,65,56,59,49,57,58,59,47,64,66,66,55,68,71,68,77,64,59,58,39,34,53,40,39,44,6,6,10,10,14,24000,97
Timm Koch,Germany,175,67,20,46,49,55,52,55,58,41,54,35,42,36,50,49,62,47,50,73,57,53,60,48,40,29,30,30,36,38,30,7,6,5,11,8,8000,296
Jordan Zemura,Zimbabwe,173,75,23,67,66,65,67,58,68,55,66,55,60,64,67,52,81,76,55,72,79,70,64,44,42,41,31,56,29,42,26,8,11,10,13,8,1700000,9
Kian Leavy,Republic of Ireland,175,74,21,60,58,47,54,51,53,43,51,52,45,49,62,61,65,68,54,69,64,68,58,49,56,32,45,52,35,43,38,15,11,12,15,12,16000,499
Zhang Xiangshuo,China PR,181,76,22,49,45,52,49,60,53,45,46,52,43,36,50,51,66,55,57,61,60,56,60,46,45,33,38,40,36,45,35,11,10,12,9,7,6000,123
Song Yue,China PR,185,84,31,43,46,45,48,60,44,48,43,44,35,44,56,56,67,60,71,55,64,60,59,47,49,33,34,37,33,36,35,5,8,5,11,7,5000,618
Isma√´l Chester Diallo,Ivory Coast,178,74,26,66,68,70,70,68,69,59,69,46,67,60,62,49,69,79,74,72,68,70,75,68,50,33,31,41,37,45,40,11,5,13,12,7,1900000,6
Josep Se√±√©,Spain,184,77,31,77,72,56,54,46,69,69,59,70,66,66,74,73,65,70,71,62,70,70,60,61,58,63,66,63,60,65,59,13,14,16,7,10,1500000,113
Matt Hatch,Australia,180,75,22,48,56,50,48,50,56,56,46,43,46,47,44,34,93,55,63,68,92,72,65,49,52,49,48,41,37,40,44,11,11,11,12,11,14000,460
Lee Gwang Hyeok,Korea Republic,169,60,27,58,66,30,33,57,66,63,30,54,53,61,58,53,84,68,32,88,83,82,81,50,55,55,53,61,60,46,42,12,7,8,10,14,77500,605
Pablo P√©rez Rodr√≠guez,Spain,188,82,30,68,65,47,48,36,62,68,58,69,65,60,70,67,55,73,74,37,62,68,87,76,64,64,59,67,60,70,63,7,7,10,9,9,85000,85
Mohammed Abusabaan,Saudi Arabia,180,75,33,63,63,58,60,80,59,60,60,60,57,57,64,63,65,67,71,68,64,70,70,60,64,43,66,45,66,55,64,9,10,11,9,10,32500,31
»òtefan T√¢rnovanu,Romania,197,87,23,16,18,10,11,16,66,19,21,55,41,13,16,29,42,29,55,41,42,48,57,12,49,15,18,11,12,13,17,66,68,69,65,70,1200000,245
Rub√©n de Tom√°s,Spain,172,68,23,67,66,29,28,46,49,55,28,58,54,64,63,51,64,47,40,70,64,53,57,40,74,62,65,53,70,50,50,12,6,14,8,8,47500,498
Gerard Yepes,Spain,170,66,21,65,61,63,52,48,59,58,42,57,67,52,68,65,66,48,38,82,63,67,56,54,62,52,49,54,50,63,54,13,11,13,10,10,27500,551
Maciej Gajos,Poland,174,65,32,67,66,57,63,54,61,66,67,67,66,64,67,66,72,81,70,78,67,73,85,60,72,66,66,64,66,62,57,7,7,6,13,7,82500,373
Yasin Ayari,Sweden,172,69,19,67,65,50,53,66,56,61,44,64,62,52,65,64,65,64,57,85,69,74,52,42,55,50,48,50,38,49,46,7,9,11,7,15,35000,103
Johann Lepenant,France,176,71,20,73,67,70,71,69,70,55,70,65,66,55,77,74,73,78,65,77,72,79,69,53,58,37,41,61,43,46,43,6,6,13,14,7,2900000,439
Vladyslav Kochergin,Ukraine,178,70,27,66,66,27,38,32,53,64,25,64,57,65,67,59,67,59,60,73,65,67,51,44,67,64,68,51,43,59,64,10,6,6,8,8,77500,495
Denis Ren»õa,Romania,182,73,19,48,40,51,53,58,53,30,48,39,39,30,55,50,59,52,56,62,63,56,64,50,54,25,46,36,38,31,37,7,14,8,7,7,7000,560
Mark Oxley,England,190,73,32,23,15,13,13,40,56,14,26,43,46,13,35,38,31,30,65,52,28,55,44,11,47,12,14,16,11,13,15,60,59,60,62,59,13000,302
Josu√©,Portugal,174,68,32,77,74,55,53,82,81,70,48,79,75,73,77,77,41,66,53,83,34,67,40,57,73,67,71,77,73,72,69,16,15,10,15,10,2500000,375
Saad Al Nasser,Saudi Arabia,172,67,22,62,64,21,25,63,51,56,23,46,44,52,52,40,75,58,60,74,81,70,50,41,58,60,50,41,32,44,37,11,6,6,11,13,27500,39
Sean Morrison,England,194,84,32,53,43,70,71,80,65,28,69,31,53,30,52,50,39,34,86,33,43,49,78,75,52,22,18,20,27,40,20,11,16,6,16,16,1100000,519
Lee Ji Sol,Korea Republic,185,78,24,51,24,61,62,76,41,34,58,28,43,26,57,54,62,74,76,55,60,70,73,63,43,48,18,22,26,39,26,9,13,7,12,15,35000,339
Matthew Bozinovski,North Macedonia,195,88,22,40,29,51,56,55,41,21,51,28,38,24,42,34,29,62,77,34,37,29,59,56,58,17,19,22,23,34,22,6,10,6,12,9,11000,400
Kenji-Van Boto,Madagascar,183,71,27,62,61,61,64,50,61,60,58,42,56,61,61,62,74,86,73,63,72,71,76,60,64,36,63,51,56,42,51,13,13,15,10,10,85000,14
Bilal Ould-Chikh,Morocco,170,60,26,70,72,22,26,34,60,59,20,62,57,53,56,43,78,35,50,83,76,71,59,42,69,52,57,69,57,56,58,12,7,8,8,9,67500,241
Berat Kalkan,North Macedonia,171,65,20,60,65,27,35,28,39,51,21,45,45,56,51,45,76,46,30,77,77,71,34,44,61,54,46,56,47,56,58,6,14,12,7,11,18000,355
Ian Harkes,United States,180,73,28,67,65,58,59,66,62,58,60,65,63,57,68,66,67,89,68,71,66,65,69,55,71,63,65,69,58,62,59,6,7,11,13,9,90000,184
Harry Griffiths,England,187,82,18,11,10,10,12,23,36,4,8,23,28,13,22,28,16,16,54,34,15,25,40,11,35,8,7,10,10,13,6,51,52,51,46,53,4000,11
Nicola Bellomo,Italy,174,70,32,72,68,63,65,59,69,56,60,69,66,60,71,68,64,76,62,81,67,72,74,40,68,59,67,68,72,44,63,10,14,14,11,13,1000000,78
Taylan Duman,Germany,180,78,26,72,74,52,57,51,66,66,55,67,66,62,70,64,69,69,64,74,55,74,62,54,71,65,72,70,69,58,67,14,13,11,8,8,1600000,2
Julio Baiva,Chile,171,65,31,64,45,66,70,62,66,41,65,35,62,60,63,60,40,77,60,79,40,65,69,50,54,33,34,53,43,42,36,11,12,13,9,16,40000,52
Tom√°s Ara√∫jo,Portugal,186,83,21,56,45,68,73,63,66,27,70,30,61,29,55,34,68,59,81,55,69,55,70,65,40,25,22,30,30,39,34,9,12,11,7,13,1000000,276
CƒÉtƒÉlin Straton,Romania,191,89,33,19,17,14,10,31,60,11,16,55,37,12,22,27,31,38,48,33,32,26,54,13,46,18,15,18,13,14,16,63,60,62,61,67,30000,205
Yaw Paintsil,Norway,180,70,24,61,62,25,25,52,50,50,20,46,58,46,46,36,86,48,64,82,83,76,58,47,57,55,48,42,41,44,49,8,8,8,7,8,20000,625
David Sambissa,Gabon,177,70,27,69,69,58,56,69,58,63,58,56,57,67,55,41,80,62,57,72,75,76,60,45,58,56,59,45,42,46,44,15,14,7,11,12,77500,525
Yeiker Hinestroza,Peru,179,70,31,63,63,28,38,59,63,65,51,61,66,60,60,51,63,66,60,61,61,64,75,60,65,67,65,68,61,76,64,9,9,13,7,8,57500,143
Nikolaos Michelis,Greece,192,79,22,38,28,67,68,67,58,36,61,35,55,36,51,42,57,56,71,50,53,54,66,63,49,29,26,36,31,49,33,11,11,7,5,12,50000,114
Caio Mila√ßar,Brazil,170,67,27,75,75,30,32,41,74,68,43,76,79,59,75,60,68,68,49,86,64,75,46,47,60,72,63,68,64,73,69,11,10,11,12,13,2600000,128
Adam Clayton,England,175,75,34,61,57,62,64,68,62,55,61,61,64,63,64,65,44,52,62,54,38,52,71,45,68,56,60,65,66,62,40,12,14,9,10,10,24000,98
Makana Baku,Germany,177,72,25,68,73,29,30,40,62,68,20,54,64,57,57,44,91,64,68,80,90,90,79,37,70,64,60,64,47,45,60,11,10,6,13,5,1200000,375
Joel Torrance,England,195,84,21,11,10,15,12,19,38,6,12,35,38,11,29,26,41,28,68,26,38,37,44,18,40,8,8,17,15,19,8,53,52,52,53,57,8000,550
Justin Kluivert,Netherlands,172,66,24,76,81,27,32,60,69,72,25,73,72,70,71,59,88,68,60,82,88,86,60,56,79,71,75,72,58,66,67,7,5,6,14,12,8500000,640
Boadu Maxwell Acosty,Ghana,179,72,31,73,74,35,38,39,63,64,32,59,61,63,63,56,85,80,68,70,81,76,70,54,70,65,59,55,47,65,59,15,14,6,5,7,1500000,606
Botond Balogh,Hungary,189,77,21,38,28,62,64,63,52,27,67,32,45,21,54,32,63,54,68,47,56,48,72,61,38,28,25,23,19,41,21,15,14,10,8,11,40000,456
Javi Mart√≠nez,Spain,180,68,23,73,71,46,61,66,69,70,65,67,64,42,76,65,65,75,64,65,67,64,70,58,59,65,65,40,49,59,51,5,13,10,11,10,1900000,532
Amin Younes,Germany,170,71,30,81,81,25,43,70,70,74,42,76,74,63,76,72,75,75,52,89,67,88,35,28,73,69,62,73,59,58,64,15,15,11,9,15,4200000,239
Abdenasser El Khayati,Netherlands,185,69,34,70,71,32,39,56,61,69,38,72,72,71,70,70,51,46,66,69,54,64,36,42,74,68,70,75,74,76,69,13,15,10,14,13,75000,140
Bogdan Racovi»õan,Romania,185,80,23,52,33,63,70,66,59,23,65,25,51,24,55,44,75,73,79,64,75,52,81,67,34,28,41,28,24,33,26,10,10,13,10,15,1100000,495
Kevin Wimmer,Austria,187,85,30,65,62,66,68,72,65,35,70,59,69,44,67,68,50,62,85,53,50,59,59,69,40,21,25,24,28,35,27,12,13,10,15,11,1200000,535
Marcin Cebula,Poland,177,65,27,65,66,61,56,66,58,67,57,67,63,64,66,65,83,66,62,90,80,84,76,61,65,65,61,65,62,64,63,6,8,10,12,10,95000,495
Eduart Rroca,Albania,182,75,30,73,70,44,49,48,57,68,44,65,66,63,69,68,59,58,59,62,68,55,61,58,68,69,67,63,59,66,49,5,6,8,14,8,72500,685
Tom√°s √Ångel,Colombia,174,69,20,58,61,15,13,27,58,58,11,55,49,49,62,48,79,60,66,76,78,78,65,60,58,66,59,45,54,63,57,12,11,9,12,12,45000,63
Sonny Carey,England,184,74,22,60,62,51,43,40,55,59,26,63,55,46,68,65,61,58,64,60,68,59,55,42,59,50,63,52,59,52,43,12,9,6,12,7,37500,90
Anton Tsarenko,Ukraine,162,58,19,68,65,34,37,51,59,61,31,64,59,52,65,64,71,58,43,75,68,69,52,42,51,48,52,54,42,44,39,14,13,11,10,8,50000,186
Wang Haoran,China PR,183,77,22,46,50,51,52,60,49,53,42,51,46,39,58,52,60,58,56,77,60,56,58,48,46,32,38,37,32,39,35,8,12,8,7,12,7000,311
Filip Zawadzki,Poland,176,73,19,65,62,32,31,41,55,48,31,62,55,46,53,50,71,51,44,62,65,70,50,30,52,45,40,52,50,45,35,6,9,8,7,7,17000,671
Rahmat Akbari,Afghanistan,185,71,23,64,63,61,63,58,59,60,55,60,62,46,65,63,72,80,66,77,78,75,56,42,58,55,53,48,45,49,52,8,12,8,15,12,55000,104
Chris Merrie,England,176,70,24,58,56,57,59,64,57,50,60,58,59,49,62,60,65,70,65,69,64,58,57,47,55,51,53,52,49,50,46,15,12,10,13,11,32500,624
Raheem Edwards,Canada,173,68,28,67,73,63,65,72,65,62,60,63,66,62,65,58,78,73,68,75,76,78,75,60,58,54,51,64,39,49,49,10,7,14,10,9,1000000,362
Alexander Brunst,Germany,195,88,28,25,16,15,16,32,55,11,16,34,32,15,36,30,38,30,70,36,39,34,50,22,46,14,14,16,15,26,14,64,67,64,61,67,57500,541
Jay Idzes,Netherlands,183,82,23,60,54,70,66,62,57,54,63,49,53,51,66,63,64,66,75,52,52,53,61,60,65,39,42,44,49,47,47,12,13,6,12,12,60000,282
Yoon Bit Garam,Korea Republic,178,75,33,70,68,49,54,65,56,59,61,75,68,62,71,73,70,70,60,74,68,66,62,54,70,58,72,68,73,62,64,11,8,11,11,6,95000,605
Amara Cond√©,Germany,173,67,26,69,70,64,66,73,60,62,66,71,70,58,69,67,75,90,66,85,73,83,71,58,62,59,62,67,66,50,45,8,12,14,13,13,1300000,1
Gerard Moreno,Spain,180,77,31,84,85,41,41,61,85,85,42,78,80,77,79,75,78,77,74,72,78,77,79,82,83,89,82,77,62,85,81,12,15,12,7,10,53000000,653
Piotr Tomasik,Poland,177,72,35,59,55,61,63,68,62,58,57,62,60,65,62,59,73,70,71,68,78,71,73,52,69,53,67,56,66,48,50,15,11,6,7,14,25000,674
Luiz Ara√∫jo,Brazil,175,70,27,80,80,41,44,55,74,71,33,71,77,75,71,65,87,67,52,79,89,90,56,54,74,65,73,75,64,62,66,9,6,12,13,9,8000000,64
Steven Fletcher,Scotland,186,76,36,68,66,14,22,56,68,70,36,66,73,55,63,60,45,54,77,65,50,57,81,79,76,70,64,36,42,74,71,16,13,10,13,9,60000,184
Tiago Maria Antunes Gouveia,Portugal,176,72,22,70,76,29,36,44,68,66,19,74,68,63,68,63,86,79,50,71,84,80,43,28,67,63,61,54,42,57,62,8,12,13,14,15,2200000,194
Yu Hai,China PR,183,70,36,65,65,61,62,66,61,60,64,62,66,65,63,63,70,62,70,68,68,66,80,67,59,56,57,69,63,53,55,15,12,15,14,14,19000,566
Kristoffer T√∏nnessen,Norway,184,76,25,56,55,59,62,55,58,54,60,58,56,60,60,57,74,70,65,65,71,65,62,55,50,42,52,56,48,39,36,13,6,10,14,13,50000,381
Brandon Borrello,Australia,178,79,28,66,71,21,30,61,65,63,23,63,60,65,62,53,75,75,71,78,66,75,53,39,71,62,64,65,40,57,59,6,13,16,11,10,1100000,659
Davinson S√°nchez,Colombia,187,81,27,70,62,83,78,85,77,34,80,48,74,36,73,67,68,68,80,58,80,61,76,78,66,44,44,31,27,44,32,6,9,7,10,15,16500000,588
Cican Stankoviƒá,Austria,187,86,30,16,12,15,14,25,67,10,22,41,23,16,22,17,40,31,69,55,45,66,73,19,47,8,14,12,19,20,11,74,75,73,62,77,2900000,8
Nathan Harness,England,185,68,23,15,11,15,11,20,49,9,15,40,26,15,19,30,23,21,43,20,17,35,62,12,38,8,5,12,15,14,10,50,56,52,50,50,8000,137
Alexis Mart√≠n Arias,Argentina,185,79,31,22,18,16,18,28,71,19,27,28,35,20,29,22,58,35,62,57,44,44,75,14,51,19,15,17,14,23,12,70,72,67,68,75,1600000,55
Patrick William,Brazil,185,78,26,60,52,69,70,71,67,33,69,60,73,64,66,57,53,73,77,50,60,49,87,67,85,54,75,60,77,57,56,9,12,10,13,10,1500000,508
Ignacio Castillo Ameyugo,Spain,183,75,23,61,63,53,46,62,55,63,52,56,56,42,63,64,67,64,52,61,65,60,57,55,61,60,62,46,47,48,43,12,5,13,9,11,37500,114
Luciano G√≥mez,Argentina,163,66,27,66,70,60,62,58,65,64,64,61,63,66,63,61,78,77,59,93,77,85,72,50,63,60,62,52,45,48,48,14,8,7,12,11,1200000,330
Albian Hajdari,Switzerland,189,80,20,45,29,60,62,55,50,28,56,27,41,31,51,42,64,61,73,50,55,51,75,59,38,23,24,30,29,36,28,11,12,9,9,5,21000,223
Walace,Brazil,188,75,28,75,69,62,70,80,70,59,74,70,72,50,81,74,64,77,74,66,68,60,55,63,78,58,75,60,52,58,66,14,10,13,7,11,5500000,632
Roberto Insigne,Italy,172,65,29,72,75,22,23,28,65,71,18,70,69,71,72,71,84,59,34,83,81,81,51,66,63,65,64,68,67,65,65,9,9,9,13,12,2400000,266
Robin Tihi,Finland,185,85,21,59,53,61,62,66,57,38,61,35,58,34,63,62,64,72,76,65,67,61,82,62,57,26,26,39,32,36,31,15,6,12,8,12,57500,13
Stefan Ortega,Germany,185,88,30,38,20,15,12,29,80,10,27,66,59,18,40,55,51,33,73,54,53,42,77,20,65,15,12,16,12,24,13,80,76,74,86,85,14500000,395
Sam Winnall,England,175,71,32,62,60,14,20,53,62,64,20,53,64,42,54,43,64,39,60,82,64,77,86,64,64,63,62,54,43,63,58,7,13,10,10,12,32500,110
Cristhian Mosquera,Spain,188,79,19,54,42,68,68,66,60,25,67,52,55,39,61,59,63,65,63,67,60,65,73,70,53,34,42,30,28,33,29,8,8,6,13,7,77500,640
Guillermo Enrique,Argentina,174,70,23,53,63,69,69,57,65,52,71,45,66,64,60,36,72,74,48,68,70,67,62,56,45,37,40,52,34,46,27,12,12,12,7,10,1500000,279
Karl-Johan Johnsson,Sweden,189,84,33,21,16,16,18,30,62,12,18,46,42,15,38,41,41,30,65,40,42,44,54,19,50,12,14,15,16,20,18,67,69,67,66,70,60000,201
Francesco Forte,Italy,187,75,30,70,66,20,23,68,72,76,33,59,73,58,70,62,54,67,75,66,54,62,63,72,71,75,66,55,45,76,57,13,9,12,9,12,1600000,59
Loren,Spain,188,82,29,72,70,22,24,73,74,74,21,65,68,55,68,43,67,65,76,53,65,68,70,70,75,71,70,68,56,74,73,15,7,13,13,6,2400000,630
Femi Azeez,England,181,69,22,65,64,33,35,59,57,60,22,54,56,56,62,53,80,57,72,72,82,69,74,60,70,61,64,58,46,53,43,13,14,13,6,14,70000,499
Dax McCarty,United States,175,68,36,67,62,66,67,75,70,54,67,63,66,59,70,66,54,85,70,75,35,65,59,62,68,46,53,66,54,66,56,6,15,6,8,11,45000,423
Elias Sebastian Solberg,Norway,179,70,19,61,62,38,40,36,41,44,32,52,55,51,57,55,74,57,42,52,72,75,48,42,48,46,46,52,50,42,45,14,10,9,6,14,17000,381
Mohamed El Arouch,France,166,64,19,69,72,56,57,49,58,58,48,60,67,58,68,69,78,57,56,87,73,88,45,32,63,58,59,61,62,66,56,14,11,12,11,11,90000,439
Albert Stahl,Romania,180,69,24,63,60,41,42,54,59,57,38,58,56,56,58,54,84,65,57,68,87,75,50,44,60,60,55,58,52,54,53,9,7,9,10,14,67500,631
Chiedozie Ogbene,Republic of Ireland,181,75,26,69,73,58,58,65,68,66,56,63,61,65,66,56,92,82,73,65,91,77,69,60,68,66,62,57,58,51,60,12,11,5,11,14,1800000,519
Takefusa Kubo,Japan,173,67,22,79,81,48,43,43,65,68,29,72,70,63,74,60,88,75,46,83,72,86,52,39,65,69,59,68,72,61,57,10,6,7,15,10,5000000,504
Elvir Koljiƒá,Bosnia & Herzegovina,191,85,28,62,59,31,26,60,66,74,26,48,71,33,62,54,62,63,85,52,53,60,81,74,74,71,57,57,55,70,64,13,8,8,13,11,1300000,636
C√©dric Brunner,Switzerland,180,75,29,69,65,72,75,68,75,63,74,63,65,68,72,61,68,78,67,73,70,65,79,62,66,54,63,59,38,39,32,10,8,7,10,15,3800000,232
Andrew Omobamidele,Republic of Ireland,188,78,21,60,55,71,74,69,64,30,70,50,56,25,61,58,76,67,81,52,72,63,79,69,42,24,16,36,14,25,27,8,8,10,7,7,1800000,433
Oleksandr Tymchyk,Ukraine,180,67,26,62,61,65,72,52,67,58,74,62,64,67,71,60,84,70,44,70,89,72,57,58,59,40,25,56,34,37,31,9,7,13,13,11,2400000,186
Zeki √áelik,Turkey,180,78,26,73,69,74,74,74,72,70,74,68,74,72,72,67,75,84,77,66,78,68,67,65,63,57,62,72,44,46,55,10,13,14,9,7,7500000,512
Drago»ô Tescan,Romania,180,67,23,64,61,32,30,38,61,56,19,57,52,58,62,53,73,57,53,71,74,67,46,34,52,46,43,49,41,53,47,6,11,13,11,11,30000,238
Lucas Lissens,Belgium,184,74,22,64,46,64,66,70,54,24,64,39,46,43,61,63,66,55,67,62,69,67,72,66,42,21,27,28,29,31,23,10,15,14,13,6,57500,492
Ra√∫l Jim√©nez,Mexico,188,81,32,78,79,30,38,82,77,79,53,77,78,73,78,75,66,74,83,65,70,70,73,76,84,79,73,75,51,92,76,14,7,11,13,10,15000000,676
Ahmet G√ºrleyen,Germany,193,93,24,45,35,61,67,79,49,35,60,35,51,39,60,57,52,64,91,50,55,34,71,63,62,27,34,31,32,39,33,6,7,7,5,9,85000,665
Amos Pieper,Germany,191,84,25,60,46,75,79,66,75,31,75,48,72,37,68,58,60,76,77,49,69,48,64,75,50,27,23,30,35,52,26,9,12,12,10,11,4200000,547
Luka Zahoviƒá,Slovenia,177,63,27,71,68,24,20,32,66,73,19,66,54,48,68,55,78,74,49,80,74,83,62,62,65,65,59,56,48,55,58,13,9,10,11,14,1100000,469
Max Stryjek,Poland,188,82,27,20,13,17,14,20,65,14,26,29,38,17,27,25,41,42,69,50,44,31,36,13,47,10,16,12,12,25,15,67,67,68,62,68,97500,680
Antony,Brazil,172,63,23,89,86,31,45,79,79,76,50,78,80,79,74,62,89,79,62,85,78,93,57,45,75,76,79,85,74,66,67,8,9,10,14,13,36000000,396
Alexander Weidinger,Germany,197,93,26,18,11,11,13,22,54,6,12,24,25,13,23,23,22,21,68,38,23,29,56,10,47,7,6,13,12,10,8,64,64,61,63,62,40000,337
Nicholas Hagen,Guatemala,193,85,27,20,10,12,11,22,56,6,6,40,38,14,20,21,37,25,59,21,25,40,56,13,45,5,5,12,10,15,9,63,62,61,60,64,40000,297
Sondre Auklend,Norway,172,67,20,61,65,35,30,51,41,57,30,62,58,47,60,54,76,68,50,83,73,69,57,39,56,55,49,49,40,44,44,5,6,7,13,10,27500,650
Tom Hamer,England,188,80,23,61,59,61,62,82,61,57,62,57,55,61,56,54,73,87,79,67,68,62,72,59,51,37,42,42,38,41,29,8,15,12,9,9,92500,110
Bruno Onyemaechi,Nigeria,183,80,24,62,64,71,73,60,63,44,65,44,55,55,68,51,70,69,76,57,72,51,71,53,65,25,60,59,40,42,27,12,15,6,14,14,1500000,91
Tammy Abraham,England,195,86,25,82,80,20,29,68,84,83,25,77,82,53,77,53,80,79,85,53,85,61,73,86,80,83,71,55,55,79,80,13,12,7,8,13,35500000,512
Musa √áaƒüƒ±ran,Turkey,181,82,30,63,65,59,63,72,63,64,61,49,67,62,62,60,59,58,74,61,43,59,83,65,80,50,74,71,69,66,52,11,9,11,8,7,40000,304
Kristoffer Khazeni,Sweden,185,77,28,64,63,42,45,51,50,60,42,63,61,58,65,63,78,69,66,69,75,66,58,48,61,55,59,62,52,49,56,8,6,8,15,13,25000,324
Adi Mehremiƒá,Bosnia & Herzegovina,189,85,31,51,61,63,64,68,54,45,64,41,60,47,58,54,67,53,83,46,66,47,57,64,36,23,41,31,30,42,30,10,7,15,14,6,47500,685
Sidi San√©,Germany,190,79,20,63,68,42,44,39,58,54,41,52,52,59,59,53,67,52,67,58,69,68,60,50,62,58,47,56,58,58,52,9,14,10,9,6,35000,232
Abo Eisa,Sudan,180,75,27,57,63,32,31,40,53,57,23,49,59,56,55,49,92,52,60,85,90,90,72,44,57,55,53,56,50,52,52,12,6,9,5,12,35000,98
Scott Flinders,England,193,87,37,18,11,15,13,28,58,11,27,48,50,13,40,41,39,36,66,45,29,42,65,14,47,16,16,16,11,23,14,58,61,58,62,60,600,397
Emiliano Viviano,Italy,195,90,37,22,18,12,10,18,66,10,10,60,64,12,36,37,16,33,65,40,18,22,70,13,52,17,18,14,16,21,13,72,66,71,69,68,4000,353
Theodore Rask,Sweden,189,84,23,52,45,58,59,53,54,20,57,32,50,25,50,46,59,53,64,57,53,54,73,55,41,28,32,23,27,28,25,8,6,12,12,11,21000,324
Bryan,Spain,170,67,21,67,65,38,32,39,53,60,23,56,48,65,60,63,71,54,41,80,67,60,42,42,74,65,57,64,56,71,70,12,10,11,5,9,65000,285
Cristo Gonz√°lez,Spain,178,69,25,71,70,26,39,57,65,71,29,67,68,54,67,60,76,65,62,73,72,80,71,59,68,69,67,66,51,56,61,9,11,9,13,13,1400000,480
Hayrullah Bilazer,Turkey,170,72,28,64,65,63,65,59,57,58,56,43,51,64,62,53,72,64,57,86,70,69,60,51,53,40,44,56,46,40,42,14,15,12,10,9,57500,280
Petros,Brazil,182,81,34,75,72,74,74,90,75,67,76,73,79,61,75,74,66,90,77,69,63,69,71,68,75,66,66,58,60,55,56,10,16,13,9,14,2600000,30
Reis,Brazil,174,69,30,71,74,17,22,44,61,67,27,63,56,54,67,59,83,67,45,82,78,85,72,51,64,63,53,53,65,66,63,14,14,8,16,6,1200000,339
Andrei Vlad,Romania,190,85,24,14,19,11,15,28,58,15,19,52,48,15,29,22,38,33,44,37,45,48,55,12,53,15,19,12,14,19,15,60,64,63,71,70,60000,245
Martin √Åd√°m,Hungary,191,87,28,69,55,21,22,57,52,80,22,43,65,38,63,39,65,58,89,48,59,52,67,73,77,77,68,61,43,73,74,12,14,8,6,10,2000000,319
Dav√≠√∞ Kristj√°n √ìlafsson,Iceland,184,69,28,59,58,55,61,62,59,52,56,68,55,67,61,55,74,81,70,70,77,67,62,51,58,44,48,60,61,44,44,6,7,14,13,5,57500,352
Jos√© S√°,Portugal,192,84,30,19,17,15,19,35,80,17,18,50,45,18,48,42,52,34,75,40,53,62,70,14,55,15,18,12,21,11,17,78,81,78,73,82,14500000,676
Constantin Budescu,Romania,186,82,34,74,70,29,30,48,67,71,25,77,80,71,75,75,52,48,65,72,35,52,40,40,79,70,73,85,75,72,64,12,13,14,14,13,1000000,229
Wang Peng,China PR,176,69,25,52,47,50,46,46,46,41,37,53,54,41,56,58,65,57,50,70,68,73,55,39,51,39,45,49,44,40,43,11,11,15,10,14,7000,291
Bertuƒü Yƒ±ldƒ±rƒ±m,Turkey,186,78,21,64,61,23,26,68,58,65,20,54,50,35,56,39,66,58,75,55,69,54,53,67,70,65,54,32,40,62,46,12,10,14,6,9,65000,304
Kobe Corbanie,Belgium,179,71,18,63,59,61,58,47,38,29,55,38,39,62,55,48,65,38,34,58,72,64,68,45,42,21,28,51,42,24,23,13,8,10,6,12,15000,520
Lu√≠z Carlos,Brazil,175,65,38,69,66,68,70,80,68,69,69,73,70,59,74,71,54,79,64,77,53,69,86,69,69,69,64,54,45,58,59,14,8,8,13,16,60000,459
Niclas Stierlin,Germany,182,80,23,61,55,64,68,68,61,42,60,55,58,50,62,53,69,72,75,67,68,64,77,62,63,52,62,36,39,37,41,11,10,8,9,6,62500,391
Kim Hee Seung,Korea Republic,184,81,20,53,48,42,46,62,50,53,41,55,43,39,56,50,61,68,66,56,62,59,57,48,52,30,40,37,34,39,35,9,13,12,10,10,9000,166
Roberto Piccoli,Italy,190,83,22,67,61,34,38,62,75,73,25,53,64,42,59,40,65,61,69,59,77,56,62,72,68,71,66,41,45,57,59,10,14,13,13,11,1700000,191
Tashreeq Matthews,South Africa,175,70,22,68,69,28,28,44,56,59,28,62,66,59,59,51,82,73,57,86,81,88,70,32,59,60,53,60,54,51,56,10,10,15,10,10,85000,326
Anton Bol,Ukraine,187,76,20,49,44,56,57,67,54,31,55,32,56,28,45,47,63,63,67,59,61,52,59,60,46,22,28,28,29,35,26,6,14,12,12,9,19000,186
Will Greenidge,England,182,70,21,47,45,54,55,50,55,41,52,39,45,50,48,39,67,58,69,54,59,55,71,49,37,30,30,48,39,40,31,14,9,6,10,6,11000,148
Georgie Kelly,Republic of Ireland,188,77,26,58,52,12,15,58,60,62,20,51,52,34,57,43,56,73,76,47,64,54,69,67,63,65,53,52,35,60,60,9,6,15,13,7,45000,519
Nasser Al Hadhood,Saudi Arabia,175,65,21,51,46,57,48,64,45,33,50,51,40,38,52,50,61,50,57,74,57,58,57,38,39,32,36,40,41,35,31,13,9,9,7,12,8000,32
Estev√£tinho,Brazil,178,74,31,71,63,35,33,44,52,64,23,78,62,74,73,72,42,49,66,70,45,58,66,49,49,54,73,63,68,44,49,8,10,9,12,12,82500,261
Tom King,Wales,194,80,28,28,8,20,17,23,56,12,13,45,42,9,35,43,40,32,73,57,44,39,52,18,46,6,17,9,6,26,18,63,64,63,61,64,45000,432
Sinan Bolat,Turkey,186,83,34,21,17,13,14,35,67,17,11,55,65,15,44,52,48,26,72,43,38,52,65,29,56,12,11,19,11,28,13,73,68,76,74,68,75000,349
Ransford-Yeboah K√∂nigsd√∂rffer,Ghana,182,78,21,69,72,35,42,43,56,67,38,65,62,56,66,55,85,66,59,82,87,80,87,60,62,68,59,58,34,58,47,6,15,10,9,7,1600000,298
Kyle Joseph,Scotland,185,73,21,64,65,20,13,27,62,65,18,47,53,43,56,42,76,66,63,66,75,70,78,59,62,66,57,38,36,56,59,6,12,8,8,9,67500,447
Vitaliy Mykolenko,Ukraine,180,71,24,66,54,77,76,59,73,41,72,52,59,76,72,55,75,77,57,67,77,69,66,66,47,44,53,60,32,35,46,9,9,8,14,14,8000000,197
Maxime D'Arpino,France,175,62,27,71,66,73,73,78,66,59,72,72,68,76,74,75,71,81,66,80,60,83,55,48,74,52,72,76,77,55,59,7,12,5,10,6,2900000,348
Iv√°n Angulo,Colombia,179,71,24,68,73,34,39,43,67,68,37,69,63,58,66,44,85,73,48,77,87,74,64,48,68,52,64,62,61,62,44,14,11,12,8,14,1600000,445
Alexander S√∏derlund,Norway,187,86,36,65,61,23,31,75,66,68,44,53,69,53,60,53,51,60,82,51,52,50,76,67,75,65,63,51,61,65,65,11,11,8,15,7,42500,250
Fabinho,Portugal,169,63,22,60,62,61,63,66,53,46,60,45,56,58,61,53,76,58,39,86,67,77,78,46,48,26,36,43,45,34,24,9,12,14,13,5,42500,540
Marius Broholm,Norway,176,69,18,57,55,55,54,52,43,46,50,50,53,48,61,56,62,54,42,67,64,69,66,44,56,46,44,47,44,45,40,8,7,13,5,14,9000,516
Stefan ≈†krbo,Austria,176,70,22,62,61,43,49,57,52,53,31,52,47,61,58,51,72,54,45,79,71,74,67,45,57,56,55,57,48,43,48,12,7,13,11,10,30000,660
Ca√±izares,Spain,186,81,21,28,8,12,14,26,58,6,7,22,44,12,60,49,27,30,54,37,39,45,58,11,50,9,9,10,13,18,7,59,62,66,66,56,32500,502
Sanoussy Ba,Germany,184,73,19,63,68,59,59,44,49,45,57,54,49,59,60,44,75,54,48,65,74,68,55,39,39,33,32,40,25,29,31,8,15,12,6,5,30000,484
Callum Talbot,Australia,175,74,22,59,58,55,59,58,51,53,53,53,55,54,56,53,79,71,63,74,81,76,64,54,45,43,36,54,35,32,27,10,5,7,5,11,35000,401
Munas Dabbur,Israel,183,78,31,77,77,27,37,39,80,80,19,69,77,50,72,62,64,75,74,74,52,76,90,76,75,76,69,74,66,63,74,15,13,12,10,11,5500000,613
Kim Moon Hwan,Korea Republic,172,64,28,70,68,62,65,64,63,65,62,55,62,63,67,61,89,84,56,79,84,85,62,48,57,52,57,63,32,45,43,7,8,8,8,9,1600000,340
Cristian Herrera,Spain,181,76,32,60,63,26,33,60,64,73,39,67,65,67,61,66,69,84,89,35,73,60,78,64,70,67,66,70,73,74,65,13,15,11,12,10,85000,629
Lee Gi Hyeok,Korea Republic,184,76,23,53,61,41,51,59,62,56,45,54,41,48,53,51,66,72,70,56,71,61,63,42,46,48,38,33,39,41,28,12,11,9,10,7,17000,339
Roberto Voican,Romania,175,68,20,58,51,49,37,35,48,61,40,48,58,55,62,62,63,43,43,60,62,60,55,40,46,39,42,59,39,49,40,6,15,11,5,12,10000,242
Jason McCarthy,England,186,80,27,61,62,61,63,70,60,58,61,55,59,62,59,57,68,83,76,68,74,67,75,59,60,53,51,56,63,51,41,8,9,13,11,10,85000,680
Bilal Njie,Norway,184,72,25,62,64,25,27,38,53,58,21,52,50,54,52,45,88,64,56,82,86,86,69,42,63,60,49,45,37,51,53,12,8,8,13,9,45000,250
Jes√∫s Navas,Spain,172,60,37,82,80,76,77,75,78,77,78,80,79,87,81,76,84,78,37,82,82,81,63,73,74,63,70,82,50,56,75,7,10,10,15,13,5500000,562
Daniel Eduardo Ju√°rez,Argentina,174,64,22,69,70,23,25,45,57,71,30,55,61,57,63,53,83,66,62,77,81,80,68,52,68,69,65,57,47,51,55,15,10,7,10,11,1100000,637
Rodrigo,Spain,182,77,32,78,79,38,43,64,79,80,33,78,78,77,77,65,77,75,67,74,77,77,76,76,84,77,76,83,67,77,75,11,7,13,10,5,12000000,374
Sebastian Mielitz,Germany,190,83,34,20,15,12,16,27,65,13,18,46,63,10,24,25,43,38,54,56,41,65,67,19,46,12,13,14,11,16,11,62,65,61,61,65,30000,644
Alcedo,Spain,179,75,22,49,63,67,68,64,64,51,59,43,44,60,37,33,70,58,59,67,68,59,59,53,29,32,38,36,37,48,35,6,7,8,5,13,42500,43
Mike van Duinen,Netherlands,185,75,31,66,63,55,43,67,65,71,40,58,68,62,63,59,71,81,72,62,70,66,82,64,66,64,62,49,40,68,63,11,8,10,7,12,85000,199
Gautier Larsonneur,France,181,70,26,24,22,12,20,25,69,17,17,25,52,18,32,30,51,38,59,65,53,60,70,14,54,19,12,15,11,21,20,72,72,71,72,74,2500000,16
Kevin Long,Republic of Ireland,188,83,33,56,52,69,70,75,66,48,68,50,66,38,59,55,52,34,78,49,47,55,77,72,56,29,27,38,32,32,26,8,8,14,7,7,95000,88
Othmane Boussaid,Belgium,168,62,23,73,73,47,51,54,66,54,43,67,64,66,68,65,82,80,32,82,75,91,68,30,71,57,64,74,53,52,61,11,7,6,8,10,1600000,239
Christian Gro√ü,Germany,183,75,34,65,62,71,73,78,69,57,67,63,73,52,69,61,54,69,69,64,56,55,71,64,55,53,54,37,53,63,33,16,7,8,6,12,70000,547
Wanderson,Brazil,172,60,34,66,70,54,55,67,64,72,56,64,62,62,63,55,87,74,69,78,90,78,80,53,64,62,64,45,58,60,53,10,12,10,7,8,1000000,470
Nolaskoain,Spain,186,82,24,68,67,66,71,61,62,65,68,65,70,55,70,69,52,60,75,55,49,65,72,70,55,65,54,44,45,49,48,8,11,11,7,14,1200000,531
Mateo Carabajal,Argentina,179,72,26,66,56,71,72,72,71,47,73,58,58,52,71,67,69,81,73,69,72,71,83,68,53,37,47,47,38,47,39,11,8,7,13,10,2300000,331
Alexi Pitu,Romania,177,71,21,72,68,29,30,48,60,56,25,64,67,66,65,63,82,72,45,81,79,80,56,46,66,56,56,72,64,50,45,12,9,8,9,14,1100000,96
Harrison Afful,Ghana,170,67,37,68,67,62,61,69,64,66,63,67,65,64,66,66,74,67,65,77,70,77,78,55,75,47,59,69,54,53,58,8,8,13,10,11,19000,136
M√°rk Tam√°s,Hungary,192,74,29,51,29,67,66,70,53,27,64,32,48,48,60,53,47,64,77,50,66,35,70,63,42,21,27,28,31,38,27,13,13,11,10,8,62500,560
Manuel Bald√©,Guinea Bissau,194,88,20,16,14,13,12,18,55,6,12,37,24,11,23,25,18,28,75,26,19,37,41,10,45,6,9,13,15,12,7,62,63,63,60,68,47500,240
S√∏ren Tengstedt,Denmark,187,82,23,65,64,19,17,40,58,58,15,50,53,52,57,50,76,59,66,60,77,67,65,52,68,60,49,51,58,53,48,8,11,12,9,11,40000,573
Preston Judd,United States,191,84,24,53,50,18,12,51,53,60,15,48,50,32,44,38,63,63,73,48,68,56,64,60,63,60,52,42,28,61,57,14,14,9,13,7,24000,362
Emre Kƒ±lƒ±n√ß,Turkey,174,68,29,71,75,43,57,52,71,68,61,68,69,64,69,65,78,81,51,78,68,86,38,38,72,67,75,68,50,67,49,14,15,6,11,14,2500000,390
Simen Kvia-Egeskog,Norway,176,73,20,57,63,24,25,31,45,51,16,46,45,48,56,49,74,55,59,77,69,75,48,40,59,51,34,40,38,56,40,6,6,14,10,14,16000,650
Mauro M√©ndez,Uruguay,179,77,24,69,60,31,29,32,57,74,31,58,51,64,66,61,74,62,80,80,69,54,47,71,71,74,61,56,64,68,61,9,12,9,14,10,1900000,195
Alessandro Bianco,Italy,173,63,20,64,60,63,64,59,59,38,54,57,54,48,70,71,61,49,35,81,55,59,62,59,61,37,49,41,42,48,40,7,5,6,10,10,27500,258
Isma,Guinea Bissau,184,78,32,64,65,16,19,56,60,63,24,57,70,59,64,53,65,66,80,61,74,66,70,67,68,64,60,61,50,56,60,6,10,13,14,9,60000,385
Lucas Mart√≠nez Quarta,Argentina,183,78,27,72,68,75,77,82,70,52,72,68,79,64,76,74,55,73,79,65,69,73,86,80,65,50,59,57,49,66,51,10,10,15,12,15,7000000,258
Dami√°n Musto,Argentina,183,80,36,61,57,63,75,81,67,59,74,59,68,54,62,74,33,66,78,55,48,44,68,68,69,34,65,35,50,39,32,14,11,14,9,9,45000,212
RƒÉzvan Ducan,Romania,192,82,22,15,12,20,23,26,53,10,15,48,35,12,25,21,27,21,52,26,22,38,45,21,41,10,12,13,11,14,15,60,66,57,55,62,30000,211
Mat√≠as Lacava,Venezuela,167,62,20,65,70,25,28,33,62,67,22,66,50,63,65,60,73,70,44,73,75,70,44,36,51,64,56,43,50,56,48,13,14,6,11,10,1100000,240
Matthew Jurman,Australia,190,85,33,45,45,57,59,77,52,23,62,45,55,55,58,57,49,68,82,36,34,52,71,60,53,41,34,30,29,37,25,12,8,16,14,16,25000,426
Simone Rabbi,Italy,180,73,21,63,62,38,34,50,57,57,33,48,49,51,61,45,64,51,58,66,62,52,63,58,55,63,58,44,40,63,47,14,9,7,9,12,27500,539
John Ross Wilson,Republic of Ireland,182,76,24,53,53,56,57,58,50,53,50,50,49,54,55,46,55,62,59,57,55,55,68,53,48,41,34,50,41,46,29,13,6,9,11,7,17000,570
Arthur Desmas,France,196,87,29,19,15,11,17,20,62,9,14,41,32,18,23,20,37,24,60,37,35,26,32,12,53,18,17,16,10,18,14,67,72,70,70,71,1100000,305
Tristan Muyumba,France,165,60,26,65,61,61,65,63,62,54,62,66,65,47,67,62,76,74,62,92,74,72,68,51,55,39,43,46,42,51,43,6,6,11,6,14,70000,192
Baltasar Barcia,Uruguay,182,72,22,60,63,43,53,59,66,59,69,66,57,51,61,67,72,75,48,57,76,71,60,52,56,62,64,56,59,43,70,14,13,8,15,13,67500,330
Morgan Boyes,Wales,179,69,22,58,56,59,60,57,58,48,60,47,44,55,55,53,70,60,66,80,61,70,64,52,45,31,35,51,42,50,34,10,6,5,7,6,23000,385
Marcel Mansfeld,Germany,194,85,22,56,54,30,35,55,50,53,29,50,56,40,58,48,58,60,73,63,61,56,65,63,55,60,50,45,51,58,52,10,6,7,6,11,20000,187
Gustavo,Brazil,189,83,29,68,67,24,21,80,67,74,19,50,68,41,56,44,75,60,88,56,77,62,86,77,73,77,60,45,43,68,73,16,14,10,9,10,3100000,340
Renzo Sanchez,Uruguay,170,64,19,64,66,30,34,30,59,65,31,56,47,63,59,57,77,54,59,58,73,73,64,58,62,60,61,43,45,55,59,13,13,9,9,14,60000,421
Jhondly van der Meer,Haiti,183,74,21,44,32,64,68,68,44,20,64,31,48,34,42,38,63,54,73,57,51,49,81,54,30,20,22,28,24,39,29,10,7,13,9,8,40000,525
Bruma,Portugal,173,70,28,76,82,28,27,56,66,70,38,68,65,70,68,61,91,64,56,87,88,90,74,53,75,71,70,77,70,68,62,12,11,13,8,8,6000000,524
Sandi Ogrinec,Slovenia,183,72,25,68,70,56,44,62,69,66,51,67,51,53,73,74,70,73,62,72,69,66,67,56,59,58,57,51,48,49,49,8,9,14,10,9,1400000,660
Paulo Henrique,Portugal,180,76,26,64,61,65,67,63,61,54,65,55,62,68,66,59,71,71,73,60,72,61,60,47,66,40,52,67,66,59,40,7,12,7,8,7,1200000,554
Franklin Nyenetue,Norway,175,70,22,61,60,24,28,32,51,55,23,53,47,54,51,39,85,58,60,82,83,81,53,31,54,56,46,48,39,56,49,13,13,8,10,10,30000,553
Jonathan Schmid,France,179,79,33,75,76,71,68,77,73,64,70,69,72,81,75,69,68,70,76,79,67,73,65,56,77,56,68,84,84,62,62,10,15,7,7,8,2400000,526
Bryant Bilongo,England,180,62,21,37,54,57,63,54,54,51,47,34,37,49,28,25,64,64,38,73,64,51,57,48,24,28,30,32,28,34,30,10,10,12,7,12,13000,403
Robbie Hemfrey,Scotland,185,80,21,19,13,12,14,23,38,7,12,33,27,10,21,18,26,23,47,44,27,22,59,11,38,5,7,12,13,12,8,48,50,57,51,49,5000,519
Dani Morer,Spain,166,61,25,65,61,61,62,59,57,61,62,60,55,62,63,58,74,70,58,75,76,70,73,51,48,47,52,64,42,39,39,13,15,12,5,6,75000,203
Edgar Babayan,Armenia,180,73,27,68,67,38,40,65,57,64,42,65,66,62,62,58,81,65,64,76,80,74,56,50,62,55,58,60,50,62,54,13,14,16,12,16,92500,496
Luka Joviƒá,Serbia,181,85,25,78,76,16,26,62,80,81,23,70,76,67,72,61,72,69,78,78,76,73,76,79,82,78,75,77,56,66,83,9,8,7,12,13,16500000,258
Grego Sierra,Spain,184,74,30,65,51,67,69,54,69,57,69,61,55,30,63,60,52,66,77,63,53,50,60,65,49,53,51,26,39,33,31,9,11,6,7,9,85000,108
Chuca,Spain,181,69,26,68,62,48,52,42,63,61,55,65,60,49,68,62,56,55,57,69,55,70,53,55,61,55,72,60,68,48,40,12,10,13,14,8,65000,404
Luke Badley-Morgan,Jamaica,186,79,19,42,38,53,55,52,49,35,54,40,47,40,44,34,65,56,59,50,62,58,67,51,31,30,21,35,20,35,32,13,12,8,14,9,10000,600
R√©my Riou,France,189,81,36,23,12,12,13,29,69,18,28,42,48,14,48,34,45,32,75,51,53,39,61,12,49,11,13,13,15,23,13,70,69,66,65,68,24000,439
Gideon Tetteh,Republic of Ireland,175,68,18,48,54,32,33,36,45,49,35,52,45,48,53,41,68,59,39,60,66,69,63,45,47,55,47,42,25,51,40,7,13,12,14,13,9000,564
Bartosz Bida,Poland,175,66,22,61,60,12,15,61,54,60,19,57,44,58,62,42,87,51,54,77,80,78,57,53,69,66,51,42,35,60,42,5,11,14,14,7,57500,336
Mihai E»ôanu,Romania,188,75,25,15,14,14,14,33,58,8,9,42,36,13,27,23,32,28,52,50,20,28,60,16,47,6,5,15,12,15,9,58,64,56,63,68,35000,10
Joshuando S√°,Brazil,182,81,27,68,63,74,76,71,72,61,74,49,65,74,72,61,70,72,76,58,75,61,47,70,44,41,42,51,52,53,46,9,7,10,13,15,5500000,555
Rasmus J√∂nsson,Sweden,192,73,33,68,67,34,36,34,67,69,35,67,68,60,66,53,69,78,74,37,69,72,33,56,67,63,61,59,59,57,59,13,12,10,12,10,67500,310
Bla≈æ Kramer,Slovenia,191,87,27,64,63,25,29,64,54,64,32,61,63,45,58,53,71,45,83,65,75,65,80,68,74,64,58,55,33,66,59,13,11,7,13,14,95000,375
Nahuel Meriga,Uruguay,179,74,31,67,62,50,60,44,65,58,53,65,52,55,72,68,66,63,55,66,62,63,52,40,56,60,55,41,48,50,44,12,6,12,9,9,67500,662
Kristof D'Haene,Belgium,168,63,33,70,73,66,67,74,69,63,69,62,73,76,67,68,78,85,44,91,66,82,75,28,71,55,58,54,52,53,54,12,7,16,14,14,1100000,346
Kahraman Demirta≈ü,Turkey,184,77,29,59,61,67,62,62,59,51,63,36,45,58,59,56,69,67,72,64,70,63,74,68,30,33,28,51,37,41,33,14,13,6,10,13,50000,359
Gustav Henriksson,Sweden,188,80,25,57,43,63,65,68,62,34,66,39,63,58,67,64,64,50,76,61,64,45,82,67,46,32,50,34,28,37,44,11,11,12,8,10,85000,322
Borja Sainz,Spain,178,75,22,68,69,37,33,61,65,66,42,65,59,63,65,60,80,70,46,74,75,74,33,34,55,68,42,62,58,66,58,9,11,5,7,11,1600000,280
Alex Sandro,Brazil,180,80,32,81,79,77,79,79,77,69,75,72,78,82,75,66,71,79,77,76,79,69,78,73,78,55,72,78,56,60,68,12,7,7,9,5,15500000,342
Nesta Guinness-Walker,England,183,70,23,63,66,58,58,55,54,60,56,57,56,63,62,54,82,70,65,54,84,70,74,50,48,35,22,56,40,32,25,14,9,8,13,15,77500,499
Saeed Juma,United Arab Emirates,174,70,25,58,54,61,62,73,59,47,64,49,58,56,57,53,76,75,72,76,77,59,87,57,59,35,29,51,32,36,42,6,12,15,13,5,75000,28
Tom√°s Lezcano,Paraguay,180,84,31,57,53,60,62,48,59,45,57,32,53,63,56,42,71,70,56,72,73,66,59,59,28,28,29,43,29,36,29,10,7,7,6,9,42500,284
Marvin Ajani,Germany,188,86,29,59,60,54,55,71,61,59,49,52,58,54,58,50,87,80,77,64,94,67,63,56,62,52,54,58,47,48,44,14,15,16,9,6,47500,391
David Stec,Austria,178,72,29,60,61,62,61,60,55,57,57,45,50,68,58,51,74,72,70,71,72,70,70,48,58,47,47,67,32,40,23,9,8,15,14,7,52500,373
Mehdi Zerkane,Algeria,186,72,24,74,74,55,62,67,68,68,60,68,67,63,72,67,60,62,66,59,65,70,68,66,64,59,60,70,49,65,57,14,7,5,8,15,1600000,435
Rick Meissen,Netherlands,193,84,21,47,42,59,60,53,57,26,61,30,56,29,55,48,51,63,81,60,53,42,73,64,41,30,32,31,36,46,33,9,8,9,14,12,32500,583
Basti√°n Pino,Chile,175,76,21,45,55,54,56,54,54,56,61,30,56,52,34,28,68,61,58,73,68,64,61,40,27,22,25,32,30,36,20,5,13,13,8,11,17000,686
Frankarlos Ben√≠tez,Venezuela,184,70,19,15,9,14,14,28,35,5,10,29,30,14,17,16,34,30,54,53,29,32,58,10,47,12,13,12,11,16,11,54,62,62,63,59,15000,124
Yannick Carrasco,Belgium,181,73,29,85,89,61,64,65,79,80,47,80,84,80,80,74,87,75,61,70,88,86,71,55,84,81,82,86,80,79,74,10,9,11,9,10,42500000,67
Elliot K√§ck,Sweden,173,68,33,63,61,57,59,57,58,51,52,56,58,59,60,55,73,73,57,81,79,71,72,53,65,37,57,63,63,39,45,12,8,7,13,13,27500,180
Igor Silva,Brazil,173,66,27,72,72,63,67,63,62,67,65,58,56,68,64,64,76,74,59,80,78,80,64,58,69,44,60,64,52,44,53,6,11,12,14,8,1600000,222
Constantin Reiner,Austria,196,92,26,52,32,63,68,70,58,35,64,56,48,42,65,58,34,63,89,31,47,32,35,70,46,22,28,24,26,27,23,12,12,11,13,6,85000,465
Joshua Laws,Australia,183,75,25,56,48,61,62,66,56,48,62,53,51,45,59,56,64,64,73,55,62,54,71,60,49,30,28,30,34,30,30,6,6,12,7,6,40000,666
Konan N'Dri,Ivory Coast,174,73,22,70,74,53,54,70,56,61,54,53,63,61,64,62,90,69,62,85,87,88,68,57,77,58,63,56,48,51,60,14,6,11,5,6,1400000,344
Layan Loor,Ecuador,170,65,22,66,68,60,64,55,66,66,59,60,59,70,67,60,81,66,66,60,83,75,55,44,63,54,55,49,55,62,47,9,5,13,9,13,1100000,626
Fatih Kaya,Germany,183,81,23,65,66,19,20,44,60,67,13,53,58,41,54,32,81,58,71,70,71,73,79,56,59,67,57,35,33,63,50,13,15,9,11,11,70000,540
Denso Kasius,Netherlands,183,69,20,64,64,61,59,61,56,57,55,51,46,65,66,58,66,54,60,54,69,61,55,51,58,35,44,49,47,32,42,7,10,6,10,7,40000,535
Memo Rodriguez,United States,173,65,27,69,70,46,43,51,62,64,56,66,66,71,67,62,64,72,56,82,60,78,62,53,73,60,71,68,62,38,45,10,13,13,9,8,92500,362
Rodrigo Chagas,Uruguay,176,66,20,64,65,61,59,56,59,62,54,63,52,60,62,58,76,71,60,68,75,73,55,54,61,58,59,59,53,54,46,6,12,10,11,6,40000,421
Andrea Bertolacci,Italy,179,72,32,76,74,70,71,75,69,74,70,72,75,71,74,74,57,63,61,77,53,70,61,64,75,65,74,70,64,56,69,7,7,8,7,9,1900000,353
Endre Botka,Hungary,178,77,29,61,48,76,72,78,64,42,70,32,56,69,61,42,72,55,74,59,70,56,66,68,41,38,28,46,28,41,21,6,12,11,11,5,1500000,255
Martin Olsson,Sweden,180,78,35,64,64,65,66,74,65,51,64,67,69,73,63,60,59,66,74,65,67,61,76,60,73,55,64,66,59,66,65,9,11,9,7,12,37500,393
Gonzalo Montiel,Argentina,175,70,26,73,74,75,76,87,76,77,78,70,75,73,72,66,84,93,72,75,83,82,80,71,68,58,61,64,39,80,43,5,6,10,11,6,17500000,562
Kerrin Stokes,Australia,186,82,20,45,40,53,56,58,48,22,48,36,48,39,50,48,55,62,75,52,60,53,69,48,38,21,17,34,28,32,19,12,9,12,10,11,12000,401
Andreas Landgren,Sweden,176,74,34,61,57,63,63,75,63,61,60,62,65,61,63,62,66,70,71,74,55,60,77,63,63,45,60,53,45,57,51,14,8,14,16,9,35000,310
David Raum,Germany,180,75,25,77,79,74,75,69,78,59,76,78,75,86,73,71,86,87,76,77,85,77,63,59,64,57,65,81,63,49,52,12,11,8,14,6,22000000,484
Vangelis Pavlidis,Greece,185,82,24,76,77,37,44,74,76,77,24,63,75,57,72,66,74,83,81,70,76,70,81,76,79,78,74,67,52,68,73,13,13,11,10,14,12500000,18
Stefan Kutschke,Germany,194,89,34,59,49,28,53,81,68,69,20,50,72,38,53,34,39,68,92,32,72,45,65,75,73,67,61,37,36,66,59,14,9,11,11,10,55000,185
Dinei Peixo,Brazil,167,66,27,72,74,59,56,88,70,70,51,69,65,74,68,65,74,78,68,73,73,75,68,67,70,66,62,68,66,65,59,15,6,16,16,15,2000000,154
Sadegh Moharrami,Iran,174,71,27,68,64,72,70,61,63,55,70,57,56,63,62,55,85,77,47,84,81,75,80,56,34,26,27,39,27,38,21,14,6,13,7,9,1900000,179
Nathan Tjoe-A-On,Netherlands,191,80,21,58,59,63,65,56,59,49,60,42,46,62,59,48,70,67,71,47,80,54,62,48,49,31,44,52,33,42,35,14,13,13,6,11,60000,199
Leonardo Mancuso,Italy,182,77,31,73,72,20,22,50,72,75,36,66,68,62,62,57,72,82,67,80,78,81,70,64,70,70,64,63,41,70,68,13,5,12,10,11,1600000,153
Filippo Bandinelli,Italy,180,74,28,75,71,70,72,68,73,70,72,70,73,66,75,73,73,79,69,80,68,72,70,68,76,68,75,64,66,61,75,15,10,9,7,7,3200000,191
Jusef Erabi,Sweden,183,84,20,57,56,22,24,51,53,57,23,56,54,34,55,39,69,59,67,58,71,56,58,47,54,55,52,35,30,56,44,15,8,12,7,10,16000,299
Felix Platte,Germany,190,86,27,68,62,17,21,63,68,72,22,57,63,38,64,50,66,61,86,58,87,56,69,70,71,72,60,61,38,55,68,14,11,13,14,15,2100000,528
Oswaldo Avalonez,Uruguay,186,72,31,14,10,15,15,26,64,7,12,28,35,11,20,17,29,20,42,38,30,30,47,11,47,5,11,14,13,15,6,62,65,60,62,66,40000,133
Jin Yangyang,China PR,189,91,30,40,34,60,61,59,51,25,60,34,45,29,45,39,54,61,85,45,54,71,75,63,37,30,19,28,29,38,22,14,7,9,10,13,27500,567
Turki Baljoush,Saudi Arabia,186,80,19,14,6,14,14,25,32,4,11,26,26,12,18,27,34,22,65,45,31,28,57,11,38,9,8,12,12,12,9,51,53,49,50,53,3500,196
Tom Davies,England,180,70,25,77,76,69,74,84,72,67,68,75,76,66,78,75,66,70,65,69,64,63,56,61,70,64,67,64,61,49,42,14,11,12,9,10,4800000,197
Alan Medina,Uruguay,170,74,25,77,75,38,45,50,66,65,47,68,69,58,71,65,78,61,59,76,69,71,49,63,61,71,77,82,71,68,64,7,9,7,8,6,2200000,384
Rene Renner,Austria,182,69,29,65,67,62,65,73,65,60,63,64,67,67,66,63,81,82,53,72,81,76,81,64,64,62,58,62,43,63,57,9,7,8,13,13,1300000,364
Manuel Zeitz,Germany,181,79,33,60,57,66,65,71,63,48,65,55,64,49,63,63,55,88,72,66,52,51,73,65,66,47,59,51,43,56,56,7,9,9,15,13,60000,548
Freddy Winsth,Sweden,176,67,33,60,56,62,62,68,64,43,58,43,55,56,58,52,68,71,64,68,69,62,65,44,42,27,25,35,39,37,36,10,12,13,15,11,35000,325
Ezri Konsa,England,183,77,25,74,70,79,80,75,80,50,79,58,79,51,74,72,71,72,78,69,82,63,78,78,58,34,32,37,38,38,35,13,14,8,11,9,17500000,60
Gyasi Zardes,United States,188,80,31,67,69,30,50,62,70,76,37,59,64,41,60,45,79,80,77,50,86,76,85,66,77,70,64,60,39,68,65,14,11,7,11,11,1800000,69
Kwon Soon Hyung,Korea Republic,176,70,37,65,61,52,55,59,67,64,65,69,63,66,66,65,39,31,59,69,39,60,61,49,69,59,65,67,67,53,61,10,8,11,13,15,15000,559
Nelson Khumbeni,England,171,72,20,50,48,46,47,50,55,39,43,40,38,35,58,44,57,60,49,79,60,54,64,40,45,31,28,33,31,41,27,13,8,7,7,8,4500,95
D√©iber Caicedo,Colombia,168,69,23,72,78,30,45,52,66,68,34,67,71,64,69,60,85,68,46,91,84,90,54,38,66,66,64,68,66,60,63,15,14,11,9,7,1900000,670
Odilon Kossounou,Ivory Coast,191,81,22,69,66,77,78,73,70,44,77,57,65,58,69,69,74,76,81,56,77,63,74,76,52,26,24,33,23,32,28,10,5,8,6,6,7500000,378
Ricardo Santos,Portugal,196,100,28,49,51,66,68,73,65,39,66,42,65,35,55,44,70,84,93,34,66,49,50,65,56,38,27,40,29,38,29,9,8,14,14,16,1100000,95
Ali Hazazi,Saudi Arabia,182,71,29,68,69,62,66,66,60,53,61,63,72,53,70,67,63,68,68,68,63,63,76,64,52,43,37,45,36,44,32,11,14,10,8,14,75000,196
Lilian Egloff,Germany,182,81,21,67,69,40,46,56,62,62,37,68,59,59,67,61,69,54,69,77,65,73,56,33,58,61,42,54,39,53,48,10,11,8,15,5,77500,645
Lilian Raillot,France,189,78,19,53,57,57,56,63,58,44,54,43,48,45,63,58,61,49,66,54,63,59,63,54,56,35,33,41,42,42,35,14,10,14,13,6,15000,225
L√°szl√≥ B√©nes,Slovakia,181,72,25,77,74,50,54,52,72,66,49,76,60,78,79,77,67,70,61,77,55,76,59,38,78,64,76,78,77,63,75,9,12,10,9,9,3500000,298
Elias Damergy,Tunisia,186,74,20,14,12,10,13,26,57,8,6,37,37,10,17,18,38,28,66,33,32,46,54,12,39,5,5,10,10,14,6,57,61,58,52,62,20000,594
√Ålvaro Garc√≠a,Spain,167,61,30,73,75,32,45,33,74,74,22,70,69,72,75,71,92,73,31,93,91,89,92,57,68,73,63,65,50,55,49,10,11,8,10,14,10500000,498
Sam Curtis,Republic of Ireland,180,80,17,59,57,57,59,63,52,48,53,46,53,47,56,49,66,64,59,60,63,63,70,56,30,37,24,35,26,39,29,7,13,7,7,13,18000,591
Paulo Eduardo Ferreira Godinho,Brazil,188,84,21,46,39,64,68,47,60,25,63,34,46,34,58,62,54,63,80,43,54,42,47,57,50,30,31,33,30,45,35,7,13,5,8,8,47500,554
Isaac Success,Nigeria,182,90,27,76,77,24,33,45,74,74,30,64,69,73,69,57,69,62,77,69,76,67,78,69,80,74,58,59,54,68,58,8,8,15,14,10,4700000,632
Kim Joo Won,Korea Republic,185,83,32,62,57,62,65,66,58,33,60,33,61,62,57,44,67,48,68,61,67,65,76,49,36,23,22,43,23,40,27,9,11,8,8,7,27500,339
CJ Hamilton,Republic of Ireland,185,74,28,65,64,54,54,56,59,63,57,62,59,66,59,53,90,74,63,63,91,70,63,54,71,56,59,54,44,58,52,15,15,10,7,14,1100000,90
Henrikh Mkhitaryan,Armenia,177,75,34,85,82,55,53,72,82,80,60,84,84,77,79,71,86,80,69,83,79,84,66,68,84,78,77,81,66,72,79,5,5,11,14,7,16000000,332
Pedraza,Spain,184,73,27,76,77,75,77,69,75,75,72,69,66,76,74,68,79,82,75,68,82,76,69,67,78,72,69,74,57,64,63,7,12,6,14,12,14000000,653
Hugo Guillam√≥n,Spain,178,62,23,73,59,75,76,72,71,35,73,69,67,55,78,75,60,75,68,67,55,62,75,72,57,55,48,53,38,70,45,13,13,11,13,13,6000000,640
Pape Ibnou Ba,Mauritania,174,68,30,65,64,19,20,39,62,64,20,66,59,47,54,36,71,76,80,80,75,68,68,65,72,62,64,49,52,68,62,10,13,5,8,9,85000,458
Florin Bejan,Romania,187,84,32,53,37,63,65,74,61,29,62,27,49,27,61,40,50,65,81,39,38,49,85,66,40,33,23,29,30,42,23,6,8,11,11,13,50000,220
Emiliano Vecchio,Argentina,177,84,34,75,76,59,62,56,71,74,64,80,73,75,79,74,69,66,78,72,66,67,57,63,75,70,76,75,75,71,69,10,9,16,8,7,3500000,493
Domenico Berardi,Italy,183,72,29,88,85,30,30,85,84,82,25,83,78,77,85,79,82,74,64,87,82,92,65,62,83,82,80,78,75,76,78,5,5,6,5,6,45000000,558
Dejan Petroviƒç,Slovenia,179,75,25,70,65,55,58,66,66,62,66,72,63,64,71,73,71,73,67,74,68,71,70,46,62,51,60,52,58,44,39,6,11,7,10,6,1200000,535
Aaron Pavecillo,Bolivia,178,75,27,37,20,75,68,65,59,23,65,26,57,49,54,43,44,68,64,65,42,45,65,52,52,18,47,15,43,47,23,12,15,15,16,12,45000,521
Ataberk Dadakdeniz,Turkey,194,84,24,19,13,11,11,21,54,6,13,34,39,10,22,17,32,25,60,42,28,44,38,13,44,9,6,10,11,17,9,58,63,61,58,65,35000,51
Ryley Towler,England,187,77,21,60,57,56,61,64,56,38,57,51,60,42,62,57,64,59,68,62,64,55,63,62,53,30,31,40,38,53,28,6,15,14,15,8,24000,474
Eric McWoods,United States,179,79,27,49,57,18,14,62,46,53,17,46,40,32,40,26,76,58,70,64,77,67,76,56,55,55,52,32,29,62,44,13,13,7,9,8,14000,257
Ilmari Niskanen,Finland,177,78,25,67,66,31,35,45,57,60,40,58,58,66,64,51,77,67,64,81,75,77,63,41,66,58,64,67,65,49,53,10,15,12,15,13,82500,184
Rayan Al Johani,Saudi Arabia,177,71,22,47,50,19,14,27,51,50,19,46,51,26,40,32,61,59,47,73,57,57,69,52,53,51,45,31,34,50,45,6,10,13,12,5,6000,39
Ross Sykes,England,196,73,24,58,56,63,66,72,63,56,67,51,61,48,57,61,40,72,85,40,51,33,63,72,55,53,31,51,28,39,30,14,12,9,15,7,1200000,481
Manuel Gulde,Germany,184,80,32,60,52,74,75,69,73,39,76,42,70,47,61,55,63,64,76,65,74,55,81,75,50,36,34,45,30,44,54,16,10,10,6,15,2900000,526
Leandro D√≠az,Argentina,180,85,31,71,67,16,23,56,68,74,22,69,63,58,67,56,68,72,80,59,69,73,88,77,77,79,63,72,44,71,54,16,10,13,12,13,3000000,369
Benjamin Hansen,Denmark,189,78,29,60,37,67,70,65,68,24,67,34,50,26,60,60,58,75,81,47,65,51,77,67,41,23,25,24,21,32,23,7,11,11,9,6,1200000,411
Marcelo Lopes,Cape Verde,177,67,29,64,63,24,25,47,60,57,18,62,62,61,63,61,82,67,52,68,83,80,42,33,62,56,56,52,37,52,57,11,13,11,8,5,72500,242
Cho Soo Hyuk,Korea Republic,188,83,36,15,13,15,14,18,57,13,12,54,61,12,12,13,31,21,65,45,37,69,57,15,45,14,11,18,14,20,13,60,60,61,60,58,2500,633
Nahuel Bustos,Argentina,176,64,25,73,75,31,29,62,73,75,27,63,75,65,71,60,79,76,68,86,78,82,72,63,76,74,72,73,68,71,63,14,11,14,10,12,3600000,615
Francisco Gonz√°lez,Argentina,170,70,22,70,73,23,25,31,51,58,23,65,56,67,65,61,79,67,40,78,80,74,41,27,67,62,67,65,60,55,61,5,6,6,10,11,1200000,428
Kylian Ka√Øbou√©,France,182,65,25,60,58,64,62,67,58,56,61,61,58,61,64,61,62,71,62,70,72,68,65,59,61,53,51,65,66,62,48,6,7,15,15,8,40000,523
Damjan Bohar,Slovenia,172,69,31,66,66,28,30,73,55,64,34,65,55,66,66,62,76,73,59,70,77,80,51,43,66,65,65,65,47,58,45,9,11,12,13,10,97500,681
Oh In Pyo,Korea Republic,178,68,26,61,63,31,34,48,50,64,34,54,52,58,56,42,66,69,60,77,66,60,55,53,60,65,55,43,36,60,45,15,13,10,11,12,37500,605
Axel Bamba,Ivory Coast,185,89,24,61,51,61,62,69,67,44,66,55,66,52,60,54,71,63,88,51,82,56,67,55,41,27,35,36,29,44,28,14,6,11,11,9,87500,480
Matteo Prati,Italy,185,75,19,54,53,52,52,54,52,51,48,48,43,34,58,57,64,64,63,58,66,50,57,49,57,37,56,39,32,41,41,6,15,13,12,9,11000,539
Conor Kearns,Republic of Ireland,188,76,25,25,7,13,14,25,50,6,7,51,52,10,39,36,30,36,51,34,31,33,48,10,41,9,5,13,13,18,6,57,59,51,54,59,14000,570
David Sim√£o,Portugal,183,74,33,69,69,66,70,74,66,67,64,75,70,68,77,72,63,65,67,62,66,73,71,58,70,60,67,73,75,71,67,16,11,16,8,14,1300000,57
Jan Olschowsky,Germany,184,83,21,10,12,11,11,23,50,8,11,50,38,14,26,30,22,16,42,44,17,30,78,13,51,6,7,13,10,15,9,68,68,65,68,66,70000,388
Gavin Kilkenny,Republic of Ireland,170,64,23,68,63,61,63,63,63,56,63,67,64,54,70,71,64,69,46,73,59,70,54,41,58,50,57,60,48,50,45,8,12,8,6,9,90000,137
Jo√£o Gra√ßa,Portugal,177,70,28,67,66,50,60,50,66,60,63,62,55,59,69,65,66,70,61,72,67,68,56,52,68,46,55,44,64,49,46,12,11,12,12,11,75000,508
Iroy Eckenfelder,France,174,70,22,58,60,22,24,35,49,58,20,56,55,51,59,48,69,58,59,69,69,57,64,57,65,62,60,47,39,61,38,13,5,11,5,15,27500,204
Pervis Estupi√±√°n,Ecuador,175,78,25,72,73,79,80,74,74,52,76,56,65,80,79,62,78,76,75,73,79,74,72,75,41,48,42,59,36,69,38,7,14,7,14,7,18500000,103
Ehsan Haji Safi,Iran,178,81,33,69,69,65,65,66,70,68,65,68,66,74,71,70,72,68,73,81,71,70,67,65,76,56,73,70,69,62,54,13,10,8,12,12,1100000,8
Carleto Costinha,Brazil,175,69,31,74,71,38,52,42,64,71,43,70,73,72,75,63,86,64,53,78,79,78,58,47,61,68,51,71,73,77,61,14,8,14,11,9,1800000,261
Reece Brown,England,175,78,27,65,66,56,60,58,64,64,64,67,69,60,65,63,82,80,62,82,78,84,74,50,63,60,63,63,62,59,53,13,16,10,13,7,77500,262
Marvin Tshibuabua,France,190,77,21,51,41,58,60,71,59,24,63,36,58,32,56,53,54,55,75,53,51,44,62,64,53,25,34,31,35,32,34,7,9,10,12,8,40000,490
Maxime Le Marchand,France,185,77,33,70,62,71,73,71,69,30,72,65,74,70,72,74,55,59,70,63,63,61,76,73,56,35,33,45,40,42,38,7,13,13,15,15,1500000,601
Jaume Costa,Spain,171,62,35,76,70,74,73,83,75,66,77,57,69,75,75,67,71,69,63,77,70,70,69,69,75,57,64,67,59,56,38,10,10,11,16,14,2800000,489
Ivan Durdov,Croatia,194,86,23,61,53,22,18,55,65,66,23,43,48,22,58,46,67,63,82,42,64,53,66,76,62,68,59,36,35,58,42,10,7,9,7,11,85000,348
Graham Zusi,United States,178,73,37,69,68,64,65,65,61,71,67,73,74,70,75,73,57,77,71,78,53,61,66,55,80,58,70,80,72,73,70,13,14,9,15,12,32500,587
Harry Brockbank,England,180,73,24,56,54,60,60,49,58,45,58,43,49,53,53,44,61,68,71,69,63,62,79,58,42,17,22,34,26,39,27,14,9,14,8,12,25000,591
Vladimir Screciu,Romania,181,74,23,59,47,67,68,71,67,38,67,58,64,41,65,66,79,70,73,70,73,69,81,66,44,33,45,32,36,39,30,11,8,9,7,9,1200000,636
Juan Canderio,Colombia,175,70,31,73,64,46,52,60,75,74,65,71,76,58,68,65,62,52,54,78,71,72,44,54,58,70,68,62,41,55,59,7,12,12,16,8,1500000,49
Adryan Zonta,Brazil,172,68,31,72,77,69,72,69,82,69,74,64,74,81,81,71,92,91,73,78,93,81,75,66,73,59,73,70,66,65,64,10,12,15,9,14,22000000,100
Sebastian Mai,Germany,195,91,29,55,49,63,68,87,62,58,60,45,65,31,53,56,34,64,93,31,50,33,43,73,74,55,48,22,30,55,44,9,12,13,6,14,87500,391
Gianfranco Ch√°vez,Peru,180,74,25,68,48,63,65,71,65,28,75,46,63,31,63,49,63,67,73,61,60,53,77,65,29,24,34,28,30,31,21,12,14,8,11,14,1200000,586
Matthew Pennington,England,185,77,28,54,49,64,65,66,56,31,66,42,54,58,63,53,63,68,78,58,67,50,85,67,44,30,26,51,34,48,36,12,12,12,7,11,80000,572
Jo√£o Mendes,Portugal,183,76,28,66,68,44,60,57,64,60,57,67,59,61,70,71,64,50,74,62,68,59,61,48,60,54,56,55,37,52,35,10,12,5,10,12,75000,269
Dominik Kohr,Germany,183,80,29,73,69,75,79,90,77,52,78,67,76,42,74,66,74,82,77,69,88,67,78,74,77,58,67,51,48,47,45,10,6,11,9,7,9500000,3
Wout Weghorst,Netherlands,197,84,31,79,65,38,63,85,81,80,34,67,81,42,75,51,53,81,90,42,63,62,79,90,84,78,70,40,48,71,80,16,11,9,14,12,17500000,396
Benjamin Tetteh,Ghana,193,91,26,72,73,27,24,67,66,73,24,65,64,54,69,52,76,68,90,54,82,66,65,74,71,71,60,53,41,63,61,10,10,9,6,12,2700000,318
Andreas Bruus,Denmark,183,67,24,68,64,60,64,60,57,64,55,61,59,71,64,60,89,79,73,66,84,69,70,54,66,51,48,70,42,49,47,15,13,14,10,10,1300000,188
Erlend Segberg,Norway,183,79,26,63,62,55,57,65,62,57,60,62,64,60,64,62,55,80,71,64,56,62,76,48,65,46,52,58,54,58,48,9,10,14,12,10,57500,20
Keyendrah Simmonds,England,180,68,22,58,60,23,23,34,43,59,19,58,54,44,43,35,71,53,57,69,69,61,46,50,57,60,56,47,50,57,57,11,13,9,15,11,20000,88
Francesco Caputo,Italy,181,77,36,76,75,15,20,50,78,81,14,65,72,50,70,58,76,67,67,79,76,84,82,73,75,81,70,58,54,78,80,11,14,7,10,11,3600000,191
Nikola Dovedan,Austria,172,72,29,71,73,30,32,55,67,69,25,56,63,61,65,53,82,76,51,90,79,91,72,55,66,69,63,71,70,58,60,9,15,13,14,13,1500000,248
Tani Oluwaseyi,Nigeria,188,77,23,48,52,26,29,40,52,47,20,45,44,35,46,31,65,50,57,54,64,69,57,59,55,60,54,36,31,60,38,8,7,13,11,11,13000,408
Leonardo Campana,Ecuador,187,76,23,69,62,22,25,49,70,74,24,58,66,34,53,47,65,72,67,65,68,65,64,68,70,72,63,45,38,66,65,10,7,10,5,13,1400000,333
Rodrigo Andrade,Portugal,180,74,21,69,66,55,62,59,58,61,49,66,57,53,70,69,64,67,64,65,66,63,66,56,57,44,45,62,47,48,41,8,7,12,6,12,65000,398
Ale√±√°,Spain,180,73,25,76,71,50,59,55,76,72,70,77,79,67,79,75,69,65,62,70,68,74,49,34,68,66,73,67,59,73,41,8,12,9,10,12,4800000,275
√âdundo Oliveira,Brazil,183,79,31,51,45,72,77,76,71,35,72,54,65,51,67,66,55,61,82,57,56,54,78,71,53,41,52,41,42,43,54,8,7,13,7,15,1900000,483
Alex Kr√°l,Czech Republic,186,76,25,74,75,69,71,76,73,68,74,71,72,68,75,72,67,84,76,77,75,76,78,72,76,66,75,65,51,59,65,11,11,13,10,12,6000000,232
Milo≈° Ninkoviƒá,Serbia,180,76,38,72,72,54,57,56,63,66,58,69,68,67,71,66,58,55,70,67,60,73,70,52,66,66,64,66,60,65,64,6,11,11,8,13,40000,659
Ofir Marciano,Israel,193,78,33,20,19,11,11,38,69,19,16,34,48,12,27,28,40,33,76,40,44,62,63,13,46,12,13,17,17,25,12,68,72,66,61,71,80000,256
Bernhard Zimmermann,Austria,179,77,21,65,62,27,26,74,54,63,22,56,56,51,59,47,73,75,75,76,71,76,62,61,65,70,64,61,44,64,53,14,12,9,11,12,82500,535
Lee Seung Gi,Korea Republic,177,67,35,72,70,44,51,57,59,67,60,74,69,65,74,67,66,71,60,68,66,74,53,57,65,64,71,71,70,66,62,7,8,13,13,11,65000,340
Brahian Ist√∫riz,Chile,186,78,23,18,23,15,23,25,48,8,19,23,27,24,19,22,20,37,32,28,21,38,45,17,32,21,11,19,15,18,22,52,69,56,42,61,18000,639
Marko Vukƒçeviƒá,Montenegro,183,78,30,56,58,61,64,48,61,57,62,52,58,60,60,44,74,77,67,59,71,66,60,48,67,57,66,62,67,50,58,11,6,8,15,7,62500,631
Ricardinho,Portugal,180,77,29,60,57,62,64,65,63,56,64,53,55,60,62,59,69,68,73,76,70,69,74,55,63,56,49,47,46,53,42,7,8,9,13,8,65000,242
Thierry Ambrose,France,178,76,26,73,78,29,21,34,64,71,20,57,62,66,66,54,81,66,80,76,83,72,91,66,77,74,66,56,41,71,50,11,9,11,16,7,2600000,348
Paul McGinn,Scotland,175,66,32,61,60,64,65,70,59,56,62,55,60,57,62,60,68,83,67,66,69,69,78,60,56,53,51,54,35,52,49,4,5,5,15,6,62500,416
Bassekou Diabat√©,Mali,184,80,23,54,59,12,15,30,53,55,19,51,50,32,43,32,77,55,57,59,77,63,61,54,54,57,49,35,28,64,42,7,15,7,11,10,17000,373
Paul Pogba,France,191,84,30,87,89,63,67,79,76,77,62,90,85,73,87,92,60,64,88,65,72,71,80,74,90,74,84,85,82,80,84,4,5,6,2,3,52500000,342
Javi Gal√°n,Spain,172,70,28,84,86,82,83,82,74,64,70,60,68,81,81,72,76,76,64,76,79,75,66,80,66,50,56,72,70,48,51,6,14,14,10,8,20500000,486
V√°clav Jureƒçka,Czech Republic,182,78,29,72,68,24,22,74,71,75,26,56,69,69,62,54,72,86,72,64,77,73,72,70,72,74,69,51,56,65,68,7,9,9,10,6,2400000,575
Florent Hadergjonaj,Kosovo,183,73,29,70,69,64,67,64,64,57,66,62,60,70,69,67,81,85,64,71,81,76,70,63,59,48,41,59,42,67,41,8,15,6,12,11,1800000,355
Sander van de Streek,Netherlands,180,74,30,73,70,48,61,54,74,74,61,70,73,59,72,70,54,75,68,69,67,68,87,78,75,72,74,69,56,64,67,15,15,15,8,7,1800000,239
Thomas Himeur,France,187,72,22,18,9,11,14,17,50,8,11,32,22,10,25,20,55,17,52,38,30,38,47,10,43,6,6,10,11,14,9,56,62,59,57,60,20000,622
Ahmed Al Sultan,Saudi Arabia,169,63,30,59,56,52,56,59,50,52,57,57,48,52,62,59,64,59,48,77,62,67,49,40,54,40,45,38,48,46,28,6,13,8,11,8,18000,27
Rashawn Scott,England,178,75,20,61,64,30,37,40,39,53,17,44,50,49,48,42,79,46,55,76,81,75,47,32,51,59,38,40,36,52,42,10,12,13,9,12,18000,499
Lincoln McFayden,England,170,64,21,42,52,53,54,49,49,43,50,37,37,56,35,31,71,63,37,68,68,68,57,40,27,29,25,33,30,30,27,9,12,12,13,7,11000,607
Jarlath Jones,Republic of Ireland,184,72,21,38,47,53,54,53,49,42,51,39,40,41,43,41,59,64,56,57,63,54,63,52,37,39,38,50,54,40,26,14,6,12,11,8,10000,182
Anders K. Jacobsen,Denmark,182,76,33,64,64,22,20,45,66,70,33,58,64,31,58,49,71,72,70,72,68,65,78,59,70,65,63,53,50,67,64,9,7,7,7,6,70000,7
Illan Meslier,France,196,74,23,35,20,19,17,27,74,8,19,61,67,18,50,50,37,40,53,25,40,42,42,15,53,11,17,12,10,11,9,72,79,76,71,81,9500000,374
Bertrand Traor√©,Burkina Faso,181,73,27,85,81,37,40,60,68,73,54,73,74,72,74,68,76,64,65,59,78,87,75,66,73,74,68,79,73,69,71,13,11,7,7,12,8000000,60
Mandela Keita,Belgium,181,78,21,64,56,63,67,65,62,32,64,58,52,41,67,65,69,65,58,70,72,73,72,51,50,22,30,39,41,32,28,6,11,11,11,13,72500,520
Adri√† Pedrosa,Spain,176,69,25,75,81,70,72,78,73,70,70,68,73,73,73,65,91,89,64,77,89,83,63,59,63,61,58,74,40,45,58,10,14,14,14,8,11000000,488
Lukas Pinckert,Germany,189,79,23,59,60,61,63,75,59,54,58,49,53,58,63,59,69,63,72,59,67,50,70,57,45,44,32,47,28,39,28,5,12,12,5,13,52500,542
Sam Todd,Republic of Ireland,185,76,25,42,38,57,60,64,54,25,53,38,59,22,54,50,34,70,78,52,39,34,77,61,40,20,21,24,23,33,28,10,13,6,7,6,23000,627
Ole Romeny,Netherlands,185,81,23,68,69,17,24,29,59,57,29,62,59,50,63,51,68,74,74,53,69,60,57,60,77,67,62,59,47,61,55,7,7,7,11,5,70000,215
Cole Skuse,England,185,72,37,60,53,61,63,63,61,54,61,54,64,56,62,61,35,71,69,65,35,61,67,61,60,49,52,64,50,53,45,9,13,12,9,10,9000,148
Rodrigo Ely,Brazil,188,83,29,59,50,75,77,75,71,22,73,22,62,34,66,54,44,34,90,31,51,46,74,74,52,22,36,20,18,35,15,9,13,10,9,11,4800000,628
Oliver Berg,Norway,178,74,30,69,67,48,55,71,69,74,59,70,68,62,70,57,73,91,75,75,76,76,58,55,72,67,67,60,50,62,59,12,10,14,13,16,1600000,180
Freder Cabral,Brazil,188,83,31,21,21,10,14,22,70,12,15,67,62,19,14,16,42,31,56,39,53,40,41,17,52,11,14,20,12,13,15,76,73,77,69,66,2000000,65
Daniel,Brazil,188,80,29,19,13,14,14,28,53,4,7,38,27,13,17,23,24,22,58,57,22,34,53,10,53,7,5,10,10,13,7,68,73,68,70,76,1100000,534
Se√°mus Conneely,Republic of Ireland,175,68,35,62,57,60,61,72,60,58,63,59,62,51,62,61,36,55,70,68,34,57,72,59,58,46,46,40,42,52,40,12,15,14,13,14,24000,23
Fabio Rosales,Bolivia,179,76,22,16,6,15,15,26,45,6,7,29,36,13,27,28,26,22,42,47,28,35,61,16,47,7,8,13,15,17,9,55,58,61,62,59,18000,436
Andreas Pereira,Brazil,177,70,27,78,79,63,66,80,75,75,70,78,71,81,76,76,78,78,60,77,76,79,65,56,84,70,79,84,81,74,72,10,15,14,7,7,11500000,267
Estanis,Spain,185,72,20,63,68,19,19,44,58,59,24,53,61,54,57,46,69,49,49,52,75,72,46,53,70,65,59,55,48,59,56,14,9,5,11,15,50000,207
Aitor Bu√±uel,Spain,173,70,25,67,66,61,60,72,61,54,62,51,60,66,62,56,83,86,65,88,84,77,60,53,44,36,35,45,36,43,31,7,8,7,14,10,1300000,115
Nathan Broome,England,188,86,21,19,9,10,11,32,48,7,8,40,26,10,25,20,35,32,48,44,38,42,60,9,41,6,7,11,11,14,8,53,53,58,54,57,10000,11
Oliver Denham,Wales,182,71,21,41,28,58,60,60,50,32,54,28,45,29,36,26,61,62,68,64,61,41,69,58,37,22,19,23,27,35,27,14,7,8,6,15,16000,125
Tom√°≈° Suslov,Slovakia,173,72,21,73,74,46,52,63,59,64,42,70,61,61,72,71,75,76,62,86,73,72,33,40,70,63,69,69,72,60,56,15,10,9,9,12,1800000,219
Bradley Johnson,England,175,70,36,64,63,60,61,83,60,61,61,61,64,62,63,64,48,68,73,70,48,54,77,63,75,59,70,58,65,59,66,15,11,6,7,11,16000,389
Thiago Vecino,Uruguay,184,89,24,64,64,19,26,45,59,77,40,68,64,43,70,53,61,61,66,52,65,67,83,79,65,75,64,65,63,78,73,6,10,12,13,14,1600000,637
Cammy MacPherson,Scotland,173,71,24,61,61,57,59,85,59,57,58,62,57,59,62,61,71,71,60,72,70,68,76,55,65,54,60,61,60,44,49,14,7,11,15,5,37500,589
Dries Mertens,Belgium,169,61,36,88,85,40,40,59,80,82,36,83,81,73,84,72,84,68,35,92,75,83,58,40,78,82,82,82,82,79,70,10,7,10,8,4,17500000,271
Marco Davide Faraoni,Italy,180,71,31,76,74,68,72,77,76,74,72,67,73,78,76,72,79,77,68,79,78,71,73,69,79,66,75,77,66,66,81,12,11,8,13,15,6500000,309
Vitor Marl√£o,Brazil,178,71,27,53,49,72,67,51,73,38,67,43,70,75,72,54,61,59,68,44,70,66,42,60,46,51,34,43,45,42,50,10,17,10,17,19,1600000,263
Jos√© Amo,Spain,181,75,25,64,57,68,67,62,71,46,70,37,61,48,64,66,66,70,76,59,54,64,82,66,53,33,33,50,40,40,40,7,13,8,7,7,1200000,533
Jeong Jae Yong,Korea Republic,188,83,32,65,57,57,66,72,62,65,63,66,62,53,68,65,64,82,78,52,34,70,82,58,70,57,69,33,46,39,57,13,15,16,6,10,72500,605
Gon√ßalo In√°cio,Portugal,185,78,22,73,49,79,82,77,77,48,78,68,75,30,78,76,78,76,78,55,81,65,72,77,67,23,28,29,27,40,45,10,6,6,7,7,17000000,585
L√©o Dubois,France,178,65,28,74,72,75,76,68,75,69,76,71,76,78,75,73,68,73,71,65,71,65,73,60,72,51,55,75,56,46,68,9,13,8,8,16,7000000,271
Leonardo Pavoletti,Italy,188,85,34,68,63,17,21,69,70,76,24,56,73,33,67,44,53,53,83,57,71,56,90,91,75,71,55,49,40,67,75,14,15,6,12,9,1500000,120
Mo Eisa,Sudan,183,70,29,65,66,17,15,36,64,67,18,55,64,53,54,30,90,73,68,60,83,73,70,58,65,67,59,56,60,58,57,11,9,12,7,10,92500,389
Mathias Greve,Denmark,186,77,28,69,65,50,54,62,65,67,51,64,68,61,69,65,72,80,71,69,66,65,52,48,65,60,60,62,59,52,58,13,16,9,12,13,90000,107
Gast√≥n Novero,Argentina,168,69,25,62,59,16,16,54,50,60,11,49,57,40,52,43,68,63,70,69,72,69,61,63,67,59,58,48,49,59,47,8,9,6,10,14,37500,457
Maximiliano Puig,Argentina,172,76,22,61,63,51,54,71,51,57,60,55,57,49,65,61,54,53,61,62,71,67,56,49,59,53,56,44,42,52,45,8,12,6,13,7,25000,80
Santiago Zamora,Ecuador,170,66,21,63,60,60,63,47,63,59,62,59,58,39,68,66,61,52,58,64,63,70,49,47,74,59,67,36,63,38,37,14,13,11,10,15,52500,626
Maxim Leitsch,Germany,189,83,25,54,57,77,78,67,74,44,76,40,69,59,69,61,84,69,74,61,81,61,68,71,56,29,35,44,35,39,30,7,12,14,14,12,4200000,3
Papy Djilobodji,Senegal,193,82,34,62,56,69,69,78,58,39,73,51,54,22,70,74,61,71,85,44,55,51,80,75,72,33,66,27,55,27,23,6,12,13,9,10,90000,273
Hugo Siquet,Belgium,180,70,21,67,67,65,67,67,64,62,62,70,64,80,68,71,77,75,60,75,74,74,73,57,70,48,62,77,72,50,37,9,11,9,9,12,1600000,132
Raymon Gaddis,United States,175,68,33,55,63,63,67,65,62,51,61,43,49,52,59,50,71,70,59,75,71,75,53,58,28,27,24,55,31,39,30,7,15,15,9,14,50000,213
Eom Seung Min,Korea Republic,181,70,20,45,60,21,25,40,48,52,19,41,41,44,41,39,68,44,44,56,77,74,45,38,49,47,42,45,42,45,42,13,7,13,7,12,9000,559
Won Du Jae,Korea Republic,187,80,25,60,56,63,68,68,60,54,68,62,56,48,68,71,65,85,75,56,60,63,75,65,64,45,56,31,42,36,33,10,6,14,6,11,1200000,278
John Iredale,Australia,188,86,24,64,58,18,17,44,56,62,17,51,53,35,55,47,58,58,72,61,53,62,66,58,71,65,54,40,34,64,49,9,6,15,12,8,47500,665
Toby Sims,England,185,81,25,49,47,56,52,68,51,48,54,46,50,51,46,53,76,63,73,61,71,66,68,52,45,36,34,53,33,38,29,5,6,13,9,9,17000,302
John-Joe O'Toole,Republic of Ireland,188,82,34,57,51,58,59,83,55,52,59,55,59,46,59,57,43,66,71,52,40,56,67,63,59,52,53,48,50,55,47,10,14,14,12,14,16000,397
Jean-K√©vin Augustin,France,180,80,26,68,67,17,24,47,60,73,22,61,62,65,66,48,65,40,58,70,63,68,62,56,71,65,65,52,42,67,69,12,14,6,8,6,80000,208
Gary Mackay-Steven,Scotland,175,70,33,64,65,33,35,44,60,62,25,63,63,61,62,53,80,60,56,82,76,82,67,47,65,60,62,67,44,55,58,7,8,11,7,15,60000,306
Elias L√∂der,Germany,183,72,23,63,63,32,33,52,52,60,42,59,59,54,59,57,66,61,48,69,75,70,53,38,56,58,58,54,39,47,44,8,10,12,12,5,37500,296
Liu Jing,China PR,175,71,26,34,52,54,58,63,48,40,53,30,48,44,44,52,70,58,57,76,62,72,63,39,28,24,28,30,26,32,20,9,13,8,10,9,9000,307
Quinten Timber,Netherlands,179,71,22,78,81,70,73,78,76,66,70,72,75,61,76,72,81,81,79,79,77,80,80,56,69,58,61,68,43,57,47,11,5,8,12,8,4900000,256
Alex Pearce,Republic of Ireland,188,85,34,49,35,62,63,67,63,31,61,37,60,30,53,49,32,57,80,43,33,43,71,64,50,16,25,27,30,32,18,16,15,9,9,6,23000,11
Sikou Niakat√©,France,186,76,24,63,62,74,74,74,70,41,76,41,61,43,65,52,70,82,80,71,74,64,85,70,63,30,34,36,32,43,30,13,8,10,8,10,4400000,524
Marko Grujiƒá,Serbia,191,88,27,80,79,70,74,78,77,75,72,77,81,62,75,73,58,74,84,56,64,67,82,78,76,72,67,65,51,57,62,12,9,14,8,13,8000000,230
John Lundstram,England,181,74,29,74,69,71,72,82,69,68,73,72,75,67,76,78,65,84,74,74,61,64,58,63,79,66,74,74,54,52,64,9,14,6,6,8,4200000,497
Kike Salas,Spain,186,80,21,57,34,63,65,62,67,28,67,36,50,23,56,41,55,63,75,50,69,45,74,57,30,20,22,23,29,38,26,11,14,5,9,6,70000,115
Philipp Treu,Germany,172,68,22,65,67,62,60,59,60,60,61,62,53,64,65,62,78,67,50,89,65,83,60,40,38,39,36,50,42,40,33,8,7,7,8,9,85000,527
Lucas Carrizo,Argentina,180,70,26,58,61,65,64,60,52,57,57,46,46,56,56,52,68,86,66,70,66,69,79,51,32,35,29,40,42,49,27,13,11,10,8,11,60000,320
Jack Clarke,England,181,74,22,71,73,26,33,51,62,65,39,63,63,67,66,56,83,62,50,77,79,81,61,53,63,68,61,63,57,60,54,6,9,10,9,10,1900000,603
Lourival Dinisco,Brazil,188,85,23,52,41,67,73,63,62,23,67,41,60,44,61,71,64,55,86,43,58,63,77,76,62,52,54,45,43,61,31,8,13,10,7,10,1600000,263
Yvon Mvogo,Switzerland,189,93,29,27,18,12,18,37,71,13,13,58,30,13,24,22,43,28,74,57,41,58,71,24,58,10,14,14,20,20,19,75,77,74,77,79,7500000,222
Hu Jinghang,China PR,183,75,26,55,61,20,23,60,62,62,42,64,58,40,58,51,78,70,74,64,77,74,71,64,63,55,57,40,42,57,61,15,13,14,5,11,45000,679
Ben Knight,England,170,59,21,65,68,30,29,37,43,54,29,58,52,55,53,41,72,41,46,89,66,84,43,41,64,59,49,50,50,57,53,10,12,9,6,11,27500,395
Darwin Cuero,Ecuador,190,80,28,22,11,14,12,16,69,14,24,24,59,17,20,14,43,15,51,62,47,59,67,15,48,12,12,20,23,27,13,66,68,67,64,71,1100000,626
Jonny Maxted,England,183,83,29,23,15,14,13,21,48,12,15,32,38,16,28,24,35,22,69,62,37,34,47,20,44,16,12,19,17,20,13,58,60,59,59,61,16000,432
Jamie Vardy,England,179,74,36,83,76,53,51,83,84,88,49,75,85,68,74,61,83,69,64,75,84,72,78,77,87,85,65,69,61,85,84,15,15,14,7,11,13000000,376
Pietro Beruatto,Italy,184,78,24,67,65,78,82,57,63,22,75,43,56,66,65,60,68,83,67,58,72,68,70,64,57,37,45,57,44,48,45,10,14,5,12,12,6000000,466
Nelson Weiper,Germany,192,81,18,61,59,19,14,63,58,62,15,48,45,39,46,37,55,53,70,38,63,52,68,61,58,65,57,46,43,57,48,6,10,13,12,6,25000,3
Marco Bleve,Italy,184,84,27,14,11,13,10,19,47,6,8,53,55,10,19,27,21,28,53,47,15,24,63,11,47,8,7,12,10,10,5,61,67,64,62,66,37500,371
John Marquis,England,185,73,31,57,56,38,42,80,61,64,33,57,63,39,54,55,54,79,81,66,60,61,80,64,67,64,58,51,45,65,59,11,6,15,11,11,40000,106
Herlyn Buenatierra,Ecuador,185,85,19,55,61,68,68,63,62,34,60,51,65,53,61,57,55,54,67,48,61,46,67,63,51,48,58,69,67,46,44,10,11,7,8,16,52500,418
Baba Alhassan,Ghana,187,75,23,65,64,58,64,80,63,58,58,57,60,49,64,62,83,87,84,70,81,73,63,60,83,64,64,50,48,50,53,9,12,11,13,9,75000,220
Oskar Opsahl,Norway,178,64,22,56,53,52,54,52,52,46,50,46,48,56,53,46,73,65,56,75,73,74,68,45,52,35,33,52,42,35,34,10,6,9,15,7,21000,625
Christian Luyindama,DR Congo,191,91,29,53,42,65,75,82,63,21,75,51,70,27,58,54,63,70,93,42,70,54,70,72,68,19,45,31,20,24,30,7,12,11,5,11,2000000,51
V√≠ctor Ruiz,Spain,173,71,29,72,73,49,51,48,66,64,52,69,68,63,73,68,75,71,46,84,65,83,33,42,68,58,61,69,68,68,59,6,9,8,8,7,1200000,31
Jeong Seung Hyun,Korea Republic,188,74,29,50,34,72,71,72,64,33,71,48,63,32,65,60,38,69,90,42,47,38,86,75,36,26,25,52,42,35,30,7,15,13,14,15,2000000,633
Jonathan Scherzer,Austria,185,76,28,62,63,61,63,64,60,48,63,52,49,61,62,58,62,55,70,63,67,64,67,58,54,36,46,52,52,34,29,7,7,11,11,14,47500,675
Sebasti√°n Pedroza,Colombia,176,69,24,70,64,70,71,71,69,55,70,71,62,67,74,71,74,73,70,74,69,73,62,52,66,63,62,62,61,62,55,13,11,11,15,7,2400000,29
Justen Glad,United States,185,72,26,56,41,64,68,72,64,40,72,42,65,27,69,63,68,75,73,65,69,49,76,66,45,30,35,23,21,38,29,10,10,16,10,6,1200000,503
Abdulaziz Al Jebreen,Saudi Arabia,178,73,33,63,60,63,62,67,55,51,63,60,63,61,65,64,46,46,80,57,34,52,59,60,63,52,67,57,50,57,65,12,13,10,13,14,32500,37
Baltazar,Brazil,178,77,23,64,63,57,54,70,58,57,55,59,59,55,66,64,66,72,66,74,68,84,67,49,56,55,54,51,43,45,34,12,5,8,7,7,47500,234
Max Balard,Australia,175,68,22,57,54,48,50,48,58,58,48,64,59,45,67,66,64,54,53,79,62,61,62,42,50,50,33,48,43,60,44,10,5,8,14,7,27500,130
Harrison Sohna,England,178,76,21,55,56,50,47,55,49,41,54,58,49,44,56,54,66,52,56,56,63,62,61,42,46,37,38,42,48,43,32,14,12,7,14,5,10000,603
Anthony Gon√ßalves,France,179,83,37,63,62,63,65,63,71,65,62,63,64,63,68,65,36,91,83,76,54,70,81,36,55,48,53,55,64,60,30,11,9,12,15,6,23000,593
Naim Garc√≠a,Spain,180,75,21,71,69,26,37,34,50,55,19,54,57,61,63,58,60,58,50,70,62,56,38,45,70,67,45,55,41,65,56,7,15,10,9,7,55000,533
Nassim Ahmed,France,174,69,22,60,49,54,56,62,63,42,49,49,52,53,66,60,52,71,52,72,60,63,61,48,57,33,41,52,44,48,37,14,5,13,6,6,24000,440
Harry Maguire,England,193,100,30,73,69,73,80,84,77,61,80,68,76,51,78,79,44,66,90,33,52,39,87,85,82,48,52,57,46,68,49,14,14,16,9,9,17500000,396
Luis Milla,Spain,175,67,28,79,72,74,81,70,79,79,80,78,79,72,81,77,74,85,70,77,66,70,71,48,76,70,75,71,73,73,51,10,12,13,8,10,18500000,275
√âlie N'Zeyi,France,185,76,25,50,48,52,55,64,52,31,52,40,50,40,56,53,54,59,71,54,58,59,61,50,45,28,28,32,38,43,27,15,12,9,12,9,13000,257
Dylan Mboumbouni,Central African Rep.,182,75,27,55,49,57,60,65,55,33,57,40,57,40,54,54,50,62,80,66,51,63,80,63,44,28,26,32,28,46,35,11,15,9,13,15,30000,119
Billy Mitchell,England,178,75,22,68,66,64,68,68,70,62,66,62,68,53,70,66,68,82,68,70,67,71,68,49,64,53,47,52,42,44,48,11,14,10,14,13,1500000,407
Habib Diarra,France,179,74,19,58,61,59,55,62,58,43,54,54,41,40,65,56,55,50,53,66,55,67,56,56,54,33,39,41,46,51,35,7,8,12,7,8,19000,601
Gustav Ludwigson,Sweden,182,75,29,64,65,19,24,75,69,73,33,68,65,58,67,50,84,91,77,71,88,74,81,62,61,67,63,59,42,56,60,13,10,9,11,13,1400000,633
Josh Morris,England,182,72,31,61,63,50,54,57,57,59,51,61,61,63,59,56,68,68,64,81,66,76,58,53,63,57,61,70,64,65,41,9,11,11,12,9,37500,416
Daniel Heber,Germany,182,78,29,56,48,66,64,68,61,43,66,44,60,58,57,56,75,74,68,72,78,67,70,62,50,36,42,35,25,40,33,7,11,14,8,5,55000,1
Salih √ñzcan,Turkey,180,76,25,76,77,74,76,84,76,68,81,74,76,62,78,76,78,83,80,84,74,78,76,72,65,66,53,59,53,57,51,9,13,7,9,11,18000000,97
Marcel Appiah,Germany,186,74,35,58,52,63,65,59,62,39,59,39,60,51,52,50,64,63,75,65,71,60,72,63,60,23,33,38,22,40,29,9,9,14,14,8,16000,644
David Gil,Spain,186,81,29,29,28,16,15,25,62,12,25,31,40,30,30,20,48,41,66,55,46,32,60,20,51,13,12,31,19,21,16,67,71,70,68,70,1100000,163
Brayan Riascos,Colombia,183,80,28,66,64,28,34,72,67,68,37,63,71,65,65,58,81,76,87,69,85,77,70,55,74,69,71,62,46,49,63,13,8,10,5,13,1500000,398
Ablikim Abdusalam,China PR,175,61,20,46,53,35,43,53,63,56,46,49,42,43,56,51,58,62,37,79,53,68,71,40,45,33,38,38,32,42,33,10,6,6,10,10,10000,682
Allano,Brazil,182,74,28,75,77,50,47,55,67,64,47,66,68,68,68,64,80,72,61,66,81,80,62,53,63,68,65,59,49,60,45,13,8,14,9,14,2500000,554
Eskil Edh,Norway,178,70,21,61,58,55,62,50,55,58,56,53,58,59,57,54,79,69,56,75,81,75,63,49,52,48,44,55,45,45,45,6,15,6,12,7,47500,381
Erik Andersson,Sweden,179,78,26,65,61,53,54,69,47,43,49,53,57,64,69,67,66,81,64,71,64,71,84,51,65,53,63,69,61,56,45,7,16,12,15,11,35000,270
Filippo Melegoni,Italy,186,74,24,70,67,61,63,49,70,64,62,70,63,59,72,71,56,61,53,67,55,66,51,49,70,49,47,62,57,64,47,7,12,13,6,7,1200000,597
Fabian Bredlow,Germany,190,89,28,23,14,10,12,18,68,17,11,28,41,8,17,20,41,20,62,39,36,50,68,11,47,5,7,13,14,30,4,63,70,66,62,71,92500,645
James Igbekeme,Nigeria,170,66,28,66,68,54,67,60,69,62,70,65,71,61,67,66,74,77,80,90,72,78,65,49,65,52,51,58,70,61,57,14,14,6,10,13,92500,505
Javier Marquez,Venezuela,180,79,19,35,25,58,66,56,50,27,51,26,44,30,37,23,62,59,68,62,55,49,69,62,38,24,25,31,25,36,29,11,5,13,11,6,15000,193
Conor Brann,Republic of Ireland,193,80,20,16,12,11,14,25,44,5,14,24,21,12,29,20,32,29,54,49,35,36,53,13,38,7,6,12,14,15,6,52,53,51,50,54,6000,609
Adri√°n Burnab√£o,Brazil,176,73,27,75,75,21,23,48,71,60,30,76,73,73,76,71,53,65,64,73,69,74,72,42,72,58,72,68,74,75,70,7,11,13,7,15,2000000,48
Patryk Makuch,Poland,187,84,24,60,59,22,33,61,61,64,13,48,58,34,54,32,74,71,84,50,77,56,67,62,65,61,60,58,57,68,57,9,11,6,15,6,67500,157
Romoney Crichlow,England,184,72,24,53,56,61,64,62,59,42,65,37,56,42,52,32,64,56,72,47,65,61,71,60,32,34,31,41,40,46,35,6,9,5,10,7,47500,98
Olarenwaju Kayode,Nigeria,176,65,30,71,70,33,38,79,68,71,24,53,58,54,64,58,86,70,66,80,89,89,75,68,69,71,62,55,48,64,63,13,8,11,11,12,1900000,687
Will Nightingale,England,185,84,28,52,49,60,62,64,55,33,59,45,48,38,54,50,58,65,74,64,58,57,80,64,41,30,32,39,34,42,30,11,11,10,15,16,37500,11
Dod√¥,Brazil,166,68,24,77,78,68,75,70,73,78,69,72,71,76,76,66,85,75,67,86,90,80,80,55,66,60,50,71,52,50,49,14,14,14,10,5,8000000,258
Ron-Robert Zieler,Germany,188,81,34,22,12,13,12,32,75,15,21,42,58,15,25,22,46,32,55,41,50,43,69,13,53,10,14,11,10,24,12,75,72,71,70,76,1400000,300
Valmir Sulejmani,Kosovo,185,84,27,62,63,26,48,59,66,61,19,63,61,43,61,54,70,67,73,67,62,71,73,64,67,66,61,58,50,62,63,7,14,13,12,8,65000,221
Fernando Grondo√±a,Chile,184,81,35,65,65,40,43,60,66,61,40,63,68,59,65,64,75,67,67,72,74,78,80,60,72,56,55,46,49,49,63,9,13,8,8,12,27500,52
Park Kyu Hyun,Korea Republic,182,77,22,57,58,56,59,47,60,32,56,36,54,43,50,36,68,69,57,69,74,71,75,47,39,20,17,30,26,35,23,9,11,9,6,10,27500,185
Rados≈Çaw Cielemƒôcki,Poland,173,70,20,58,54,43,50,63,54,53,49,57,48,53,62,58,68,68,48,79,68,74,63,47,57,44,43,49,42,45,39,6,11,11,12,6,18000,674
Ritsu Doan,Japan,172,70,25,81,82,42,36,41,76,72,44,78,74,72,78,69,81,78,59,93,78,86,34,45,76,70,75,74,67,58,59,13,8,5,6,14,16000000,526
Leonardo Heredia,Argentina,185,79,27,71,72,36,31,56,64,71,33,71,58,66,67,64,65,65,70,55,66,66,59,58,71,65,64,70,45,56,72,8,11,8,13,8,1100000,55
Joaqu√≠n Lavega,Uruguay,175,71,18,63,64,39,23,32,58,54,24,61,48,57,71,46,73,63,44,72,81,77,34,31,57,62,60,42,55,59,39,10,12,9,10,11,57500,509
Jos√© Mulato,Colombia,183,75,20,60,70,22,24,30,43,60,20,63,64,60,52,57,79,50,70,59,75,70,42,36,60,62,64,40,50,59,35,12,14,12,8,8,42500,214
Neto,Brazil,190,84,34,24,19,15,14,40,77,11,15,42,64,11,36,41,56,40,61,49,52,59,83,14,58,15,20,12,13,22,12,78,80,78,77,79,10500000,9
Benjamin Stambouli,France,180,82,33,72,65,71,72,72,71,59,74,65,76,45,74,72,50,74,79,64,50,64,71,66,65,41,50,55,43,50,40,15,8,13,11,15,2100000,24
Philippe Sandler,Netherlands,190,82,26,70,70,68,74,66,62,40,65,66,73,40,73,71,61,53,74,52,64,60,70,68,63,23,52,62,70,46,28,13,12,13,15,11,1300000,420
Lassi Lappalainen,Finland,183,76,25,65,69,40,65,34,63,69,42,60,62,52,66,53,86,68,68,64,86,62,42,50,62,64,51,62,39,54,54,6,7,14,6,9,1200000,116
Julian Bauer,Germany,190,84,24,17,7,11,10,16,42,8,6,32,30,14,22,20,32,24,57,28,19,21,34,13,38,8,7,14,12,12,7,53,58,56,51,59,13000,548
Maikel Mesa,Spain,186,82,32,67,69,63,64,64,64,66,63,68,64,62,69,64,68,75,81,68,71,74,74,65,70,66,63,63,50,69,59,7,10,8,15,7,82500,43
Han Xuan,China PR,185,78,28,34,31,57,58,53,56,21,45,32,40,28,39,29,60,60,62,56,56,56,70,54,34,18,15,21,20,30,24,7,11,11,12,11,10000,679
Christian Pulisic,United States,177,69,24,85,87,47,32,45,78,79,33,79,80,74,77,59,90,71,54,87,82,87,79,50,77,73,61,70,58,61,70,16,8,12,13,14,29500000,138
Mattia Zanotti,Italy,177,70,20,62,70,62,62,60,61,63,59,66,67,68,69,67,79,55,58,80,79,79,75,55,58,59,57,69,61,62,54,9,12,5,7,13,85000,332
Terence Vancooten,Guyana,185,78,25,57,52,61,64,64,58,41,61,44,57,52,58,50,70,73,75,56,70,70,75,58,46,35,31,51,32,33,42,14,8,14,12,9,60000,598
Josh Flint,England,177,64,22,57,54,60,61,43,54,50,55,49,56,49,59,59,70,55,61,67,75,62,57,48,52,44,37,48,37,40,44,12,6,7,15,13,27500,241
Michael Kempter,Philippines,181,75,28,49,54,57,56,54,56,41,52,46,53,49,46,41,69,65,58,69,67,70,66,45,31,31,25,51,32,38,30,15,13,5,6,10,20000,235
Kean Bryan,England,185,72,26,63,58,70,67,71,60,48,58,60,51,49,61,62,61,61,74,67,59,65,72,57,68,48,44,50,39,45,38,13,10,9,8,7,82500,667
Liao Chengjian,China PR,182,75,29,36,35,63,63,61,45,32,54,26,36,39,38,36,64,71,70,61,60,46,72,42,33,18,20,24,27,32,23,9,8,13,15,14,10000,135
Tihomir Kostadinov,North Macedonia,180,75,27,65,64,34,33,42,57,62,28,64,64,64,65,60,64,64,55,66,69,60,59,36,58,59,58,62,42,54,42,6,10,9,8,13,52500,465
Lautaro Valenti,Argentina,188,80,24,58,54,67,69,70,63,46,63,47,55,39,62,55,67,70,77,56,74,58,76,67,70,40,62,58,55,53,42,6,6,8,7,8,1000000,456
Abbas Al Hassan,Saudi Arabia,186,76,19,49,50,53,49,71,41,35,53,44,39,37,50,49,72,60,70,61,79,52,59,49,44,31,36,36,36,41,32,15,9,12,7,15,9000,30
Jeppe √òrris Nielsen,Denmark,188,75,19,20,10,11,13,15,35,6,7,36,37,14,25,19,31,26,42,34,30,28,46,12,39,7,9,14,14,17,5,55,58,52,52,56,8000,496
Norberto Briasco,Armenia,182,80,27,70,73,20,14,61,68,69,20,60,60,62,64,60,76,69,72,74,78,74,68,69,74,66,63,46,40,65,47,9,5,9,7,5,1500000,92
Javi L√≥pez,Spain,183,75,21,60,52,66,68,60,65,47,68,43,52,65,61,42,68,70,64,55,71,70,53,63,30,26,27,46,31,36,21,14,11,13,14,11,1200000,164
Rolando Mandragora,Italy,183,75,26,77,76,72,75,67,74,62,75,76,70,70,78,76,55,82,75,73,55,67,70,65,70,63,71,66,64,55,60,14,13,14,9,16,6000000,258
Sessi D'Almeida,Benin,178,78,27,69,64,61,62,88,63,63,60,63,66,44,71,64,80,91,81,75,77,77,80,61,63,54,52,45,37,50,47,12,7,12,8,14,92500,458
Oscar Threlkeld,England,182,75,29,52,50,54,56,62,57,56,55,53,58,50,50,50,64,62,73,64,60,66,78,58,56,43,41,44,35,48,41,12,15,7,15,12,15000,98
Ionu»õ V√ÆnƒÉ,Romania,180,73,28,67,65,61,66,73,66,62,65,63,58,55,63,60,75,80,65,72,71,78,77,58,65,61,60,50,53,56,54,14,10,7,7,12,75000,636
Stephen Kingsley,Scotland,178,77,29,70,72,69,74,69,69,61,69,68,68,70,71,68,59,75,73,72,66,69,87,72,61,57,67,73,75,46,35,14,11,6,8,12,2200000,306
Federico Redondo,Spain,190,75,20,60,59,59,63,62,60,55,61,64,45,57,63,62,66,68,75,64,73,67,66,57,58,47,54,52,56,56,41,10,10,14,14,15,57500,55
Kurtis Guthrie,England,191,70,30,58,59,42,48,56,54,58,36,52,57,47,53,52,65,69,79,62,66,63,72,59,62,60,55,54,38,62,54,8,10,8,13,9,25000,385
Rodrigo Herrera,Argentina,181,76,23,55,57,61,62,72,60,48,62,49,62,46,70,60,61,62,59,69,52,71,56,56,65,49,43,37,38,39,45,7,11,10,9,6,50000,80
Liam O'Neil,England,183,80,30,61,58,57,58,59,63,62,59,63,66,55,63,61,67,72,71,67,56,64,88,55,61,51,56,39,37,47,42,5,7,7,18,9,42500,121
Fredditinho,Brazil,188,87,35,74,72,24,39,55,74,78,45,65,72,50,69,68,74,65,90,80,73,82,83,81,78,83,77,52,65,83,74,14,14,12,7,13,7000000,451
Lu√≠s Miquissone,Mozambique,170,65,28,66,70,24,18,39,63,61,22,60,55,62,61,55,82,66,42,80,76,72,59,52,66,61,60,58,55,50,61,11,8,14,7,11,92500,22
Marvin Buenatierra,Colombia,178,70,23,68,60,62,70,69,63,55,60,70,58,55,70,68,69,44,54,68,61,63,52,62,55,52,67,56,59,50,45,14,9,10,9,15,75000,174
Toni Stahl,Germany,194,80,23,16,10,12,14,19,53,6,8,40,33,11,24,25,22,23,35,24,29,23,30,12,46,8,9,13,14,10,9,58,61,59,61,62,22000,300
Adalberto Pe√±aranda,Venezuela,185,83,26,71,70,31,37,64,65,65,36,66,64,63,65,56,78,54,71,62,79,75,70,64,70,67,67,65,63,77,71,8,6,14,13,6,1500000,91
Victor Nelsson,Denmark,185,78,24,68,60,74,75,76,70,47,77,59,72,51,71,69,68,83,85,71,71,66,81,75,60,36,41,52,38,53,37,7,10,6,12,14,7500000,271
Gonzalo Pi√±eiro,Argentina,176,71,22,62,58,52,55,44,52,42,32,65,60,52,72,71,62,80,65,72,64,58,56,51,62,50,64,55,58,48,46,14,8,8,13,7,47500,195
Salvatore Sirigu,Italy,192,85,36,18,15,13,11,34,74,10,20,55,65,13,23,28,46,34,66,55,46,52,68,11,55,10,14,11,11,19,12,79,75,73,73,75,1200000,258
Jonathan Perez,Mexico,167,61,20,52,55,25,27,32,48,48,20,51,47,47,50,42,75,56,31,89,71,84,48,35,54,51,47,48,36,52,39,12,13,8,12,9,12000,362
Alan Pulido,Mexico,177,83,32,72,74,22,35,60,72,73,37,66,70,61,71,60,72,65,78,64,74,74,77,70,72,73,70,66,58,72,66,14,15,10,9,9,2000000,587
Kieran Lee,England,178,76,35,67,65,58,60,59,66,64,65,66,67,66,68,67,52,72,61,73,49,65,76,59,60,63,59,63,53,59,60,11,12,12,8,12,32500,95
Toni Borevkoviƒá,Croatia,194,86,26,56,43,69,71,67,66,27,73,28,58,31,65,58,39,70,86,38,56,31,57,70,40,26,28,34,30,44,31,9,15,14,13,10,1500000,295
Jean-Luc Domp√©,France,170,65,28,73,77,42,44,42,66,70,39,72,73,81,66,63,81,63,50,87,72,84,81,36,80,65,76,81,75,57,73,11,11,7,9,12,3300000,298
Pablo Maffeo,Spain,172,70,26,80,80,77,81,64,72,67,71,64,62,75,73,63,85,72,69,81,79,75,59,70,57,53,52,71,34,37,21,12,10,7,14,15,15000000,489
Lallianzuala Chhangte,India,167,61,26,55,60,38,32,53,56,57,32,57,52,54,54,50,87,82,51,86,84,86,71,40,57,53,51,53,47,45,50,7,13,13,8,14,37500,417
Marquinhos,Brazil,174,77,20,77,76,30,32,45,67,73,33,68,66,71,69,55,82,64,54,78,77,77,48,50,61,64,59,67,45,56,55,6,6,6,12,12,3300000,433
Ch√© Nunnely,Netherlands,170,73,24,69,70,22,23,38,62,61,22,56,64,60,60,46,90,67,62,76,91,81,56,44,58,58,45,65,37,45,53,6,13,6,15,15,1200000,684
Martin Hostados,Bolivia,181,76,23,67,65,30,55,40,64,66,45,55,68,55,64,55,66,72,65,60,66,68,50,55,67,68,69,78,72,75,68,7,12,10,13,9,85000,328
Dimitry Bertaud,France,180,85,25,25,18,21,17,30,67,12,25,25,48,14,38,33,52,42,65,61,55,35,65,19,54,15,19,20,14,18,19,72,73,69,72,75,2600000,412
Benjamin Siegrist,Switzerland,194,85,31,20,12,12,12,38,67,13,27,49,39,11,17,22,34,34,69,30,33,32,63,12,47,11,12,16,12,32,12,70,69,67,63,70,92500,129
Adri Castellano,Spain,180,75,29,57,55,64,62,63,65,51,64,47,57,62,61,47,72,70,68,70,65,66,63,52,53,32,32,47,40,45,30,7,10,14,9,8,77500,533
Maximilian Dietz,United States,188,76,21,37,29,58,63,52,50,26,54,33,45,29,44,42,55,38,70,55,58,56,72,61,38,19,26,31,32,35,22,14,11,10,6,6,16000,268
Edu Bedia,Spain,184,76,34,69,66,44,45,77,62,66,47,70,66,61,71,71,46,83,65,57,43,66,68,56,43,60,64,70,68,60,52,9,10,11,7,12,62500,218
Dominik Reimann,Germany,186,82,26,24,15,9,10,24,60,6,20,51,45,9,50,48,44,31,47,50,46,53,65,8,55,6,8,11,12,17,7,70,68,66,73,68,97500,1
Zhang Wei,China PR,186,74,23,59,51,36,43,52,52,57,46,40,43,39,53,50,58,56,70,57,50,57,71,61,53,56,42,35,38,36,51,6,7,8,10,14,17000,307
David Kruse,Denmark,185,80,21,64,58,50,55,45,62,58,57,65,63,62,65,64,62,70,58,64,55,66,56,50,62,59,60,62,60,49,44,6,12,6,14,12,52500,7
Joseba Beitia,Spain,182,78,32,64,64,55,57,62,61,64,58,63,68,51,65,63,61,70,61,59,61,59,62,60,62,55,50,40,50,54,46,14,6,10,9,14,27500,431
Connor Taylor,England,183,86,21,52,39,64,67,55,60,31,63,35,54,33,59,54,63,71,79,55,55,56,78,65,40,25,22,34,28,41,31,12,14,9,13,10,70000,600
Ammar Al Najjar,Saudi Arabia,175,68,26,64,63,36,42,54,55,54,42,59,52,60,61,58,77,64,51,76,78,71,33,42,59,54,57,54,60,53,48,8,9,6,14,8,45000,168
Alberto Brignoli,Italy,187,74,32,35,12,20,21,12,66,11,11,48,61,17,46,42,31,34,42,32,33,22,58,30,57,20,11,20,15,22,20,77,74,72,76,77,3700000,452
Sipho Mbule,South Africa,181,82,25,72,69,42,52,55,65,66,55,70,50,44,75,67,68,66,50,72,68,54,64,42,50,57,55,42,40,39,34,5,14,12,12,6,1400000,394
Tom√°s Galv√°n,Argentina,172,66,23,68,72,33,35,54,58,60,29,60,69,62,68,61,81,54,39,79,71,79,50,40,65,60,62,67,55,51,61,13,14,6,6,8,1000000,152
Malcolm Cacutalua,Germany,188,80,28,42,44,65,70,60,64,38,67,40,55,33,63,51,67,53,73,63,65,67,70,66,55,40,33,35,23,36,39,8,11,14,8,8,80000,1
Kevin Bonifazi,Italy,187,85,27,62,49,74,80,73,68,35,73,48,69,34,64,52,52,46,73,64,52,48,73,66,49,30,30,41,34,44,36,14,8,8,7,6,2200000,94
Luis Miguel Rodr√≠guez,Argentina,167,67,38,83,84,42,48,73,81,81,40,82,86,75,75,70,71,72,68,85,64,78,69,68,81,78,78,87,79,81,82,10,7,7,14,13,3600000,131
Anatoliy Trubin,Ukraine,198,86,22,29,13,11,11,28,65,6,9,55,50,11,37,32,35,24,69,45,38,36,47,12,50,9,8,13,13,18,6,71,66,72,67,77,1900000,563
Gian Marco Ferrari,Italy,189,82,31,62,38,73,75,76,72,24,76,23,69,16,62,61,55,75,79,44,45,47,77,72,36,30,18,18,24,30,15,10,9,16,6,9,2500000,558
H√©ctor Beller√≠n,Spain,178,74,28,78,77,78,77,72,77,67,78,66,70,78,77,59,79,72,57,78,83,75,65,60,52,52,43,63,50,62,41,13,8,14,14,12,17000000,585
Bartosz Bereszy≈Ñski,Poland,182,77,31,70,68,68,69,71,68,60,67,60,69,67,68,62,79,84,68,72,85,73,69,60,64,50,60,60,50,50,56,7,9,8,16,15,2700000,422
Nuno da Costa,Cape Verde,182,70,32,73,72,20,17,49,66,73,37,67,65,60,68,54,80,69,68,76,83,75,83,74,74,68,66,52,52,69,60,12,14,15,7,6,1600000,14
√ñmer Ali ≈ûahiner,Turkey,175,70,31,70,71,67,68,74,71,67,64,64,68,65,65,66,76,79,63,81,73,80,80,50,73,63,72,76,71,63,66,13,13,12,10,9,1200000,82
Odei,Spain,180,71,33,54,40,71,70,62,65,25,70,36,64,37,61,54,60,87,76,68,53,41,79,64,50,28,30,28,31,44,37,13,6,6,10,8,77500,321
George Bello,United States,170,68,21,67,70,64,67,54,65,68,56,54,58,60,60,48,81,74,56,83,79,85,62,41,55,45,35,52,27,39,25,11,12,9,6,8,1000000,56
Santiago Rodr√≠guez,Uruguay,172,62,23,73,74,31,42,41,70,71,42,72,70,66,72,62,81,75,45,68,73,87,52,36,60,68,60,57,53,56,51,10,11,8,6,12,2800000,425
Emil Forsberg,Sweden,177,76,31,84,82,20,27,61,83,77,44,83,80,81,85,77,69,69,59,82,60,78,53,44,71,74,72,79,75,77,65,15,13,7,9,11,20500000,484
Marko Poletanoviƒá,Serbia,187,81,30,66,64,56,64,67,67,64,67,64,68,64,67,65,60,77,71,60,54,62,70,64,68,61,66,63,65,52,63,11,15,14,15,13,85000,681
Danijel Zagorac,Croatia,186,80,36,16,18,12,13,21,64,17,16,54,24,11,19,29,46,21,56,32,39,47,47,11,46,10,8,10,15,17,9,60,67,64,61,67,8000,179
Ant√≥nio Silva,Portugal,187,80,19,73,69,73,78,63,78,25,80,67,77,45,74,73,77,83,82,52,81,48,67,74,45,28,22,31,26,40,29,6,12,10,8,8,5000000,537
Rafael Martins,Brazil,177,73,34,65,66,15,27,74,68,70,20,58,68,59,63,45,70,52,71,74,71,69,73,66,85,72,68,62,63,71,70,10,10,14,15,11,1000000,127
Ermal Krasniqi,Kosovo,188,78,24,69,69,24,20,42,59,64,29,62,62,59,63,50,74,74,60,58,73,68,49,40,72,68,68,64,58,62,60,8,7,13,5,8,97500,117
Pape Gueye,Senegal,189,79,24,72,62,74,76,78,76,67,75,58,64,58,76,72,62,76,79,52,64,55,73,63,75,37,59,46,35,42,45,14,12,12,12,12,6000000,562
Landry Manga,Cameroon,166,62,23,57,60,20,29,36,42,57,21,46,55,48,54,42,84,48,32,90,79,81,36,39,49,53,41,56,34,56,60,11,13,10,7,13,19000,430
Nico Melamed,Spain,173,68,22,76,75,36,39,65,68,68,39,76,72,73,73,65,79,57,53,85,78,85,59,54,66,66,67,74,66,65,63,12,11,8,10,11,3600000,488
Edoardo Sarri,Italy,187,75,24,19,7,11,14,18,37,5,14,35,39,10,17,16,33,16,46,32,24,21,53,12,41,7,5,13,14,17,8,43,58,53,55,55,7000,78
Florian Neuhaus,Germany,185,77,26,78,77,64,67,60,77,70,72,80,75,68,83,84,64,81,65,78,72,76,54,55,75,73,79,77,55,53,63,11,6,11,10,15,19500000,388
Erick Ferigra,Ecuador,180,74,24,59,50,66,67,64,63,27,66,35,60,33,63,61,68,65,75,50,69,62,73,65,42,30,29,33,31,41,28,15,9,12,6,13,1000000,459
John Donald,Spain,185,77,22,61,49,63,65,67,66,49,69,59,52,46,63,58,48,46,60,64,54,55,63,61,56,39,41,40,35,41,39,10,14,6,11,5,60000,190
Bernardo Vilar,Brazil,192,85,25,56,37,55,62,60,55,32,57,32,53,32,51,44,63,62,74,52,65,48,72,57,41,20,23,34,30,34,32,9,7,9,9,13,25000,325
Paulo D√≠az,Chile,178,76,29,70,71,75,74,89,71,66,75,70,80,65,76,75,75,78,79,68,74,69,88,80,70,51,58,42,47,63,39,15,13,9,15,15,7000000,509
√âderson,Brazil,183,86,24,77,76,66,73,75,70,71,69,75,75,64,77,75,72,74,69,70,68,69,59,62,72,62,68,65,49,57,54,13,14,10,12,13,4900000,86
Romelu Lukaku,Belgium,191,94,30,78,82,30,41,71,83,86,27,75,82,73,78,70,72,67,95,52,86,59,74,87,87,88,75,78,66,88,79,7,8,15,14,10,54000000,332
Jurgen Ekkelenkamp,Netherlands,188,83,23,75,74,55,61,66,71,76,57,75,72,62,74,70,68,75,73,57,50,68,69,66,69,69,68,71,63,55,58,14,13,6,12,6,2800000,520
Nicol√°s Dom√≠nguez,Argentina,179,73,25,78,74,77,78,86,73,63,73,74,60,63,80,77,74,89,67,80,75,82,88,68,72,65,69,49,45,51,51,10,6,11,9,5,8500000,94
Thijmen Blokzijl,Netherlands,187,75,18,49,44,59,64,54,58,30,60,37,54,29,49,45,58,50,58,55,53,54,62,60,43,25,28,32,34,44,27,12,13,10,14,9,19000,219
Julio Calesti,Peru,168,64,23,64,67,40,36,61,72,60,54,68,70,67,64,54,74,67,61,70,68,80,67,69,68,54,54,58,60,68,49,11,13,10,16,10,1000000,72
Nicol√°s De la Cruz,Uruguay,167,65,26,78,82,70,75,86,78,80,70,82,80,74,79,74,87,86,52,85,83,92,77,70,81,74,78,84,74,69,72,7,9,6,9,9,15500000,509
Sebastian Holm√©n,Sweden,188,77,31,58,40,72,72,68,67,30,71,38,71,34,63,63,62,74,76,53,50,56,81,72,57,30,35,35,27,31,30,6,15,10,11,9,1300000,322
Mehdi Boudjemaa,Algeria,182,70,25,66,68,67,63,67,63,52,61,55,60,51,64,67,67,72,66,61,68,70,70,57,64,38,46,57,44,47,33,9,14,11,10,8,72500,304
Grigoris Kastanos,Cyprus,179,71,25,75,75,30,27,52,62,67,28,70,66,54,71,68,66,55,68,77,69,68,34,36,72,60,67,65,70,48,60,8,8,6,7,7,1800000,549
Mason Toye,United States,191,82,24,63,62,18,23,63,55,68,19,42,59,41,51,35,65,50,74,46,80,68,69,66,72,70,70,51,28,69,52,12,8,7,13,10,1000000,116
Yusuf Barasƒ±,Turkey,182,72,20,66,68,18,17,50,58,63,18,50,57,42,60,43,78,68,60,66,74,73,63,59,64,68,58,57,47,77,57,12,14,14,7,15,65000,18
Josh Benson,England,178,76,23,66,63,55,65,61,60,54,61,62,63,61,68,63,69,71,62,75,54,74,67,49,64,54,61,64,62,52,52,5,10,12,5,13,67500,79
Ga√´tan Perrin,France,169,63,27,72,73,27,33,49,63,64,23,64,65,66,68,59,83,71,60,89,82,80,68,62,66,68,65,60,47,68,58,8,12,14,10,6,2000000,14
Nacho Gil,Spain,168,63,27,67,68,35,41,55,63,68,44,70,64,58,66,59,80,60,31,86,77,78,31,30,65,66,66,66,67,59,51,14,5,8,7,14,1300000,424
Niklas Klinger,Germany,187,85,27,12,8,8,9,31,60,6,10,30,41,12,24,20,31,36,64,40,35,49,72,10,47,6,6,8,7,11,10,60,59,60,63,64,32500,648
Jordan Obita,England,180,74,29,63,64,62,62,68,64,58,62,64,68,70,62,59,64,76,76,71,66,72,74,57,63,57,57,78,70,62,53,13,15,10,9,11,77500,680
Gonzalo Go√±i,Argentina,187,83,25,55,35,65,69,69,64,34,66,32,62,35,57,45,60,66,83,57,64,55,75,66,43,21,21,29,27,39,35,9,7,8,8,11,1200000,131
Fran√ßois Moubandje,Switzerland,180,74,33,69,69,66,67,72,66,58,68,57,67,63,68,66,69,78,74,68,67,68,91,64,63,42,40,61,48,56,52,11,15,14,13,6,97500,234
Jeremy Ngakia,England,178,73,22,66,68,69,74,63,68,47,67,32,54,60,66,53,74,68,60,73,73,63,68,58,24,26,28,44,25,37,29,13,13,14,9,14,1700000,664
Joan Jord√°n,Spain,184,74,29,81,76,59,76,80,77,72,73,83,77,70,83,83,55,79,75,57,62,66,53,47,80,73,77,83,81,69,59,12,13,12,13,9,22500000,562
Diego Alexander G√≥mez,Paraguay,185,83,20,73,68,50,58,48,70,63,44,60,62,49,66,69,71,63,74,62,74,71,61,49,59,53,57,51,40,55,53,6,6,6,8,9,77500,380
Dairon Asprilla,Colombia,180,75,31,64,68,34,45,71,60,67,39,62,61,59,64,55,75,71,70,71,73,73,90,69,74,70,70,66,50,70,64,11,11,7,15,10,82500,473
Johannes D√∂rfler,Germany,186,80,27,61,62,56,57,63,59,58,59,51,54,60,59,55,76,65,76,64,71,65,73,53,57,54,42,39,37,43,42,15,7,10,6,9,40000,546
Arijon Ibrahimovic,Germany,176,71,17,66,62,28,23,48,45,61,24,59,48,55,57,46,63,41,48,70,56,71,46,57,65,60,61,64,55,60,65,10,12,12,10,8,22000,210
Luigi Canotto,Italy,175,71,29,69,72,38,42,67,64,72,38,61,64,68,69,61,72,61,49,80,72,73,45,43,66,68,51,54,44,50,50,10,13,6,6,12,1400000,507
Kapit Djoco,France,186,80,27,62,64,12,14,31,56,68,15,59,56,34,45,31,57,58,71,51,63,51,67,65,62,63,58,49,44,66,57,8,6,11,7,14,45000,523
Kim Woo Suk,Korea Republic,187,74,27,44,30,53,56,63,59,30,55,31,56,37,49,30,32,58,64,54,44,51,73,61,35,22,19,21,21,35,26,9,7,14,12,13,14000,272
Lee Gwang Yeon,Korea Republic,184,85,23,10,11,12,14,27,49,6,12,33,26,10,25,24,20,26,64,43,28,37,57,11,41,8,8,12,13,14,7,62,59,58,54,63,22000,272
Fabio Pereyra,Argentina,185,76,33,55,45,72,67,78,65,37,70,38,57,38,57,52,63,71,83,52,65,59,83,71,50,30,32,39,29,36,33,7,12,11,12,11,1000000,131
Vegard Solheim,Norway,181,75,19,56,54,53,53,43,50,45,53,46,47,40,60,56,71,53,58,74,74,73,66,50,45,36,39,37,40,36,34,10,14,5,8,7,9000,250
Nicolas Donadinna,Uruguay,172,66,31,58,50,68,69,48,68,44,63,39,49,64,58,41,66,68,44,75,64,55,62,60,39,33,36,46,38,44,35,14,9,6,11,9,87500,662
Saeed Al Rubaie,Saudi Arabia,186,80,29,60,26,63,66,63,60,27,65,29,51,31,63,57,57,70,82,53,72,50,80,68,34,20,22,23,27,35,25,9,9,6,8,8,72500,38
Anton Tanghe,Belgium,187,70,24,57,42,68,73,68,60,27,66,47,58,39,62,59,57,68,72,55,63,62,55,67,34,25,19,30,38,38,26,13,9,7,11,7,1000000,348
Rodolfo Rebones,Peru,175,70,27,68,65,34,49,34,70,66,47,69,64,68,64,42,73,78,43,83,79,78,72,59,45,60,50,55,73,66,76,7,11,14,7,12,77500,143
Mazeed Ogungbo,Republic of Ireland,188,87,20,39,57,59,65,56,58,33,56,40,54,48,52,39,70,66,64,58,72,51,68,58,52,24,22,30,29,47,35,12,15,6,11,9,21000,158
Tim Oermann,Germany,187,76,19,58,48,68,70,63,61,26,63,39,52,37,57,59,51,55,67,58,55,48,60,67,49,30,31,38,33,33,31,8,6,14,5,11,65000,675
Shamal George,England,191,79,25,30,14,14,13,42,60,18,21,45,50,17,39,42,38,34,65,35,40,48,55,18,45,20,20,17,13,22,20,62,66,60,60,66,50000,385
Juanpe Navarro,Spain,186,74,25,14,6,12,13,19,41,6,8,37,38,13,24,26,31,29,49,40,29,28,55,11,46,9,8,14,11,14,8,57,61,57,61,60,17000,190
Agyemang Diawusie,Germany,180,75,25,61,66,13,21,58,65,61,23,49,54,54,62,53,91,67,63,77,85,81,81,56,59,57,56,39,54,49,53,7,11,10,8,7,82500,581
Leon Schaffran,Germany,186,81,25,19,10,11,11,29,52,10,9,29,36,11,16,22,26,20,62,37,30,25,46,15,44,6,8,15,10,12,8,56,62,61,59,59,21000,268
Max Wei√ü,Germany,190,84,19,13,5,10,13,17,39,4,11,34,31,10,30,29,27,16,62,40,25,29,51,11,44,6,6,11,14,13,8,48,60,57,58,64,11000,354
Chadrac Akolo,DR Congo,172,72,28,69,72,26,27,57,70,70,26,59,60,67,66,63,84,69,68,86,83,90,40,51,72,70,65,68,47,53,67,10,11,14,7,7,1500000,235
David Alba,Spain,188,77,24,57,26,68,72,57,55,22,64,26,46,25,64,45,34,35,70,55,38,31,73,67,36,16,19,26,29,32,21,6,7,15,7,9,60000,112
Kipp Keller,United States,187,82,23,32,25,59,60,61,50,23,53,34,43,23,34,30,61,61,74,51,58,45,74,54,50,22,20,22,29,45,27,12,13,13,11,10,17000,69
Carlos Beitia,Spain,185,77,23,63,65,41,59,36,61,52,51,60,57,46,62,65,62,65,62,58,64,63,52,38,40,50,52,46,45,41,36,15,15,12,13,5,37500,486
Teto,Spain,175,67,21,68,60,64,57,65,59,59,52,63,60,59,69,63,68,65,51,74,66,67,60,56,70,61,42,47,50,53,42,8,5,13,10,10,65000,115
Piotr Parzyszek,Poland,191,80,29,64,58,24,37,63,63,68,26,57,65,42,67,33,57,49,79,56,54,59,64,71,64,64,57,49,43,56,62,10,14,10,10,7,72500,112
Virgil DrƒÉghia,Romania,192,88,33,16,18,12,13,36,57,11,13,47,44,12,27,27,40,37,62,47,39,46,49,11,44,14,10,16,15,11,15,58,55,60,58,57,11000,231
Argyris Kampetsis,Greece,186,81,24,68,66,18,15,57,64,65,29,58,65,59,62,56,73,64,70,65,75,66,70,63,64,67,58,61,43,62,57,10,10,8,7,12,82500,452
Yousef Fawaz,Saudi Arabia,171,60,21,51,56,24,19,34,41,43,23,41,40,40,43,32,91,49,34,87,77,83,43,29,50,48,43,40,31,40,32,7,14,5,10,14,11000,29
Philipp Sonn,Germany,165,56,18,56,54,47,45,51,55,54,42,54,50,40,61,59,69,55,38,84,55,80,60,49,51,33,40,45,35,38,38,13,14,8,7,14,11000,541
Mat√≠as Dituro,Argentina,191,86,36,19,17,18,12,20,76,19,21,65,68,13,32,25,32,42,72,32,48,40,56,12,57,12,16,12,17,20,19,77,74,74,76,80,1200000,634
Ben Rienstra,Netherlands,182,67,33,67,66,64,67,67,70,57,67,70,63,45,66,66,57,80,69,70,64,64,74,64,67,60,62,67,65,56,58,12,16,11,13,16,80000,525
Brent Kallman,United States,188,86,32,31,36,56,63,72,59,39,64,32,57,32,67,66,51,70,81,45,45,33,78,63,57,31,40,32,31,49,34,11,9,11,11,14,40000,408
Silas Almeim,Brazil,177,76,31,67,66,77,73,67,73,60,75,63,68,77,75,72,71,72,69,70,84,80,69,66,68,48,56,61,43,72,55,9,15,14,15,11,6500000,128
Josh Risdon,Australia,167,70,31,66,64,71,74,71,57,54,69,57,60,63,63,60,71,84,81,87,76,61,89,53,50,48,55,57,48,43,30,15,6,8,7,8,1400000,669
Ibrahim Sangar√©,Ivory Coast,191,77,25,75,76,79,82,76,77,68,84,74,84,65,79,76,69,85,91,72,64,64,75,71,81,61,64,64,62,64,62,6,7,13,11,7,26500000,449
Fl√°vio,Brazil,191,84,29,45,42,66,68,75,65,23,66,30,62,29,56,38,42,55,80,38,52,37,80,69,43,24,30,29,25,35,20,11,14,10,14,11,87500,459
Pascal Stenzel,Germany,183,74,27,68,65,71,72,73,67,52,72,57,67,62,74,69,52,75,63,64,51,61,66,63,75,55,64,62,50,49,39,11,13,11,10,8,1300000,645
Sadio Man√©,Senegal,174,69,31,86,88,38,42,75,91,90,35,84,84,78,84,71,91,85,72,88,86,93,87,84,83,85,78,77,64,75,75,7,10,10,15,14,101000000,210
Franco Fragapane,Argentina,167,66,30,72,76,23,28,27,67,64,50,67,74,63,71,67,89,74,53,89,87,91,68,43,69,64,66,73,63,69,69,12,9,11,10,10,3000000,408
Esteban Pavez,Chile,180,76,33,72,70,68,67,79,68,65,68,69,72,58,74,72,78,84,81,62,80,80,83,67,76,59,71,55,70,65,56,14,10,8,10,8,2000000,149
Mahlon Romeo,Antigua & Barbuda,178,73,27,61,64,62,63,60,57,61,63,63,60,64,63,60,80,80,67,72,82,80,76,57,57,47,39,55,35,48,29,15,8,13,12,7,1200000,125
Esteban Burgos,Argentina,190,80,31,53,48,59,61,72,65,32,67,35,62,35,59,52,49,82,88,43,49,56,61,64,63,49,30,35,26,69,32,7,15,9,13,12,70000,419
John Ruddy,England,193,97,36,23,11,11,11,24,70,15,22,39,53,14,25,23,38,36,71,22,43,23,68,12,54,7,15,13,13,18,11,71,70,68,72,72,21000,88
Burak √ñks√ºz,Turkey,185,78,27,48,40,63,69,61,54,29,66,31,45,38,60,63,54,69,71,59,61,58,78,68,52,31,28,39,29,41,41,15,12,5,10,14,67500,304
Thilo Kehrer,Germany,186,76,26,66,64,79,78,78,73,53,76,59,69,64,73,66,68,72,77,64,77,67,86,73,65,37,40,54,38,41,32,10,9,9,14,12,7000000,668
Casper Eklund,Sweden,182,77,19,49,50,55,56,52,52,26,54,25,40,25,52,54,68,55,60,63,70,55,72,52,30,23,19,25,27,33,22,8,13,10,14,11,11000,299
Innocent Maela,South Africa,170,68,31,68,66,70,74,51,64,44,69,41,68,65,49,26,71,69,58,83,67,55,73,65,55,31,41,46,44,40,30,10,13,12,6,15,1200000,446
Aar√≥n Dart√©s,Paraguay,170,68,31,62,66,61,63,60,67,67,62,66,65,65,62,60,67,68,44,87,63,69,70,52,69,68,70,59,46,59,60,9,12,15,12,10,50000,577
Charlie Goode,England,196,75,28,55,54,66,66,69,60,38,66,48,60,35,59,58,52,63,82,52,53,53,74,67,41,30,27,39,29,39,30,7,11,9,8,9,97500,90
Petter Strand,Norway,177,70,29,66,65,59,65,64,66,61,66,64,60,54,65,63,80,87,63,71,76,86,73,48,71,55,60,65,63,56,55,7,14,10,9,10,90000,658
Arvid Brorsson,Sweden,188,81,24,44,36,59,62,56,55,20,59,33,52,34,45,48,57,61,78,53,49,53,70,65,28,15,22,30,27,29,25,12,5,12,8,14,32500,409
Esteban Rol√≥n,Argentina,178,70,28,66,60,63,63,69,68,55,68,63,68,54,69,67,68,65,64,70,63,66,70,58,69,42,59,47,55,53,57,10,15,8,15,11,1100000,92
Cucho Hern√°ndez,Colombia,176,73,24,73,77,40,43,75,74,78,23,67,70,61,73,66,86,75,75,79,79,78,73,71,74,78,73,60,68,70,69,9,9,11,11,6,9000000,151
Arouna Sangante,Senegal,189,76,21,57,49,65,68,65,63,30,64,50,62,44,59,50,52,65,75,57,62,53,74,69,47,25,30,39,31,39,28,10,13,13,8,10,85000,305
Silviu Lung,Romania,188,80,34,23,17,13,19,39,71,10,14,69,65,19,30,21,38,27,62,62,35,67,53,16,52,14,17,15,18,17,13,74,72,70,69,74,1000000,37
Lee Seung Mo,Korea Republic,185,70,25,69,62,53,61,64,63,59,59,58,62,46,66,63,69,74,82,68,72,65,70,62,65,53,63,55,50,49,43,13,9,14,10,11,60000,470
Unai Marrero,Spain,189,82,21,16,8,10,10,16,45,7,9,42,40,10,21,16,21,24,59,38,24,21,52,10,44,5,9,12,10,15,6,62,64,60,59,66,32500,504
Horacio Tijanovich,Argentina,173,68,27,69,68,19,17,56,62,67,24,62,61,55,64,55,77,63,61,72,78,75,75,52,69,71,61,55,47,58,52,14,12,5,5,7,1100000,76
Holden Trent,United States,188,78,24,13,11,11,13,26,43,5,9,22,35,10,17,18,32,20,57,34,30,31,50,13,35,6,7,14,13,15,7,51,49,58,46,58,8000,464
Mattia Finotto,Italy,186,72,30,63,64,27,30,57,68,64,29,65,62,53,52,48,81,78,66,71,80,70,69,65,60,64,56,49,48,66,65,10,10,11,10,14,72500,155
Benjam√≠n Berr√≠os,Chile,168,67,25,69,67,68,72,68,69,56,72,67,68,54,77,65,71,89,66,87,70,80,76,40,56,48,54,47,44,48,43,8,13,8,10,8,1600000,198
Bartosz Kwiecie≈Ñ,Poland,189,88,29,58,51,59,61,80,61,57,62,55,57,38,63,61,51,71,85,52,69,59,79,63,70,52,46,40,34,37,31,12,14,13,10,14,52500,360
Darryl Lachman,Curacao,189,75,33,57,60,63,65,70,63,32,63,54,66,36,65,61,66,69,90,62,74,53,71,62,66,34,43,33,48,44,35,6,13,15,8,14,65000,460
Tony Jantschke,Germany,177,76,33,67,58,73,73,68,75,45,77,53,78,63,70,69,61,66,69,68,66,66,83,66,48,35,44,43,40,51,37,6,11,6,7,13,1500000,388
Milan Pavkov,Serbia,193,83,29,68,66,19,18,68,67,70,22,54,66,38,62,43,49,71,89,33,53,34,92,86,76,74,68,51,55,70,66,7,7,7,14,7,1900000,31
Ernesto Torregrossa,Venezuela,184,87,31,69,64,21,23,40,71,74,25,58,68,44,62,49,70,78,84,63,75,80,89,70,72,74,60,55,54,72,62,13,10,9,5,8,1800000,466
Brais M√©ndez,Spain,187,76,26,82,82,54,65,74,81,81,55,83,80,78,83,82,71,63,68,37,69,75,70,71,73,82,75,74,75,72,65,12,10,5,10,8,19500000,504
Andrea Beghetto,Italy,182,75,28,66,61,60,59,56,66,64,60,56,60,71,62,60,80,78,57,78,80,74,66,50,64,41,46,68,66,58,42,6,8,7,8,13,1200000,643
Emirhan ƒ∞lkhan,Turkey,175,68,19,68,73,50,55,59,54,64,50,67,63,54,67,63,68,67,35,76,68,73,52,49,62,57,59,59,52,50,48,15,8,11,6,15,60000,551
Steven Fortes,Cape Verde,192,85,31,58,38,68,71,76,62,23,64,51,61,51,60,59,34,75,90,45,38,58,53,73,34,41,54,27,29,36,24,15,11,8,8,7,1100000,487
Parejo,Spain,182,74,34,86,81,69,70,58,79,81,80,90,85,86,92,90,52,76,70,72,49,63,49,61,81,83,88,88,90,88,72,14,5,9,12,8,42000000,653
Kevin Vogt,Germany,194,87,31,73,67,76,77,71,76,55,80,67,80,63,80,81,64,67,83,46,77,54,57,75,76,50,57,50,62,53,51,7,6,13,8,14,6000000,613
Lewis Baker,England,182,72,28,75,69,64,67,72,70,65,67,72,71,70,73,73,67,76,69,73,66,72,62,58,77,67,74,74,76,78,71,8,8,15,12,6,2500000,600
Ensar Aksakal,Germany,174,67,21,66,66,39,40,40,50,58,30,52,53,61,60,56,68,60,48,71,68,78,72,54,61,62,55,63,57,58,60,7,13,10,12,14,45000,312
James L√©a Siliki,Cameroon,183,73,27,71,72,71,71,71,70,68,67,69,69,68,71,68,68,72,69,69,67,74,63,68,72,53,67,78,64,64,65,11,10,12,12,12,1700000,194
Francesco Renzetti,Italy,173,63,35,64,64,62,69,70,62,60,61,62,65,68,70,64,76,78,53,82,78,81,78,54,64,48,52,66,64,43,48,12,8,9,5,10,50000,410
J√©r√¥me Prior,France,187,86,28,22,18,13,14,40,63,15,25,46,59,13,38,40,48,30,78,51,55,35,61,15,51,16,17,16,16,14,17,70,70,67,68,74,1300000,458
Mat√≠as Morello,Argentina,186,75,22,68,67,63,62,55,62,54,49,62,57,52,75,70,66,73,57,72,68,68,56,48,58,48,52,49,51,48,49,5,11,14,6,12,82500,44
Marcelo Ort√≠z,Argentina,186,80,29,62,54,66,65,63,65,31,69,37,63,58,63,56,66,67,74,57,64,50,79,58,39,20,21,40,23,35,22,14,5,9,8,12,62500,66
Harry McCarthy,Australia,168,65,21,54,44,20,28,25,35,41,24,50,49,46,50,48,74,51,50,85,75,54,39,32,50,44,39,37,34,46,42,15,7,7,7,9,7000,130
Jƒôdrzej Grobelny,Poland,188,80,22,10,5,12,11,16,49,5,7,36,24,13,29,22,30,23,56,55,33,36,54,14,44,7,9,13,13,17,7,58,62,60,58,60,22000,663
Joao Grimaldo,Peru,175,73,20,68,70,33,30,45,64,62,33,65,53,55,65,64,71,55,51,65,73,62,53,35,66,64,68,48,68,65,55,5,10,10,6,7,92500,586
Bukayo Saka,England,178,65,21,85,88,67,69,66,84,82,68,83,79,81,81,65,88,80,62,86,82,84,54,45,74,81,75,81,69,81,70,9,7,8,13,13,47500000,58
Gast√≥n Benav√≠dez,Argentina,175,71,27,58,59,69,68,58,57,59,66,41,49,66,60,56,67,68,55,66,65,61,52,46,33,36,31,50,31,44,30,7,10,14,14,9,1000000,615
Leo ≈†tulac,Slovenia,175,70,28,73,62,69,72,67,66,67,72,66,66,60,73,70,69,69,69,72,68,71,64,52,70,52,72,64,66,50,64,13,13,5,12,15,1800000,450
Fabian Piasecki,Poland,186,77,28,65,63,27,29,68,58,69,37,54,58,51,66,55,75,81,78,67,77,74,76,58,69,70,66,51,52,62,64,15,10,9,9,9,1100000,495
Roberto Garc√©s,Ecuador,178,66,30,64,59,57,67,59,61,59,66,64,56,45,66,62,63,74,59,58,64,64,57,49,49,53,54,37,52,53,33,14,13,13,9,9,62500,118
Leon Bergsma,Netherlands,185,72,26,64,48,62,65,60,64,36,62,58,66,34,65,64,63,66,70,63,67,63,80,64,50,29,25,33,29,54,34,11,14,10,6,12,70000,525
Feng Jin,China PR,179,72,30,59,65,50,48,66,60,61,51,61,56,58,58,56,85,83,69,80,73,77,80,51,61,54,56,60,43,42,55,12,11,11,8,11,35000,566
Tobias Anselm,Austria,186,75,23,66,64,47,39,41,59,63,28,65,57,53,64,58,74,62,64,62,77,55,54,56,64,65,60,48,44,52,59,14,6,14,7,5,70000,364
Peter Makrillos,Australia,186,80,27,62,59,57,59,60,61,59,59,59,58,48,63,61,61,64,65,58,54,53,61,52,55,49,48,40,34,32,35,6,6,8,6,9,27500,270
Lucas Torr√≥,Spain,190,77,29,78,64,74,77,71,74,59,75,69,69,52,79,77,51,78,76,43,50,64,80,75,73,59,69,58,52,57,46,12,13,14,7,16,10000000,111
Romaine Sawyers,St Kitts Nevis,185,67,31,74,70,50,60,63,69,63,58,73,72,59,76,74,63,69,66,77,65,78,42,55,60,59,66,65,54,57,62,15,12,11,6,6,1500000,125
Moleiro,Spain,169,67,19,76,79,53,48,60,66,72,45,84,60,59,77,74,80,65,56,83,74,80,61,57,68,69,62,59,42,59,53,8,6,9,11,11,4400000,630
Maciej Doma≈Ñski,Poland,168,62,32,63,64,44,51,65,66,70,49,67,65,65,68,62,72,90,60,83,69,81,55,68,68,65,70,63,62,66,52,10,14,6,12,10,85000,596
Demarai Gray,England,183,75,27,82,84,31,45,41,68,74,25,72,73,74,71,58,87,70,59,78,86,81,51,31,82,77,75,72,60,61,54,13,6,11,11,10,11500000,197
Merlin R√∂hl,Germany,192,76,21,69,69,59,62,48,68,58,56,59,63,69,69,65,70,79,69,60,79,67,58,57,54,48,49,47,39,42,39,7,11,14,10,8,77500,526
Maghnes Akliouche,France,183,63,21,67,72,44,49,47,64,63,41,67,65,60,66,64,72,58,59,75,75,76,36,46,64,58,57,61,54,57,53,5,8,10,9,8,97500,15
Yankuba Minteh,Gambia,180,65,19,63,63,20,21,35,52,54,24,54,56,48,50,38,85,53,34,82,87,88,45,40,46,58,48,47,38,45,41,11,9,8,7,8,32500,442
Maxim Deman,Belgium,194,82,21,15,13,10,11,20,46,6,12,32,28,10,16,22,24,18,52,28,15,22,36,10,44,4,6,12,10,15,8,57,64,59,58,62,20000,346
Samir Ujkani,Kosovo,186,83,35,23,12,10,11,20,59,10,10,31,50,12,36,26,51,21,59,50,49,55,76,10,46,13,17,11,14,22,12,71,68,67,61,67,40000,191
Gary Deegan,Republic of Ireland,176,75,35,52,51,52,55,82,54,57,54,55,51,48,53,51,35,48,68,66,31,46,60,51,57,43,44,40,43,56,41,13,16,9,13,13,5000,182
Adam Stejskal,Czech Republic,189,67,21,10,14,12,11,26,49,7,12,36,22,13,18,23,15,17,48,39,29,26,54,10,39,7,6,10,12,13,6,59,58,56,52,60,17000,485
Steve Seddon,England,179,68,25,60,60,55,57,56,58,55,59,60,60,57,60,58,71,77,56,60,70,75,58,52,54,42,49,67,68,49,56,7,13,10,9,12,42500,121
Timothy Derijck,Belgium,186,76,36,58,43,64,66,69,65,33,76,44,74,31,61,60,33,55,72,59,33,44,40,70,44,45,54,43,40,70,27,12,8,9,12,14,32500,683
Rayane Falchou,Belgium,180,65,18,19,7,14,14,26,47,6,14,30,39,12,15,19,41,28,56,50,38,49,67,14,43,7,9,13,12,14,5,54,58,52,57,60,10000,347
Raphael Framberger,Germany,179,76,27,60,50,71,72,65,67,53,67,48,56,56,64,51,79,64,58,73,83,69,62,54,42,41,38,38,40,39,40,8,13,15,11,9,1400000,545
Tanner Beason,United States,185,79,26,60,54,67,66,53,59,32,64,29,49,36,58,45,55,70,77,51,65,57,76,60,32,21,24,27,21,36,24,11,7,8,11,10,70000,534
Pol Bassa,Spain,170,65,20,54,56,65,64,56,57,54,57,44,43,61,52,50,71,62,39,75,65,70,54,42,45,40,42,55,36,43,36,14,12,7,9,5,32500,108
Koo Ja Ryong,Korea Republic,182,75,31,54,36,64,62,66,62,22,62,49,63,25,57,49,65,71,72,64,67,64,81,67,36,24,36,27,30,32,25,10,15,16,12,7,47500,340
Gianni Stensness,Australia,185,82,24,62,56,65,65,69,58,43,61,55,60,37,64,61,54,84,80,50,55,51,82,67,51,37,44,31,33,42,26,6,13,7,6,7,85000,650
Sa≈°a Kalajd≈æiƒá,Austria,200,93,26,78,74,47,46,44,78,81,34,75,74,59,77,64,64,67,83,53,55,63,54,87,74,82,62,50,47,57,73,14,7,6,13,15,12500000,676
Daniel Opare,Ghana,174,74,32,66,68,67,65,70,64,63,65,58,67,64,62,63,76,62,65,76,77,75,81,57,71,54,66,64,56,47,37,7,6,16,11,10,75000,490
Fritiof Hellichius,Sweden,184,75,20,62,55,43,47,51,55,53,52,56,40,53,60,57,63,57,60,61,64,66,62,44,46,36,31,39,35,33,34,12,9,6,13,7,13000,324
Nathan Thompson,England,177,80,32,58,59,67,69,78,63,38,65,51,64,56,59,54,73,76,78,83,68,74,90,64,43,36,41,37,33,30,34,8,8,14,13,13,75000,462
Damien Le Tallec,France,187,77,33,70,69,70,71,77,69,65,69,70,66,58,69,67,58,73,75,59,59,57,70,74,65,59,58,60,37,66,55,10,10,12,6,10,1200000,246
Dedryck Boyata,Belgium,188,84,32,60,53,75,75,77,64,39,74,38,66,46,69,63,65,62,85,63,68,64,70,76,55,20,25,34,13,17,44,13,11,8,13,8,2900000,146
Musab Habkoor,Saudi Arabia,166,59,24,57,57,49,54,49,52,50,54,52,51,48,57,53,63,50,48,70,62,57,56,45,43,45,35,46,44,47,30,14,11,8,10,11,11000,22
Craig Noone,England,177,69,35,70,68,52,56,61,63,63,58,69,67,73,65,67,69,78,64,76,69,72,67,52,65,62,66,74,63,61,66,16,9,11,6,13,65000,392
Connor Pain,Australia,175,68,29,60,64,58,60,50,54,65,57,68,53,63,59,45,83,86,65,83,87,84,89,47,64,58,65,64,58,58,45,14,9,14,14,13,85000,669
Jeremy Cijntje,Curacao,183,78,25,68,70,29,28,37,55,58,19,50,54,52,55,54,84,54,65,58,88,81,41,62,70,53,52,53,47,54,51,7,6,10,14,13,55000,251
Cameron Cook,Australia,188,79,22,16,10,13,10,30,52,7,11,25,22,12,27,16,28,29,54,50,34,37,57,10,47,9,7,12,10,16,9,57,56,55,62,58,14000,460
Shi Chenglong,China PR,185,76,24,36,17,25,23,21,45,11,7,53,32,31,27,31,22,45,57,42,28,35,62,19,41,20,12,13,16,26,19,52,54,54,55,53,8000,311
Nasser Al Dawsari,Saudi Arabia,178,68,24,68,66,59,58,55,59,58,61,65,63,72,70,69,66,65,58,67,69,82,67,52,69,55,65,66,50,48,38,14,14,13,12,15,75000,32
Eirik Haugan,Norway,180,70,26,60,51,65,66,66,65,32,65,40,60,28,62,54,54,66,76,67,56,62,82,64,45,38,30,28,32,52,28,9,13,12,7,15,1000000,411
Diego L√≥pez,Spain,172,63,21,60,64,30,30,33,61,64,30,49,49,59,58,44,73,55,52,70,73,65,54,56,57,66,56,55,52,60,47,14,14,15,13,12,45000,640
Efe Arda Koyuncu,Turkey,180,75,18,44,30,62,61,60,53,30,53,29,45,30,40,42,54,58,57,54,53,58,65,52,46,28,25,26,27,39,28,6,14,14,14,9,12000,82
Emerson Anchondo,Ecuador,177,73,23,62,64,23,29,48,58,56,25,44,54,42,57,40,73,63,66,72,69,64,52,55,60,61,52,42,48,64,55,61,45,61,53,68,30000,365
Li Peng,China PR,187,80,33,45,25,60,59,59,59,34,58,36,47,30,56,50,55,84,81,63,43,54,70,58,52,20,22,31,22,30,20,11,13,6,8,8,22000,679
Bon√© Uaferro,Germany,191,88,31,58,55,62,65,61,54,29,62,55,62,39,62,60,42,37,84,52,51,43,62,71,52,30,39,45,43,42,29,15,10,16,9,7,57500,548
Oleksandr Andrievskyi,Ukraine,179,75,29,56,68,68,67,64,69,45,65,67,61,45,72,73,65,71,73,67,67,50,60,47,68,39,67,36,67,35,37,12,12,11,8,11,1100000,186
Muhannad Al Qaydhi,Saudi Arabia,187,85,25,51,37,61,59,58,53,34,55,38,39,37,52,41,66,68,70,62,56,53,70,56,35,20,17,35,24,41,22,7,10,11,14,11,21000,31
Emanuel Lalchhanchhuaha,India,167,61,21,45,50,37,31,55,54,52,47,52,36,42,54,52,70,58,41,85,67,68,62,46,50,39,36,41,32,35,37,9,8,13,13,14,7000,431
Lewis Bate,England,172,63,20,68,65,58,62,60,63,55,55,68,67,55,72,70,76,70,53,84,73,76,49,42,57,52,49,55,51,46,45,6,10,9,7,10,92500,447
Stephen Walker,England,181,72,22,60,62,35,30,35,54,59,32,53,55,48,55,47,78,63,57,79,73,69,71,56,58,58,54,39,36,61,46,9,5,10,6,15,30000,403
Martin Kobyla≈Ñski,Poland,179,84,29,66,62,27,36,40,62,63,41,66,61,67,63,60,68,53,55,81,67,79,69,48,78,60,70,71,74,64,63,6,12,6,11,16,60000,4
Gao Lin,China PR,185,75,37,65,62,51,52,61,60,70,48,73,67,63,68,66,58,54,74,74,59,54,75,70,70,61,62,65,60,72,63,11,10,9,7,9,24000,571
Samuel Lino,Brazil,178,66,23,76,77,25,22,53,76,73,40,69,71,62,74,65,84,84,58,78,79,79,59,58,74,74,63,58,46,72,62,9,12,9,14,6,6500000,640
Luis V√°zquez,Argentina,190,78,22,73,66,16,17,55,70,77,22,65,73,52,69,60,70,77,73,65,70,73,76,76,72,73,69,60,47,68,52,6,12,5,5,8,2800000,92
Jores Okore,Denmark,180,80,31,58,56,66,68,80,59,52,69,59,60,33,60,64,58,78,88,54,76,60,90,69,66,34,38,39,29,33,31,15,9,15,16,15,1300000,135
Adolphe Teikeu,Cameroon,189,85,33,54,37,68,71,60,51,28,57,32,59,29,56,33,37,67,82,49,34,47,91,70,40,33,26,33,28,36,31,11,13,7,14,7,55000,538
Ignacio Aliseda,Argentina,168,77,23,67,72,45,41,49,61,63,29,62,62,58,62,57,84,63,50,83,82,85,63,46,65,64,55,52,43,51,52,13,11,9,7,11,1200000,223
Dylan Barkers,Netherlands,193,86,23,53,48,52,53,60,52,40,51,52,51,36,57,55,59,59,76,40,63,50,50,49,56,33,35,31,25,30,34,13,9,9,11,9,15000,139
Aaron McNally,Republic of Ireland,184,77,23,51,55,51,50,52,46,49,49,48,51,54,51,40,64,55,59,59,65,61,60,37,30,50,31,53,31,34,29,9,14,9,12,15,13000,182
Othman Al Othman,Saudi Arabia,173,64,20,45,51,18,16,39,39,47,19,41,44,43,47,38,87,33,30,72,72,81,54,24,41,44,49,48,31,45,36,11,8,12,9,13,6000,30
Jordan Ferri,France,173,73,31,76,72,67,72,86,77,70,75,79,75,68,81,78,59,78,69,83,55,69,64,53,77,60,69,71,55,54,56,15,7,11,11,15,9000000,412
Benjamin Leneis,Germany,195,85,24,17,13,13,12,18,54,3,3,26,20,12,16,22,19,18,38,28,24,34,38,14,44,6,6,14,11,19,9,56,64,55,59,62,21000,206
Eli Adams,Australia,180,70,21,66,68,36,30,43,48,45,25,50,50,35,58,49,72,71,49,76,68,78,62,35,47,37,36,49,44,47,41,14,10,14,8,11,16000,400
Jevani Brown,Jamaica,180,75,28,65,67,43,44,59,68,67,42,66,70,58,67,60,78,79,67,72,84,80,69,59,66,65,60,63,58,71,58,7,7,12,15,9,1100000,200
Teddy Bartouche-Selbonne,France,178,70,26,17,5,13,11,19,39,5,12,33,23,14,20,19,19,30,51,46,38,37,60,15,42,7,5,13,11,15,5,55,62,57,56,63,17000,222
Vito van Crooij,Netherlands,179,70,27,68,65,32,41,77,65,66,38,65,67,64,66,59,76,78,59,71,79,77,73,55,73,68,68,70,69,62,61,14,12,14,9,12,1500000,583
Luciano Narsingh,Netherlands,178,69,32,68,68,22,28,28,57,64,20,62,64,65,63,51,80,59,59,69,80,77,33,40,59,60,54,65,67,58,62,8,10,8,14,6,70000,404
Abdulkarim Al Qahtani,Saudi Arabia,175,65,30,63,65,37,40,45,52,54,49,54,45,57,62,59,72,56,59,66,70,69,32,30,65,55,60,41,57,47,54,9,15,11,12,9,24000,41
Juli√°n √Ålvarez,Argentina,170,71,23,84,82,46,53,84,78,82,46,78,82,75,76,74,81,79,70,87,77,87,69,68,84,82,80,80,74,73,75,15,6,10,8,6,21000000,395
Joel Randall,England,177,66,23,62,62,24,30,31,55,58,24,59,56,62,59,53,81,83,44,77,76,75,63,39,59,61,56,45,39,53,43,15,9,8,8,12,70000,462
Julen,Spain,186,75,24,10,11,12,14,23,46,7,13,23,35,11,24,19,32,25,52,55,30,38,54,10,38,8,8,13,10,12,8,51,60,62,51,61,17000,113
Yari Verschaeren,Belgium,172,63,22,77,79,35,48,43,66,63,47,70,71,68,77,70,73,64,38,86,69,89,71,39,67,67,72,75,68,63,72,10,15,6,12,7,3400000,492
Oscar Wikl√∂f,Finland,184,78,20,60,58,48,54,56,55,57,53,58,49,42,61,58,68,59,58,62,61,59,62,51,47,49,48,37,34,37,30,14,5,7,14,10,22000,527
Sehnaj Singh,India,174,83,30,45,46,47,50,82,47,47,48,51,42,39,50,47,48,80,79,50,34,55,79,46,58,29,46,35,49,43,43,13,14,12,15,9,9000,431
Luciano Aued,Argentina,178,69,36,76,72,65,73,70,72,68,62,74,67,69,78,75,50,71,77,59,53,55,57,67,71,61,63,63,61,80,58,7,8,6,15,7,1200000,637
Alexander Munksgaard,Denmark,181,75,25,63,60,58,60,55,60,43,58,50,52,55,60,55,79,73,75,69,79,72,80,60,54,42,34,58,31,40,40,10,7,10,10,14,62500,12
Mamadou Mbaye,Senegal,193,81,25,64,32,67,73,63,58,23,65,35,55,53,70,59,55,62,70,50,58,40,70,72,50,23,19,50,30,32,39,5,15,12,11,5,1200000,163
Martin Luciano,Argentina,177,70,20,52,55,67,65,66,59,53,55,43,49,61,57,48,83,70,45,68,77,62,62,42,42,22,36,51,30,41,31,6,12,11,11,7,67500,428
Robert Street,England,188,70,21,60,58,25,24,54,55,61,19,49,55,31,56,37,66,50,73,51,69,54,66,60,62,59,55,40,31,57,51,15,11,12,6,13,27500,572
Isaak Tour√©,France,204,75,20,62,47,60,71,84,53,38,64,50,64,42,59,47,63,65,91,47,69,53,74,64,39,29,19,38,24,41,27,5,14,7,7,12,1100000,14
Alminho Boas,Brazil,180,75,27,70,60,70,73,85,68,55,69,58,65,43,75,69,65,77,72,85,55,71,69,58,23,41,42,48,47,49,37,12,9,10,12,11,2300000,65
Jamie Jacobs,Netherlands,182,74,25,68,68,58,59,59,66,67,61,71,66,63,69,66,69,74,60,66,66,73,58,52,67,67,65,67,64,60,55,6,8,11,9,12,1400000,525
Isaac Fletcher,England,194,85,21,57,58,44,50,37,54,48,40,55,59,50,59,59,69,55,79,41,55,47,44,39,51,55,39,52,47,44,47,7,8,9,12,10,14000,403
Germ√°n Fern√°ndez,Spain,185,69,22,16,12,11,15,25,45,6,13,32,41,15,31,20,33,24,57,43,25,42,64,12,41,9,8,12,10,11,9,58,56,60,54,61,18000,479
Samuel ≈ûahin-Radlinger,Austria,196,94,30,23,10,20,13,16,64,13,12,45,51,12,24,25,52,29,59,42,50,36,55,12,44,15,12,19,16,16,8,68,69,67,59,70,95000,544
Daniel Afriyie,Ghana,165,69,22,65,73,28,36,40,52,59,42,58,56,52,62,52,85,69,42,86,83,84,71,33,61,56,56,42,33,49,44,12,13,12,10,10,85000,244
Courtney Duffus,Republic of Ireland,188,76,27,56,55,24,24,49,53,55,22,55,54,36,49,39,71,54,72,61,65,59,50,55,61,55,50,60,38,57,49,6,9,11,10,10,18000,414
Juan Jos√© Mina,Colombia,179,78,19,54,55,58,61,52,63,46,60,35,48,64,58,50,75,83,63,66,79,72,69,57,38,41,36,44,37,44,35,8,14,8,9,7,77500,175
L√©vi Ntumba,France,194,82,22,19,14,11,15,29,57,7,15,44,42,13,31,26,24,29,64,24,26,36,38,14,42,9,8,16,15,14,7,58,60,57,56,62,22000,286
Isma√´l Kon√©,Canada,188,76,21,72,69,49,64,61,66,65,55,63,70,42,69,66,74,71,68,52,81,67,58,51,66,55,68,66,44,39,34,9,7,7,13,13,1100000,664
Vittorio Agostinelli,Italy,183,74,21,61,63,41,37,41,61,56,27,61,49,44,61,57,53,58,57,63,54,50,58,36,53,45,52,43,56,45,41,6,11,14,13,6,18000,155
Mathias Autret,France,179,71,32,72,75,40,49,55,70,75,53,73,64,75,77,76,62,54,62,78,64,72,67,48,76,72,65,63,70,62,64,10,10,6,13,12,2500000,14
Jack Taylor,Republic of Ireland,185,70,25,67,68,64,65,56,66,63,64,67,65,56,69,68,72,83,64,71,73,71,52,53,69,63,71,58,52,46,56,10,15,8,14,14,1400000,462
Villahermosa,Spain,172,63,22,71,68,58,59,58,60,58,58,68,65,56,70,66,66,62,58,74,65,76,54,53,64,60,56,60,62,65,54,7,6,14,11,13,82500,488
Li Tixiang,China PR,183,71,34,57,53,57,60,66,56,58,61,49,58,47,59,63,68,76,71,76,66,63,73,57,73,38,65,33,48,38,31,10,12,15,13,11,13000,291
Aleksander Kjelsen,Norway,183,72,17,42,36,54,56,51,45,30,56,40,45,26,45,28,70,51,58,62,68,57,71,50,38,22,24,26,23,33,29,8,8,6,9,14,9000,658
Marc Carb√≥,Spain,185,76,29,65,58,54,62,48,61,59,58,58,51,53,66,64,57,60,56,64,62,53,58,41,60,56,55,35,32,43,30,10,10,12,12,14,40000,113
David Garc√≠a Hurtado,Spain,183,77,19,63,62,58,62,61,61,55,54,54,49,50,68,67,59,60,64,58,60,58,57,57,62,49,55,49,45,55,48,15,7,13,14,11,35000,532
Marcel Canadi,Austria,184,76,25,62,60,45,38,45,55,54,29,60,53,57,65,60,65,53,63,65,75,66,54,43,60,52,55,55,57,56,53,13,13,11,12,14,37500,104
Abdallah Sima,Senegal,188,74,22,69,69,40,38,62,70,75,35,68,72,64,63,55,86,80,69,61,88,70,78,75,74,72,71,61,51,61,74,7,9,8,8,12,2800000,50
Brandon Bye,United States,183,79,27,65,64,65,70,62,67,62,65,58,63,68,62,57,74,81,73,60,79,69,82,67,68,55,56,60,47,48,51,7,7,10,8,10,1900000,424
Serafin Rochedo,Ecuador,179,72,31,75,53,73,66,58,55,63,57,53,59,70,66,61,60,63,55,60,59,52,62,65,53,38,57,51,47,59,33,12,10,12,13,15,1000000,365
Vlad Chiriche»ô,Romania,184,75,33,63,59,72,74,75,70,36,76,46,67,46,66,68,53,53,66,66,54,53,69,73,75,56,66,46,41,51,70,14,7,11,10,13,1500000,159
George Hirst,England,191,81,24,65,60,25,19,62,65,67,22,53,67,40,60,38,64,67,80,52,79,61,79,66,69,68,60,45,39,64,60,10,13,13,13,9,1200000,335
Roberto,Spain,186,75,21,70,71,35,33,63,60,61,29,57,67,52,67,57,73,48,62,69,66,59,77,69,70,69,67,46,46,54,57,13,12,13,5,14,1200000,207
Tiago Djal√≥,Portugal,190,82,23,67,62,75,78,74,73,51,75,56,69,57,69,65,79,70,84,49,83,65,69,70,59,36,38,53,32,47,35,7,9,9,9,6,6000000,366
≈Ωan Kolmaniƒç,Slovenia,178,69,23,65,62,55,62,54,63,63,51,63,60,70,69,63,64,72,66,56,68,60,64,45,38,41,41,65,63,35,25,14,7,14,8,10,52500,69
Samuel Gustafson,Sweden,186,80,28,75,68,61,66,66,77,60,68,70,78,64,75,71,58,81,70,59,54,75,33,49,63,57,62,68,64,48,47,12,16,15,8,11,2200000,74
Beb√©,Cape Verde,190,83,33,69,77,20,28,75,65,72,33,71,71,69,74,68,73,75,92,60,89,68,74,57,89,74,79,67,77,65,69,7,15,7,8,11,3500000,505
Pierre-Yves Ngawa,Belgium,187,75,31,62,59,66,70,69,62,38,65,39,60,56,57,52,69,68,73,60,78,74,77,64,56,33,45,39,32,41,32,8,7,14,11,9,82500,438
Joe Garner,England,178,74,35,62,58,38,48,84,61,65,36,56,68,49,55,57,54,37,70,76,50,74,89,63,66,61,64,49,43,69,63,12,10,15,15,15,19000,126
Emeka Friday Eze,Nigeria,185,80,26,67,64,11,15,71,63,67,14,64,70,45,61,47,75,64,82,57,70,67,64,67,78,68,67,50,52,69,55,8,13,13,13,14,1400000,685
Sebastian Jacob,Germany,183,82,30,68,66,22,21,53,63,68,24,67,66,40,63,49,70,70,71,70,74,70,71,66,64,66,58,54,37,64,60,7,14,10,13,15,85000,548
Liu Sheng,China PR,185,78,33,34,24,57,64,42,50,23,47,35,39,27,29,25,62,57,79,57,48,34,74,41,35,19,16,30,29,32,21,12,14,14,13,10,6000,399
Daniel Crowley,England,170,71,26,67,69,49,52,58,65,60,48,66,71,68,67,66,75,65,53,82,68,76,46,40,63,58,62,72,67,61,59,13,15,9,7,9,97500,414
Marvin Obuz,Germany,182,75,21,67,67,22,25,41,51,53,22,52,56,53,57,51,73,50,59,67,68,70,49,42,55,51,47,53,48,49,45,15,14,6,9,8,27500,315
Bradley Danger,France,182,73,25,67,63,60,63,67,67,51,60,64,69,57,66,62,76,80,74,63,73,64,66,57,42,48,45,32,40,52,49,15,15,6,7,13,87500,511
Jackson Crusso,Brazil,187,77,23,71,73,11,26,38,56,57,13,57,62,64,60,59,78,48,48,76,70,82,77,63,68,51,57,38,60,51,54,9,16,7,12,9,85000,162
Joseph Mendes,Guinea Bissau,186,80,32,62,60,21,45,55,53,60,38,51,56,51,56,44,65,73,86,63,75,62,78,66,67,62,62,59,57,63,61,7,6,6,6,12,40000,511
Ben Nelson,England,187,74,19,42,44,56,58,60,54,31,57,42,51,35,46,38,63,62,75,67,67,61,67,58,45,28,27,33,30,39,25,7,11,12,15,14,18000,181
Kevin Cordesia,Colombia,178,71,35,68,70,22,32,48,72,63,45,74,71,70,72,68,79,73,64,74,74,79,64,60,71,64,68,75,61,67,67,12,7,12,11,12,87500,49
Hugo Mallo,Spain,173,69,32,70,62,78,79,76,80,46,78,64,70,78,72,61,60,81,68,63,67,73,79,67,67,28,39,65,38,23,28,9,14,9,7,15,7500000,486
Michael Halliday,United States,183,72,20,48,46,50,51,46,49,44,45,39,34,41,52,38,66,66,60,61,67,58,70,41,28,29,27,32,34,30,22,6,9,12,9,5,11000,445
Axel Ngando,France,177,71,30,71,70,32,34,42,58,62,41,63,60,66,69,63,72,34,38,81,56,81,56,54,73,63,67,71,64,63,68,9,14,14,10,13,72500,287
Gor Manvelyan,France,180,68,21,69,69,35,46,38,43,52,22,56,66,56,65,63,76,33,32,71,67,69,35,30,62,59,63,58,59,51,53,13,14,11,13,5,45000,227
Donervon Daniels,Montserrat,186,91,29,50,52,62,62,72,58,33,62,40,59,45,53,43,60,68,86,49,64,48,72,61,45,22,20,41,23,36,31,16,13,10,10,11,50000,661
Jakob Odehnal,Austria,195,85,22,12,16,11,12,23,53,9,13,24,33,12,21,18,29,18,52,36,35,28,57,12,43,8,9,14,12,19,7,61,64,62,57,64,32500,530
Axel Werner,Argentina,191,85,27,23,13,17,13,24,55,16,27,50,52,14,25,19,44,38,75,43,46,34,58,15,56,19,18,20,15,23,12,68,74,72,75,70,1300000,190
Nick Powell,England,183,65,29,73,71,49,54,60,68,71,45,71,69,64,70,70,69,64,72,74,65,71,84,75,73,68,69,72,71,70,63,14,15,13,7,12,1600000,600
Jonathan Rowe,England,173,67,20,67,69,17,24,46,57,66,30,62,63,60,62,47,85,44,59,80,81,80,43,50,71,59,55,55,38,55,52,7,8,13,15,10,77500,433
Ivor Pandur,Croatia,187,78,23,16,10,14,10,21,72,7,6,37,48,14,29,28,37,28,44,31,41,37,50,11,47,6,7,14,10,14,8,69,71,69,62,77,2100000,264
Miguel √Ångel Leal D√≠az,Spain,176,71,26,67,65,66,67,70,59,63,58,53,55,67,66,59,68,64,59,73,60,67,60,59,58,36,52,57,32,39,33,12,10,12,9,9,85000,654
Branislav Kne≈æeviƒá,Serbia,183,71,21,60,58,45,46,60,58,55,52,54,47,37,58,60,61,55,50,63,61,62,61,51,53,54,61,37,48,43,38,11,9,9,11,10,18000,190
Jonathan Panzo,England,185,72,22,66,63,69,72,69,69,42,70,60,65,63,67,65,67,66,76,65,72,61,77,69,63,35,44,53,33,43,33,12,9,10,6,8,1600000,156
Jack Colback,England,177,77,33,66,60,64,68,85,56,53,68,59,67,59,71,67,55,69,59,73,53,64,76,52,68,51,64,60,50,59,45,10,6,6,6,7,92500,434
Ra√∫l Asencio,Spain,185,78,25,61,60,15,18,42,59,63,25,52,65,39,63,43,70,57,70,52,69,71,70,68,58,64,55,44,36,61,47,9,9,9,7,11,55000,144
Nicol√°s Capaldo,Argentina,177,73,24,73,69,69,72,76,78,68,67,70,74,70,74,71,76,89,73,75,76,81,71,54,70,62,68,65,55,60,64,12,8,6,13,11,3500000,485
Dave Bulthuis,Netherlands,192,78,33,61,48,68,74,83,59,38,70,46,60,50,63,65,48,76,90,51,69,42,86,76,59,29,39,46,32,35,29,14,15,7,11,16,2700000,606
Paseka Mako,South Africa,163,59,29,63,66,70,72,65,64,60,63,56,62,55,49,46,83,72,53,77,76,83,70,56,42,40,50,44,44,18,34,13,13,15,10,10,1100000,446
Juan Andrada,Argentina,183,77,28,71,69,62,66,80,64,54,62,72,70,49,73,74,55,70,76,55,56,59,58,58,65,41,64,70,60,49,45,13,14,15,13,10,1500000,283
Malik Tchokount√©,France,191,90,34,67,64,24,21,65,59,75,17,60,68,43,64,40,36,68,91,52,44,57,70,77,71,72,63,55,41,65,67,5,6,13,13,13,77500,435
Mario Sonnleitner,Austria,182,82,36,57,42,63,61,66,60,33,63,47,55,32,63,57,58,66,74,63,65,60,79,70,42,29,47,45,27,45,31,16,11,16,10,14,19000,614
CƒÉtƒÉlin C√Ærjan,Romania,174,60,20,69,65,52,51,42,60,58,28,64,61,55,72,72,66,40,34,80,54,68,54,45,63,52,45,62,49,63,50,12,10,13,14,13,42500,58
Lee Dong Su,Korea Republic,185,72,29,63,58,55,60,62,62,55,60,65,60,36,64,62,58,70,70,60,53,56,70,52,61,32,56,51,33,37,33,13,14,11,14,8,40000,327
Marc Aguado,Spain,178,67,23,63,63,60,63,50,59,53,67,63,70,57,65,63,68,64,57,70,66,66,58,50,62,49,48,54,51,58,48,9,12,14,7,10,50000,203
Tim Maciejewski,Germany,186,71,22,62,66,48,45,38,64,49,49,52,51,58,62,45,79,65,54,69,79,73,35,40,71,64,48,46,41,63,53,11,14,14,14,7,27500,635
Prince Osei Owusu,Germany,190,89,26,56,52,26,32,53,62,65,32,55,51,36,50,35,66,65,86,54,68,50,63,67,71,66,49,30,31,61,44,7,12,12,7,8,65000,337
C√©sar Pinares,Chile,176,75,32,74,72,43,50,60,64,68,57,72,68,69,73,70,73,73,73,80,69,74,58,37,77,63,74,80,74,70,43,15,7,10,10,8,1600000,634
David Webster,Republic of Ireland,187,77,34,53,48,58,57,70,58,50,55,43,55,49,54,53,33,52,74,45,33,36,52,60,57,40,44,24,40,33,23,9,15,16,7,12,15000,257
Sarpreet Singh,New Zealand,177,70,24,70,71,41,47,63,66,60,51,72,64,67,70,69,80,66,51,81,69,80,42,44,68,64,67,73,64,64,60,8,14,6,12,8,1800000,337
Pascal Breier,Germany,185,77,31,68,69,23,29,61,67,65,32,57,64,60,60,60,70,83,70,68,77,68,72,64,65,65,62,63,58,51,65,10,8,11,15,11,97500,301
Joey Pelupessy,Netherlands,172,63,30,65,60,64,65,76,66,59,68,59,67,53,66,63,66,73,66,76,58,69,72,61,65,48,62,66,63,50,32,8,15,14,8,14,87500,219
S√°vio,Brazil,176,71,19,75,76,36,30,45,53,65,25,70,50,70,70,60,83,62,40,71,79,66,55,45,57,64,61,64,55,62,58,9,9,12,8,12,1700000,449
Tom√°s Guidara,Argentina,173,70,27,66,67,66,70,80,65,55,70,53,57,63,65,57,80,88,70,52,82,78,55,50,57,33,39,64,35,41,37,15,5,14,8,9,1900000,657
Marcel Seegert,Germany,186,76,29,61,56,68,66,72,60,32,64,43,61,36,65,66,63,69,78,63,68,62,86,69,50,38,33,50,58,38,27,5,14,8,12,8,1000000,546
Aleksandar Ignjovski,Serbia,176,71,32,62,61,72,68,84,53,46,68,54,52,50,62,56,74,75,59,78,67,77,68,50,59,41,55,56,52,48,48,10,7,15,8,6,50000,315
Gustavo Peredo,Bolivia,168,68,23,60,71,50,40,33,55,57,50,50,45,68,61,50,81,70,68,70,74,70,70,65,65,70,55,55,48,65,55,15,9,7,5,7,85000,289
Magnus Eriksson,Sweden,180,79,33,70,66,42,55,81,76,72,60,77,71,77,73,76,47,83,77,82,52,61,73,57,73,68,66,72,68,72,65,9,10,11,14,10,1800000,180
Song Si Woo,Korea Republic,174,72,30,60,63,38,36,62,67,70,39,53,61,61,59,54,83,46,61,74,82,71,74,48,67,70,59,58,46,53,54,12,14,10,8,8,72500,327
Etienne Amenyido,Togo,180,75,25,73,74,39,28,57,69,67,33,62,55,57,64,47,83,76,73,72,73,78,83,60,70,68,54,44,57,46,54,12,8,9,14,10,1400000,236
Borja Bast√≥n,Spain,186,83,31,74,62,24,30,65,73,76,22,69,79,60,70,55,43,70,90,34,54,61,70,78,81,77,70,71,51,75,74,9,6,9,10,13,3000000,478
Danny Grant,Republic of Ireland,178,70,23,60,63,42,47,42,54,56,31,58,55,59,56,49,81,68,48,75,80,80,67,49,52,57,53,36,38,56,49,6,10,9,7,11,47500,302
Jes√∫s V√°zquez,Spain,182,77,20,69,64,71,72,60,68,59,65,58,60,70,72,70,68,65,63,63,70,65,58,64,66,41,54,65,31,42,59,11,15,10,11,13,1900000,640
Luuk Brouwers,Netherlands,183,76,25,66,64,70,70,69,61,60,66,61,65,54,72,69,67,80,71,66,55,61,59,54,61,59,55,50,50,63,52,14,13,9,14,8,1400000,239
Daniel P√©rez,Venezuela,189,77,21,66,64,15,15,62,62,62,22,55,51,33,38,28,57,68,74,55,70,60,55,68,65,70,61,55,48,61,61,12,14,8,11,10,67500,146
Callum Brittain,England,181,68,25,66,68,62,67,52,64,56,64,52,54,67,64,56,78,75,64,73,81,79,59,52,50,50,53,51,48,50,42,11,10,8,14,15,1500000,89
Charlie Kirk,England,185,70,25,63,64,28,31,43,62,63,21,62,67,64,60,52,79,70,59,82,77,81,34,40,64,61,63,64,62,57,50,12,12,10,15,6,82500,110
Christian Kabasele,Belgium,188,84,32,66,57,72,72,72,73,50,74,36,64,47,65,57,52,65,80,51,64,52,83,72,57,49,44,34,27,53,52,14,14,11,6,16,2100000,664
Kalvin Phillips,England,178,72,27,79,72,79,81,85,77,66,77,75,78,70,81,80,69,76,76,73,64,72,82,66,75,62,68,62,71,58,55,12,8,8,8,14,20500000,395
Jonathan Klinsmann,United States,194,84,26,19,19,13,12,25,51,8,14,29,28,14,26,24,29,45,59,39,29,35,49,14,48,5,19,11,13,13,19,62,63,62,64,65,40000,362
Saad Elias,Germany,185,72,23,58,68,35,32,26,43,65,25,48,62,53,66,52,66,69,56,67,67,58,46,47,62,59,47,44,42,55,54,12,7,9,8,12,37500,236
Emyr Huws,Wales,185,78,29,62,60,60,63,63,61,59,62,63,63,63,64,63,63,50,70,58,61,65,65,49,65,59,62,60,56,57,45,9,13,6,6,6,32500,148
Brooklyn Lyons-Foster,England,185,74,22,47,37,55,60,59,52,30,58,39,49,36,51,43,54,47,67,63,49,48,63,59,42,24,23,33,28,47,30,8,6,10,9,6,21000,588
Gast√≥n √Åvila,Argentina,182,75,21,65,61,68,70,70,67,41,70,63,71,55,70,65,70,71,74,69,79,67,77,69,64,32,42,62,67,45,28,9,14,11,10,6,1600000,520
Sebastian Senparabia,Venezuela,179,77,31,54,56,61,62,70,55,51,56,66,62,60,61,60,60,67,70,66,61,66,53,56,63,41,52,61,60,62,52,7,10,9,13,8,35000,124
Domenico Frare,Italy,187,80,27,52,50,65,68,72,60,44,63,46,60,41,55,50,44,69,84,52,65,46,72,71,61,40,39,30,32,47,38,12,11,9,7,8,1100000,144
Matthias K√∂bbing,Germany,196,94,26,17,12,15,14,34,49,5,12,44,37,10,28,27,28,25,60,22,38,29,58,11,39,8,10,11,9,15,8,51,61,57,52,56,12000,0
Mikael Ishak,Sweden,184,81,30,68,64,46,43,66,66,76,30,57,60,57,66,43,69,77,84,67,74,62,82,71,75,76,65,38,47,75,70,15,12,11,15,9,2300000,372
Alexander Barboza,Argentina,193,92,28,66,64,71,72,88,71,53,70,58,74,48,70,64,47,80,91,55,55,51,70,81,74,52,52,43,60,67,46,7,11,11,10,12,5000000,380
Nahuel Molina,Argentina,175,70,25,77,76,72,75,74,79,77,73,75,72,79,77,69,84,86,61,76,86,81,75,60,70,67,67,68,44,45,62,5,12,13,8,10,20000000,67
Kevin Ehlers,Germany,186,84,22,63,42,66,68,53,64,33,70,57,64,33,66,50,63,64,76,59,63,59,74,64,42,22,28,30,25,35,31,8,8,15,12,11,1100000,185
Ezequiel Ca√±ete,Argentina,175,74,24,70,72,49,53,56,59,73,49,75,57,57,74,75,69,80,67,80,72,68,63,53,80,67,69,81,72,64,63,8,11,12,7,8,1800000,637
Mile Svilar,Serbia,189,83,24,22,19,18,21,28,70,9,13,50,44,18,37,32,60,32,61,54,55,66,71,22,49,14,18,23,22,37,16,66,72,66,65,72,1400000,512
Mat√≠as Campos,Chile,177,77,30,69,63,24,26,56,59,71,30,55,59,30,58,41,58,56,79,61,55,59,70,66,71,71,61,53,41,64,62,13,6,14,8,10,1000000,198
Na√´l Jaby,France,175,68,22,57,54,56,60,60,56,59,56,62,60,40,63,58,69,46,35,73,63,71,63,42,50,45,42,48,50,48,42,9,11,10,14,12,21000,145
Murat Cem Akpƒ±nar,Azerbaijan,173,65,24,65,66,60,65,60,64,52,64,67,63,62,65,63,68,58,38,85,73,77,57,59,63,52,64,68,60,49,62,6,8,12,7,8,50000,280
Devyne Rensch,Netherlands,179,73,20,73,72,73,73,72,70,73,71,64,67,63,74,65,76,76,64,72,77,75,76,67,57,60,50,48,38,42,42,13,10,8,9,7,4200000,26
Alson Botelho,Brazil,180,73,23,62,60,75,73,64,60,42,74,50,64,36,71,66,66,71,65,67,56,69,81,70,56,42,51,32,30,48,32,8,9,13,7,12,1500000,483
Liu Zhurun,China PR,183,72,21,52,53,16,12,38,59,57,16,49,45,32,38,30,74,62,60,56,68,67,65,46,49,61,48,41,30,52,42,6,7,12,8,11,14000,142
Erce Karde≈üler,Turkey,184,79,29,15,11,11,14,23,64,7,14,45,26,11,24,28,40,27,55,33,42,26,60,12,48,8,6,13,17,13,5,69,72,66,64,72,1100000,304
Aiden McGeady,Republic of Ireland,180,71,37,70,70,29,41,58,65,65,51,69,70,69,67,64,65,49,56,74,64,76,33,60,72,65,68,75,71,70,67,13,10,9,12,6,32500,313
Tom Sanne,Germany,170,74,19,63,61,20,18,40,50,58,17,54,55,47,52,44,70,56,65,77,67,62,56,52,60,65,56,54,31,61,54,8,11,6,9,7,25000,298
Renato J√∫nior,Brazil,190,82,21,62,64,18,26,64,58,60,22,52,64,33,56,37,65,54,80,49,64,67,71,68,66,65,51,39,41,65,53,7,8,12,7,14,55000,649
Yusuf Bamidele,Nigeria,180,75,22,64,69,33,29,31,58,60,26,54,59,60,58,46,86,70,62,65,82,78,67,56,69,63,46,54,47,62,55,11,14,13,6,14,85000,194
Jack Fitzwater,England,188,70,25,55,48,63,64,66,66,35,64,52,60,28,57,59,72,67,71,65,66,64,78,62,50,35,26,37,36,43,37,5,14,8,9,15,60000,385
Homer Mart√≠nez,Colombia,185,65,25,55,40,65,63,70,59,27,65,47,54,33,63,62,80,70,70,63,70,70,70,62,51,29,26,30,36,38,25,9,14,11,12,12,72500,341
Jack Sparkes,England,177,63,22,60,62,59,61,46,54,52,56,53,53,61,60,55,80,78,50,81,74,74,86,54,51,41,50,57,48,49,37,7,6,9,7,13,62500,200
Iv√°n S√°nchez Aguayo,Spain,171,64,30,77,78,28,25,55,66,68,40,73,74,70,75,63,77,60,33,87,74,89,80,40,69,72,68,74,67,65,47,9,14,8,12,8,3000000,482
Till Cissokho,France,200,88,23,45,36,67,69,55,55,31,62,28,45,29,46,35,51,66,89,30,42,39,72,65,48,29,33,32,33,46,32,6,14,8,7,11,60000,477
Bruno Valdez,Paraguay,180,80,30,64,47,72,74,70,68,51,75,47,65,55,66,63,53,82,82,55,59,47,92,83,44,37,30,39,31,60,39,15,7,15,8,14,3500000,92
Ko Kwang Min,Korea Republic,172,63,34,60,62,62,64,50,58,62,57,63,56,65,63,56,78,81,37,82,77,78,62,42,63,59,52,53,40,56,43,10,7,11,10,15,45000,233
Guus Gertsen,Netherlands,189,74,20,47,36,59,59,51,57,26,57,29,58,39,44,31,64,50,74,53,52,50,70,61,49,20,25,25,34,41,28,10,8,14,13,7,21000,420
Jonas Hofmann,Germany,176,73,31,80,79,57,57,70,83,82,75,81,81,80,81,81,75,86,66,78,72,79,61,48,74,79,74,77,71,71,69,10,6,6,10,10,25500000,388
Ben Godfrey,England,183,79,25,68,62,78,77,81,72,46,72,56,68,56,70,65,72,69,83,66,90,65,80,73,53,35,55,43,33,44,40,14,7,6,12,11,7500000,197
Mehdi Dorval,France,176,75,22,66,62,62,65,47,67,41,56,39,45,60,63,60,70,70,58,56,73,75,63,44,32,37,28,42,32,39,37,13,15,12,15,6,77500,78
Roman Neust√§dter,Russia,190,81,35,70,62,73,76,66,70,53,71,69,63,50,73,69,37,77,74,51,35,55,65,73,70,39,63,53,50,58,47,13,6,13,15,14,60000,349
Maryan Faryna,Ukraine,180,78,20,49,46,54,58,51,59,33,57,36,52,41,51,48,67,64,66,62,68,57,65,57,52,27,31,37,30,39,34,14,13,6,12,5,15000,563
Ola Aina,Nigeria,184,82,26,72,75,73,74,68,65,62,70,63,66,71,70,67,87,77,75,77,80,73,70,65,73,54,65,60,42,49,52,10,7,14,10,9,4200000,620
Mehdi Chahiri,France,180,76,27,69,73,41,46,46,67,62,41,63,57,65,73,67,75,64,70,63,73,70,52,42,64,59,55,62,60,57,58,10,9,7,10,5,1500000,453
Andrew Robertson,Scotland,178,64,29,83,81,81,83,85,85,77,83,80,83,87,82,76,79,95,65,74,80,75,62,67,76,55,65,82,71,55,32,7,11,8,10,14,61500000,384
Germ√°n Pezzella,Argentina,187,81,32,65,54,76,79,83,69,47,77,22,72,40,70,57,51,51,77,43,51,32,82,80,54,48,50,46,32,35,40,10,7,9,13,15,7000000,500
Tyler Adams,United States,175,72,24,73,71,74,80,80,77,65,76,72,77,55,78,73,85,87,68,85,76,77,84,65,51,48,46,52,42,51,33,8,6,13,12,7,14500000,374
Erik Palmer-Brown,United States,187,88,26,58,47,69,72,72,69,38,70,39,54,47,64,54,59,58,88,47,69,61,80,68,48,21,25,43,36,39,40,13,11,8,15,9,2300000,188
Kingsley Sarfo,Ghana,166,66,28,78,77,41,45,35,61,63,53,65,72,61,64,59,81,74,48,93,70,92,82,36,48,64,55,68,56,45,61,15,13,13,10,13,1500000,53
Tom√°s Romero,El Salvador,185,79,22,19,5,11,12,17,55,7,13,39,26,10,29,34,28,23,55,49,28,38,59,13,46,7,6,12,13,17,7,59,63,59,61,61,30000,621
Cosimo Marco Da Graca,Italy,185,79,21,65,63,23,14,32,56,62,18,55,56,35,63,47,54,54,63,56,54,51,61,70,60,72,60,60,49,69,64,9,9,13,10,9,67500,342
Juan Jos√© C√°ceres,Argentina,173,62,23,63,61,62,64,59,56,54,58,47,50,58,64,57,79,77,63,78,79,75,77,66,59,38,44,49,44,48,49,10,8,7,12,9,92500,493
Omar Al Jadaani,Saudi Arabia,166,60,24,50,57,29,29,40,49,57,17,47,46,59,46,45,74,58,32,84,68,72,42,39,59,53,42,39,32,59,48,13,8,7,6,5,16000,33
Alvaro Safildo,Peru,182,76,31,65,72,29,22,60,62,70,25,70,57,60,64,55,73,63,62,51,59,58,57,58,58,60,60,61,59,53,63,12,19,11,11,12,82500,72
Dennis Engel,Germany,184,78,27,57,61,57,55,57,55,47,53,50,41,59,63,62,79,70,59,54,67,56,59,48,56,52,40,35,23,35,53,14,6,5,12,13,32500,644
Luciano Vietto,Argentina,174,73,29,77,77,35,46,65,68,74,35,73,70,71,69,70,79,72,58,80,72,84,72,64,71,70,71,75,65,69,75,8,14,14,8,12,3100000,32
Cho Hyun Teak,Korea Republic,180,65,22,58,62,59,62,55,58,61,56,54,51,59,52,49,63,73,59,71,68,60,59,38,54,35,33,46,32,33,28,12,12,12,9,7,32500,633
Ogechika Heil,Germany,168,72,22,64,66,50,54,46,56,49,47,53,49,57,59,55,85,53,58,91,83,91,40,34,55,58,46,46,38,50,45,15,8,12,10,5,57500,298
Jan Gyamerah,Germany,184,79,28,69,66,67,69,59,66,57,66,51,74,62,67,58,79,68,71,75,65,70,69,61,42,40,58,61,34,45,26,12,13,12,15,11,1300000,2
John Fleck,Scotland,170,72,32,73,70,68,67,79,71,67,69,72,74,74,74,72,66,83,64,84,64,79,79,44,78,65,71,78,70,60,79,13,7,8,7,6,2200000,568
Dejan Stojanoviƒá,North Macedonia,195,89,30,20,17,11,19,24,64,10,18,28,60,16,30,18,34,34,60,35,42,34,60,17,45,12,14,17,15,21,19,66,70,64,60,70,85000,337
Stefan Schimmer,Germany,185,87,29,64,59,23,23,69,65,72,20,40,59,37,55,33,64,65,77,61,67,66,82,69,70,71,59,57,45,60,67,9,7,6,15,14,1000000,308
Iv√°n Leguizam√≥n,Paraguay,175,73,21,63,67,41,37,53,58,58,36,54,56,55,57,51,83,61,46,66,85,72,50,41,58,63,59,51,52,45,57,14,15,11,6,8,65000,552
Cameron Humphreys-Grant,England,185,82,25,58,45,68,71,64,69,47,68,39,58,48,57,51,60,65,78,65,67,64,81,69,44,24,33,33,35,40,26,12,7,14,16,6,1200000,519
Garrido,Spain,185,80,33,59,48,66,71,86,62,50,69,57,62,41,63,62,32,86,92,41,34,34,47,59,68,42,45,41,49,38,34,8,15,8,11,13,92500,163
Federico Pereira,Uruguay,187,81,23,56,65,65,77,59,70,35,70,38,69,68,64,54,75,73,77,70,72,70,77,71,54,42,41,49,45,45,37,12,11,8,9,12,2400000,384
Luke Offord,England,183,80,23,54,51,61,63,65,60,42,62,47,55,44,59,52,66,67,73,57,64,65,83,62,33,24,30,30,31,29,28,10,8,9,8,7,50000,160
Roland Sallai,Hungary,183,75,26,79,80,38,37,65,74,76,39,74,65,75,76,63,77,62,67,76,73,76,64,51,69,73,64,55,45,62,67,14,7,5,11,9,8500000,526
Mat√≠as Soul√©,Argentina,176,69,20,80,80,39,41,33,50,50,19,54,54,74,76,69,76,66,34,77,74,81,59,49,66,58,72,79,73,69,69,15,15,8,11,14,1700000,342
Andrew Jung,France,190,85,25,65,62,24,26,55,66,64,25,41,64,31,58,37,50,67,85,40,63,54,73,71,66,65,67,56,51,63,59,12,14,13,12,11,82500,477
Stefano Guidotti,Switzerland,185,75,24,60,58,51,54,54,60,53,56,57,54,43,64,61,52,67,63,64,51,61,40,45,48,51,52,46,35,26,41,7,6,13,8,5,25000,235
David Philipp,Germany,180,74,23,66,66,27,37,46,61,56,36,59,58,45,63,51,75,63,55,74,80,77,65,40,68,58,58,63,59,42,57,15,14,13,7,8,57500,651
Santiago Moreno,Colombia,173,67,23,70,79,57,58,50,66,67,51,68,73,60,64,57,86,73,49,82,80,86,70,38,68,66,65,43,44,69,56,14,8,6,15,9,2200000,473
Ferran Torres,Spain,184,77,23,84,84,28,24,54,82,86,34,82,82,79,81,78,87,73,69,78,81,83,75,75,79,80,76,76,60,74,74,15,12,9,11,12,36000000,207
Berkan Kutlu,Turkey,186,75,25,68,66,71,72,73,73,63,69,62,58,46,68,72,74,91,64,61,75,61,61,51,67,58,66,41,47,52,45,9,15,8,10,6,1600000,271
Omar El Kaddouri,Morocco,185,74,33,73,73,57,60,56,68,73,59,75,71,73,73,74,68,66,74,54,72,63,70,70,77,62,73,76,71,68,66,6,5,14,6,9,1500000,448
Alessio Iovine,Italy,174,73,32,71,62,59,68,38,54,60,45,64,68,57,68,62,59,74,59,73,67,68,48,42,62,53,50,60,42,55,44,8,14,13,15,13,47500,153
Gerrit Nauber,Germany,186,78,31,48,40,67,70,73,62,21,69,25,55,35,60,51,52,64,75,61,44,60,81,69,46,33,30,26,28,37,34,14,12,7,14,11,1000000,282
Jackson Yueill,United States,178,74,26,68,66,63,63,69,70,60,67,68,72,58,72,73,64,83,68,68,54,67,59,63,71,56,61,63,60,56,66,8,11,13,14,11,1600000,534
Eriq Zavaleta,El Salvador,185,84,31,58,54,62,60,72,58,53,61,53,60,29,63,58,50,66,76,55,51,32,80,64,68,30,56,38,37,48,56,13,12,7,15,15,40000,362
Davide Itter,Germany,184,74,24,58,64,61,58,61,63,56,59,57,47,63,61,54,65,58,59,68,62,67,60,53,43,38,36,46,37,40,35,6,12,12,6,13,42500,647
Lucas Hoyos,Argentina,183,76,34,35,25,23,23,42,70,18,29,48,63,23,41,33,65,45,60,67,58,63,71,19,51,16,17,30,21,29,19,66,78,69,68,79,1000000,428
Sadik Fofana,Germany,192,83,20,63,58,60,64,66,59,45,58,57,48,45,66,60,66,62,79,53,77,54,62,67,57,40,42,48,42,48,41,9,15,5,10,9,57500,2
Chris Long,England,180,77,28,64,63,24,26,63,61,63,30,54,62,45,56,41,76,68,68,62,78,68,70,60,66,64,61,48,42,59,49,15,7,7,7,13,62500,160
Issiar Dram√©,France,197,80,24,52,40,64,69,52,51,32,59,40,45,29,49,41,69,58,70,49,66,65,61,53,40,19,25,30,22,32,28,14,13,6,6,7,23000,523
Emil √ñzkan,Sweden,178,68,20,56,50,52,52,57,45,56,50,53,55,42,59,55,66,50,49,68,67,77,64,40,55,39,36,42,40,43,45,12,11,12,12,8,10000,326
Kevin Luckassen,Netherlands,185,80,30,61,59,24,27,55,63,66,28,42,64,31,54,42,69,78,84,71,74,68,75,69,70,69,58,38,39,67,61,10,8,8,9,12,87500,231
Mart√≠n Ojeda,Argentina,179,78,24,74,76,33,27,47,72,74,41,83,67,68,73,70,83,80,59,83,83,81,48,59,81,76,76,80,72,72,72,13,7,15,5,10,8500000,445
Cheikh Sabaly,Senegal,168,56,24,64,67,19,11,31,56,67,19,54,55,60,62,57,80,63,32,88,84,86,56,46,59,59,44,54,41,59,54,11,15,14,14,15,82500,225
Xu Dong,China PR,183,75,32,34,48,60,64,51,45,47,49,36,38,47,25,29,73,73,61,60,55,56,64,38,30,25,25,31,30,34,25,12,13,8,10,12,8000,679
Marvelous Nakamba,Zimbabwe,178,71,29,69,70,74,78,83,70,55,74,63,67,46,74,71,69,71,74,78,53,76,78,55,74,36,54,45,37,38,41,15,9,15,10,8,4900000,386
Josh Knight,England,185,78,25,65,63,65,67,69,67,57,68,61,54,40,63,64,55,75,73,58,58,54,75,65,54,52,56,42,37,42,41,8,13,12,9,10,1000000,462
Matej Delaƒç,Croatia,190,80,31,18,13,12,10,38,48,9,14,40,40,18,27,30,35,30,72,40,35,40,55,15,46,13,14,16,16,15,15,64,67,62,61,65,40000,7
G√∂khan T√∂re,Turkey,176,70,31,71,77,32,38,73,54,63,43,65,61,68,66,63,77,54,68,81,74,81,52,59,73,59,68,75,68,66,59,12,11,10,7,11,1200000,24
Robson Denho,Brazil,181,78,31,66,61,71,76,78,68,71,74,77,66,65,74,68,66,83,75,64,62,61,66,53,82,54,42,79,76,73,45,13,13,13,14,9,3500000,68
Brian Leizza,Argentina,184,76,23,61,45,64,69,65,62,26,64,38,50,29,58,48,63,64,69,54,55,57,73,64,33,25,30,28,31,34,26,14,8,7,9,14,75000,619
Dylan Demuynck,Belgium,177,62,19,63,71,25,28,34,54,51,26,53,43,52,56,44,78,47,37,79,71,76,34,44,58,54,41,50,36,47,52,12,13,7,5,8,25000,683
Alfie Kilgour,England,189,75,25,53,48,57,60,65,54,30,57,32,50,29,55,52,55,63,83,50,56,50,70,58,59,28,50,36,26,35,23,10,6,11,11,5,25000,397
David Bingham,United States,188,86,33,17,13,12,16,34,54,12,15,52,47,13,36,34,34,24,65,44,34,30,59,14,50,9,13,12,19,20,10,64,68,63,66,67,35000,473
Jeremias Lorch,Germany,188,79,27,62,57,64,66,70,61,53,61,55,55,61,62,58,64,86,74,59,66,58,57,65,54,41,44,44,36,52,44,9,7,9,10,10,70000,651
Narciso Barresta,Bolivia,177,72,31,65,60,48,56,47,63,57,44,57,76,62,60,63,74,58,60,62,75,82,64,58,55,61,57,70,62,64,66,7,8,15,11,15,57500,673
Sam Green,England,186,72,18,17,13,13,11,25,43,6,13,28,26,14,25,23,40,23,48,39,45,44,52,13,39,6,7,11,9,11,7,49,52,48,52,50,3500,382
Vegard Erlien,Norway,183,75,25,60,58,24,28,45,59,60,25,58,55,58,58,52,72,58,60,65,72,65,43,54,58,60,51,54,42,53,51,7,7,6,15,14,30000,625
Marius Adamonis,Lithuania,191,80,26,16,11,12,11,22,52,7,12,36,51,12,20,20,21,26,61,39,20,34,41,11,43,8,5,12,11,17,9,59,67,66,57,65,47500,370
Krzysztof Kami≈Ñski,Poland,191,81,32,26,14,13,12,21,56,15,18,41,27,13,26,24,30,34,54,58,44,38,55,12,49,18,14,16,17,23,15,67,65,63,65,66,37500,674
Iulian Zamfir,Romania,178,66,19,56,56,38,42,42,51,46,33,49,58,48,56,58,75,43,41,72,69,78,41,33,54,37,38,44,39,40,44,12,11,6,11,9,6000,10
Park Dong Jin,Korea Republic,185,73,28,62,52,61,62,81,66,65,65,37,62,48,57,52,73,84,78,68,74,68,74,75,65,61,48,47,44,43,51,8,8,11,11,14,62500,233
Jamal Baptiste,England,183,75,19,45,39,56,59,55,53,26,55,39,50,36,51,48,57,52,67,48,65,48,69,54,40,28,30,31,33,35,31,13,11,14,13,7,15000,668
Norman Theuerkauf,Germany,183,80,36,66,59,66,68,69,70,55,69,58,65,66,65,64,56,85,80,66,67,66,73,64,74,46,63,57,67,64,44,6,14,7,11,12,40000,308
Corey Blackett-Taylor,England,170,75,25,65,68,52,54,66,60,59,51,58,62,62,58,43,91,69,70,89,91,88,56,50,59,58,55,47,39,56,42,14,7,5,13,5,97500,137
Tongo Doumbia,Mali,191,79,34,65,64,63,65,81,62,58,63,62,64,60,65,59,62,70,86,48,63,63,81,65,63,55,60,58,57,58,60,9,10,16,11,15,57500,669
Harrison Burrows,England,168,55,21,65,65,62,63,62,61,59,57,63,62,61,64,58,76,73,34,81,76,80,53,54,63,55,56,57,41,43,39,15,12,13,6,11,87500,462
Marvin Senger,Germany,193,86,23,51,39,64,66,56,59,30,61,33,48,47,54,40,66,63,84,52,75,46,59,65,42,23,31,35,19,22,25,5,14,7,13,14,60000,391
Samuel Nongoh,Cameroon,179,60,19,61,66,32,35,31,43,51,24,47,46,52,55,51,90,46,34,86,89,88,48,40,67,54,46,60,46,59,64,13,12,15,7,6,25000,24
Milo≈° Pantoviƒá,Serbia,186,77,27,73,74,35,41,32,67,70,34,66,62,72,69,65,74,78,63,70,77,74,54,58,76,64,82,68,59,50,58,13,8,15,13,14,2100000,635
Yang Xiaotian,China PR,178,75,33,59,58,59,59,68,59,59,61,62,50,60,60,56,67,77,74,52,70,74,73,63,52,57,59,46,41,40,52,7,7,14,11,14,40000,123
Emre Top√ßu,Turkey,183,65,18,55,53,48,51,42,52,53,50,52,56,44,57,54,61,57,41,61,57,60,54,50,50,50,48,52,43,48,49,5,6,8,8,9,11000,182
Shin Jae Won,Korea Republic,183,74,24,55,58,49,50,39,53,52,51,44,58,50,55,50,76,50,68,61,77,59,58,47,52,53,46,45,37,42,42,13,11,14,7,6,15000,559
Ian Henderson,England,178,67,38,60,59,28,31,61,63,65,33,59,64,55,57,52,39,53,67,72,47,57,67,58,63,62,59,56,55,64,60,9,8,13,11,14,8000,510
Yvandro Borges Sanches,Luxembourg,175,67,19,54,64,52,52,68,52,58,52,56,57,64,67,66,76,64,49,66,74,68,60,54,56,57,56,63,64,59,58,13,10,10,5,10,50000,388
Wang Tong,China PR,179,71,30,57,61,59,58,54,63,59,57,60,53,64,65,59,81,81,66,74,78,77,59,54,54,55,35,39,42,49,53,10,13,12,10,7,75000,565
Giorgos Athanasiadis,Greece,190,88,30,14,8,11,11,40,65,10,11,41,45,10,23,15,25,22,67,31,38,55,70,10,53,9,7,10,13,10,6,73,73,73,70,76,2900000,8
Jacob Ramsey,England,180,72,22,78,81,64,73,73,77,76,69,75,77,68,77,69,76,79,78,85,77,80,77,56,78,77,73,73,54,53,65,6,14,9,8,12,6500000,60
Linus Carlstrand,Sweden,184,79,19,50,51,18,24,45,48,54,14,46,45,31,48,32,66,51,65,53,67,63,59,47,50,58,48,31,34,54,40,10,6,6,11,11,10000,323
Caoimhin Kelleher,Republic of Ireland,188,74,24,22,18,14,10,21,69,4,12,42,63,13,38,40,45,19,60,48,39,44,68,13,56,6,8,12,11,30,9,70,72,71,74,76,2600000,384
Jordy Bruijn,Netherlands,171,70,27,67,69,57,59,67,65,64,62,65,65,61,67,66,69,73,50,80,65,74,76,38,64,65,59,68,65,67,44,12,7,8,11,13,95000,420
Denis Linsmayer,Germany,181,78,31,63,62,64,65,60,64,47,64,62,66,52,68,65,52,80,74,64,44,62,80,62,51,45,65,51,47,48,32,14,14,15,14,14,72500,221
Gonzalo Muscia,Argentina,181,78,23,64,61,56,54,61,56,58,44,57,53,54,64,62,72,62,58,63,69,62,59,58,59,57,48,52,52,51,51,10,7,8,12,8,27500,58
Will Fish,England,185,73,20,48,49,57,59,65,57,25,58,40,52,34,50,49,53,65,71,46,50,54,72,61,45,29,30,29,24,35,29,9,14,9,9,14,21000,313
Jones El-Abdellaoui,Norway,184,72,17,59,58,23,24,40,45,53,18,48,47,41,50,41,83,45,44,64,80,75,50,42,52,55,49,53,44,48,48,9,9,15,8,8,16000,658
Mashoor Shereef,India,179,73,30,45,46,50,52,58,51,40,50,40,41,44,50,48,62,83,70,71,71,71,67,57,50,40,38,32,38,40,34,7,8,14,9,7,9000,431
Aimar Oroz,Spain,177,72,21,71,72,38,51,49,68,70,51,69,65,59,71,67,74,73,65,68,65,71,61,65,72,73,69,59,59,70,59,6,6,6,13,13,1800000,111
David Rodr√≠guez,Spain,175,67,23,58,60,56,62,60,54,55,62,47,56,56,59,46,71,61,58,70,76,70,55,55,56,47,43,34,45,51,40,7,6,12,10,9,42500,115
Abdullah Al Joui,Saudi Arabia,173,67,28,64,66,22,25,39,57,60,18,60,61,61,62,50,83,56,41,82,76,79,47,34,63,59,61,63,44,44,43,9,12,14,9,14,62500,40
Thomas Rausch,Germany,176,68,23,56,53,57,53,58,54,37,48,34,45,42,38,36,70,64,44,75,70,75,71,46,24,29,25,40,32,31,28,14,12,6,9,11,14000,221
Dante,Brazil,189,91,39,77,61,76,79,76,75,41,79,64,79,58,77,77,32,68,85,59,32,43,65,78,62,47,53,51,55,60,48,6,14,8,10,13,2500000,437
Mauri Borgho,Brazil,172,71,31,75,68,72,73,65,67,72,71,67,65,74,74,68,77,70,65,68,76,70,63,69,61,65,59,68,65,66,63,13,9,6,16,9,3600000,611
Kim Jin Su,Korea Republic,175,73,31,62,68,68,66,64,66,68,67,57,63,70,65,62,84,76,62,79,82,82,66,58,46,29,52,66,67,49,23,9,14,6,12,7,1600000,340
Renato Verenas,Ecuador,186,82,39,68,57,68,61,72,42,48,61,57,63,57,60,63,44,65,79,57,55,42,64,66,65,54,70,58,68,70,53,12,8,8,10,12,9000,171
Sandeep Singh,India,175,73,28,51,44,57,58,49,47,32,51,30,43,45,49,44,69,67,73,70,65,69,82,45,51,28,30,40,30,28,23,9,12,8,6,10,16000,357
Marc√£o,Brazil,185,80,27,74,69,76,78,89,78,25,79,58,76,35,75,72,65,88,84,62,68,63,86,70,52,31,29,56,34,52,34,10,8,8,8,5,16500000,562
Oliver Pettersson,Finland,188,84,20,45,29,53,55,48,51,22,56,35,44,26,50,45,59,62,70,53,64,52,67,52,36,24,20,28,27,32,33,7,9,13,11,14,12000,294
Nicolai Poulsen,Denmark,180,79,30,69,66,59,60,80,69,57,68,68,70,65,70,67,64,81,77,75,54,70,61,60,58,55,56,60,55,41,40,11,6,13,15,11,1200000,12
Adam Foley,Republic of Ireland,191,78,33,56,55,36,38,57,58,60,39,52,58,49,54,42,61,60,72,41,63,38,57,52,61,59,45,50,33,43,33,7,13,10,10,11,13000,182
Charles Ar√°nguiz,Chile,171,69,34,78,74,73,75,84,77,68,79,79,73,77,78,81,34,69,64,86,34,78,61,53,78,66,77,75,75,75,75,8,15,7,12,13,7000000,378
Simon Sohm,Switzerland,188,85,22,63,60,62,64,62,56,45,61,57,55,57,64,62,71,81,81,63,69,69,71,60,59,42,43,52,40,50,47,13,11,10,10,9,75000,456
Niklas May,Germany,182,74,21,61,62,53,60,55,61,47,62,52,53,56,61,56,73,60,59,73,75,74,62,50,50,46,46,48,39,41,41,15,9,15,15,6,50000,651
Ivan ƒÜalu≈°iƒá,Croatia,187,82,23,53,45,61,62,59,55,24,58,41,46,37,58,43,53,68,68,52,56,54,67,59,37,22,22,29,22,34,23,9,14,8,11,5,25000,295
Bastian Oczipka,Germany,185,85,34,66,60,76,78,74,69,64,69,67,72,73,70,68,54,68,76,64,75,61,71,63,75,50,64,61,70,66,47,6,12,14,7,10,1200000,56
Halil ƒ∞brahim Pehlivan,Turkey,183,72,30,64,63,64,63,63,62,55,63,42,56,65,62,54,70,70,71,66,70,57,64,52,58,45,56,60,45,42,45,8,8,15,6,7,77500,273
Richard Ortiz,Paraguay,174,75,33,70,70,65,70,87,68,68,75,68,72,59,72,69,67,86,81,79,78,84,74,60,82,60,77,61,78,65,52,10,12,15,16,12,2800000,444
Abdulrahman Al Hajeri,Saudi Arabia,179,71,27,51,53,53,53,44,51,47,55,44,45,52,51,53,66,60,56,58,65,56,57,44,42,38,37,40,41,54,25,6,7,10,12,12,14000,41
Federico Palacios Mart√≠nez,Spain,170,69,28,70,71,30,35,51,58,62,24,56,58,51,61,39,80,60,31,90,60,90,68,43,67,63,51,65,48,56,67,7,15,10,10,11,50000,651
Paul Glatzel,Germany,174,67,22,60,58,24,33,42,59,57,20,53,55,56,55,45,66,48,42,69,62,71,59,55,62,60,59,54,45,55,56,6,12,8,12,12,24000,624
Jofre Carreras,Spain,175,70,22,72,75,28,37,52,58,60,32,55,57,64,63,53,81,58,54,77,77,81,58,58,73,63,63,60,50,59,59,10,10,14,12,13,1200000,114
Tom Nichols,England,178,75,30,65,63,23,25,35,64,65,16,68,67,49,65,51,81,90,59,69,76,83,87,61,62,65,58,53,56,64,57,10,8,6,15,12,72500,277
Herrando,Spain,192,76,22,55,27,60,58,58,60,21,61,30,45,31,55,41,60,62,60,54,55,51,75,63,45,21,31,22,24,34,22,6,10,12,11,13,25000,111
Kim Jae Woo,Korea Republic,187,84,25,36,40,52,55,49,52,52,54,30,37,43,45,39,78,61,80,39,82,60,75,61,51,48,36,26,26,38,26,7,12,11,5,8,17000,278
Jake Forster-Caskey,England,178,64,29,67,65,59,64,62,63,62,62,67,63,58,67,67,67,61,65,74,61,76,78,49,64,60,65,69,71,64,41,7,8,13,15,9,72500,598
Tom Zimmerschied,Germany,180,69,24,67,64,45,40,49,53,59,23,62,57,53,63,60,71,68,55,69,73,74,54,44,58,62,55,55,43,46,56,5,7,7,10,14,67500,296
Adam Nemec,Slovakia,192,90,37,67,61,13,16,57,60,70,34,43,69,42,55,40,43,46,87,59,33,37,78,76,72,65,60,50,43,66,61,15,9,16,8,15,24000,242
Ishan Pandita,India,182,78,25,56,54,17,14,35,54,60,12,52,50,49,46,41,67,67,70,53,72,66,73,55,55,60,55,48,53,59,56,12,8,11,5,6,24000,338
Joe Wildsmith,England,183,65,27,30,17,16,22,20,60,12,24,66,54,20,40,44,40,36,76,68,44,36,72,20,50,13,14,18,20,28,19,68,67,68,67,67,95000,176
Paulo Bernardo,Portugal,180,75,21,73,72,44,62,64,73,65,57,65,74,61,67,62,74,73,64,62,71,68,57,42,71,59,64,68,52,57,63,10,11,5,9,5,1100000,459
Bj√∏rn Inge Utvik,Norway,183,75,27,56,44,64,65,64,63,38,65,39,68,46,58,49,48,74,71,55,45,55,73,63,43,33,37,40,36,43,34,12,10,11,12,15,55000,557
Vadim Ra»õƒÉ,Moldova,175,71,30,67,63,64,63,67,65,67,63,62,62,54,68,66,72,91,64,83,69,81,85,52,68,62,61,64,70,45,61,13,14,10,14,7,1000000,242
Enzo Larrosa,Uruguay,185,75,22,66,63,14,19,32,61,70,18,55,49,40,59,50,55,63,78,58,57,54,64,62,64,70,60,48,36,54,45,6,10,15,6,9,85000,283
Gu Cao,China PR,183,73,37,54,62,62,67,68,61,48,68,43,60,36,50,51,52,40,58,55,55,51,52,60,38,46,33,24,29,30,22,9,10,7,6,8,9000,311
Charlie Mulgrew,Scotland,191,80,37,66,65,69,68,67,62,48,70,62,69,72,66,67,49,51,81,38,34,55,62,70,72,55,70,85,79,78,55,11,12,10,13,7,22000,184
Kristoffer L√∏kberg,Norway,174,69,31,64,64,62,63,72,65,61,65,65,68,60,67,64,66,81,72,86,66,83,84,57,70,60,62,46,48,46,63,14,13,13,11,6,67500,650
Eren Dink√ßi,Germany,187,70,21,65,64,19,22,36,62,64,24,60,65,52,62,51,78,61,55,69,88,69,60,64,65,66,63,64,57,66,61,9,7,15,10,5,80000,547
Jos√© Barreto,Argentina,170,71,23,60,57,18,15,60,55,62,12,48,54,39,58,34,64,54,65,61,52,60,64,61,61,65,59,46,35,64,45,8,12,10,12,12,30000,457
Amir Rrahmani,Kosovo,192,83,29,67,59,81,85,81,77,49,77,48,67,49,69,63,52,69,85,47,69,49,73,76,60,43,66,49,41,34,39,8,12,8,13,7,18000000,422
Leonardo Jara,Argentina,183,80,32,72,66,73,74,81,69,56,65,64,57,71,68,67,62,82,80,52,70,58,59,55,77,41,63,54,40,42,55,9,8,14,13,6,1700000,657
Steven Moreira,France,179,75,29,63,63,65,66,74,66,56,69,67,62,68,71,65,70,81,65,68,66,76,47,55,43,26,28,43,29,37,35,15,10,14,9,9,1500000,151
Francisco Pizzini,Argentina,178,75,29,75,79,32,37,54,70,69,38,71,78,71,75,71,81,70,69,79,80,82,57,60,69,69,71,79,58,63,59,9,7,11,10,11,5500000,615
Fr√©d√©ric Veseli,Albania,183,80,30,65,62,69,68,67,66,42,67,43,66,59,64,60,66,58,68,71,68,68,75,70,55,39,35,41,44,45,30,15,11,13,10,15,1000000,84
Jason Davidson,Australia,180,72,32,66,68,65,65,66,62,64,59,58,60,68,64,58,69,78,65,66,61,66,60,60,51,51,54,66,63,44,44,13,14,8,10,11,62500,344
Luca Vido,Italy,182,75,26,69,70,26,32,54,65,68,33,57,64,61,64,57,66,66,68,65,67,72,80,65,72,67,62,62,64,72,60,14,12,13,9,9,1100000,450
Robin Quaison,Sweden,183,78,29,73,71,55,39,56,76,75,49,65,76,64,68,63,74,74,73,75,66,75,56,54,72,69,67,70,56,67,73,9,9,8,13,13,1900000,608
Maxime Dup√©,France,188,88,30,22,11,11,11,35,67,11,23,35,58,10,34,29,48,21,71,39,42,35,54,13,53,10,11,12,11,18,10,73,76,74,71,76,3800000,622
Odin Bailey,England,178,70,23,60,59,29,36,51,58,59,28,61,65,60,59,52,82,69,57,74,81,84,58,42,63,58,58,61,60,56,56,9,15,5,12,14,57500,550
Drey Wright,England,175,69,28,60,63,55,56,55,57,57,52,57,54,58,58,54,81,72,65,68,78,77,68,42,58,54,54,57,54,54,55,8,13,13,13,9,37500,589
Mateo Biondic,Germany,190,84,20,54,53,19,16,51,56,57,21,47,41,29,53,38,52,56,77,46,51,51,62,63,56,57,46,33,24,59,44,14,13,6,10,12,17000,529
Pedro Mendes,Portugal,186,78,32,62,62,70,73,85,68,32,74,32,69,33,66,65,63,65,77,48,55,52,71,74,67,30,34,48,52,35,24,10,10,6,13,10,2100000,412
Marlon Frey,Germany,181,78,27,64,63,64,65,68,65,53,63,58,60,50,66,63,65,74,70,70,55,67,78,63,58,41,59,48,47,52,43,7,10,13,14,12,52500,391
Claudio Espinoza,Chile,172,77,21,57,55,40,48,37,53,53,47,55,52,44,62,55,55,59,47,75,66,72,59,38,44,52,49,44,36,40,36,14,14,13,12,9,14000,638
David von Ballmoos,Switzerland,192,90,28,24,22,18,20,25,66,19,26,42,61,16,35,27,52,37,74,53,47,51,67,13,56,16,15,19,13,28,20,73,75,75,74,74,3200000,75
Martin Erliƒá,Croatia,192,88,25,57,49,75,77,78,73,31,71,33,66,31,68,62,55,54,82,45,72,41,60,75,55,29,22,32,28,49,33,13,9,9,7,8,4200000,558
Enzio Juli√£o,Brazil,185,78,27,69,66,42,39,58,65,72,32,68,72,37,63,51,69,71,74,57,73,72,67,65,58,70,62,47,48,61,59,11,8,13,8,9,1100000,162
Renato Sanches,Portugal,176,70,26,81,82,65,74,84,80,74,75,79,83,72,81,79,85,86,83,90,82,84,84,61,89,66,78,69,68,68,68,13,5,12,6,14,20000000,455
Alex Wilkinson,Australia,187,85,39,60,40,68,71,71,61,50,69,57,61,33,67,59,32,75,82,52,31,49,74,68,60,36,46,37,33,44,53,10,13,12,13,8,25000,610
Rocco Reitz,Germany,176,72,21,70,71,59,60,57,60,57,50,58,58,62,73,72,69,55,52,75,55,76,54,55,67,53,58,65,51,61,57,15,8,8,10,6,65000,540
Levi Lumeka,England,170,71,24,65,64,21,22,43,58,66,20,59,56,59,60,51,77,44,51,73,75,81,32,41,59,65,55,52,53,51,49,15,9,11,12,13,67500,188
Vojtƒõch Vorel,Czech Republic,190,74,27,15,5,14,11,22,55,7,8,22,33,12,24,16,37,16,25,27,32,41,58,14,53,7,8,12,13,10,6,68,71,67,70,72,1100000,582
Lorenzo Lucca,Italy,201,78,22,71,68,18,31,73,68,73,25,54,67,57,64,55,55,65,90,30,74,33,55,72,85,69,67,56,66,68,62,5,11,12,10,12,2800000,26
Artem Bondarenko,Ukraine,182,73,23,64,68,58,64,59,64,64,63,65,65,44,70,62,67,65,60,51,63,55,53,62,74,64,64,40,58,65,50,8,13,14,11,14,85000,563
Cameron Dunbar,United States,167,59,20,57,60,11,12,37,49,54,18,53,48,44,49,40,80,59,32,88,78,81,59,41,56,55,46,40,31,54,44,13,12,15,8,5,18000,408
Brennan Dickenson,England,184,81,30,60,60,51,54,73,57,58,53,56,57,63,55,53,70,76,77,73,70,79,72,51,62,54,59,65,62,54,56,15,14,16,13,16,32500,126
Khouma Babacar,Senegal,185,85,30,65,65,18,20,68,55,66,20,46,64,48,60,44,59,55,82,60,61,54,72,68,70,67,59,60,58,70,68,8,12,6,10,14,85000,201
Ali Al Bulayhi,Saudi Arabia,182,77,33,52,34,70,70,84,69,36,67,30,57,30,57,32,50,80,82,66,44,36,82,69,43,40,25,30,23,45,29,14,13,11,8,10,1000000,32
Brandon Vazquez,United States,188,79,24,69,66,21,29,67,71,74,30,50,59,44,69,45,77,72,81,56,75,64,78,80,72,73,67,34,46,64,69,5,15,12,9,15,3600000,213
Aaron Gurd,Australia,179,78,21,46,34,56,56,52,51,28,54,36,43,27,46,40,55,63,66,50,58,49,66,58,49,22,24,23,22,36,29,8,11,9,6,7,14000,610
Paul Seguin,Germany,185,82,28,77,68,66,67,69,73,59,69,73,73,64,75,71,64,83,75,65,55,69,72,66,65,56,63,52,43,48,51,15,14,11,6,8,2500000,635
Lee Yeong Jae,Korea Republic,174,60,28,68,71,49,56,69,65,65,56,71,60,52,67,69,71,84,42,81,78,83,73,54,65,56,65,61,68,53,39,11,16,15,10,8,1300000,278
Silv√®re Ganvoula,Congo,191,90,27,58,61,18,21,62,63,64,21,61,62,40,63,38,72,58,84,53,88,61,59,72,77,62,66,51,31,61,61,6,15,10,15,10,1100000,646
Jos√© Andr√©s Mart√≠nez,Venezuela,176,69,29,75,70,69,72,84,60,32,70,62,59,47,71,65,71,82,79,73,73,71,72,60,59,45,29,37,32,44,34,7,9,15,7,8,2900000,464
Abdussalam Magashy,Nigeria,176,74,25,66,64,60,61,76,63,65,60,65,65,53,66,61,78,83,74,84,77,83,85,59,64,60,57,49,46,49,54,6,8,11,9,9,97500,13
Miguel √Ångel Merentiel,Uruguay,175,68,27,73,70,19,28,57,71,76,15,47,75,26,70,47,74,75,70,77,73,72,72,71,73,74,67,46,54,60,64,9,8,14,11,5,2600000,92
Stanislav Tecl,Czech Republic,181,82,33,72,69,30,27,75,68,78,39,71,68,58,72,61,73,73,78,81,82,68,74,75,65,68,61,56,51,66,71,8,7,6,16,14,2000000,575
Santiago C√°seres,Argentina,177,77,26,75,65,68,70,81,73,55,63,73,69,52,76,73,69,71,80,82,65,67,70,58,59,54,57,56,42,49,53,8,11,7,10,14,2300000,657
Troy Deeney,England,183,90,35,69,62,25,30,83,77,73,31,74,76,56,65,61,44,43,89,65,48,57,83,79,80,66,67,68,53,82,74,12,10,11,16,15,77500,88
Chris Durkin,United States,182,75,23,68,66,57,64,69,66,58,70,65,66,65,71,67,50,82,63,67,62,53,76,52,63,56,64,66,60,50,48,9,11,8,12,15,1200000,165
Edon Zhegrova,Kosovo,181,66,24,77,79,18,21,45,70,69,20,70,68,65,73,61,86,69,61,79,73,84,71,36,73,66,68,68,49,51,55,12,7,11,6,7,4900000,366
Thomas Liene Ness,Norway,180,74,24,56,57,55,55,64,52,53,54,53,55,44,60,54,64,57,56,63,61,63,55,50,54,43,42,41,40,41,40,14,12,7,5,9,14000,251
Benjamin Uphoff,Germany,192,84,30,22,10,13,11,15,66,10,12,26,23,11,36,22,36,23,64,34,40,29,63,12,51,8,7,7,11,24,9,69,69,69,68,71,1100000,526
Lim Min Hyuk,Korea Republic,168,64,26,64,65,27,28,56,62,60,45,64,62,59,66,65,70,64,53,84,75,73,71,40,54,54,56,64,60,45,48,11,11,7,10,5,35000,233
Reagan Singh,India,170,68,32,42,45,52,51,54,47,41,55,38,38,43,44,30,70,81,63,74,67,66,67,42,22,25,28,28,32,38,22,10,13,12,13,13,9000,321
Harrinson Mancilla,Colombia,174,80,31,57,47,60,64,73,62,33,65,54,60,59,69,71,62,89,75,69,54,60,76,62,49,29,31,34,35,36,31,11,15,14,13,10,85000,556
J√°n Bern√°t,Slovakia,180,70,22,68,65,31,42,29,59,49,31,68,51,68,74,67,70,49,52,62,62,58,65,37,71,51,73,73,69,56,64,12,12,7,10,12,85000,349
Idriz Batha,Albania,176,71,31,63,63,59,61,85,62,65,59,63,58,57,66,61,66,75,66,72,64,70,84,55,54,63,62,58,57,44,56,8,5,14,5,6,60000,631
Zidan Sertdemir,Denmark,184,76,18,71,69,51,56,45,57,54,32,64,58,49,68,67,69,64,52,67,69,71,54,49,58,54,50,62,58,61,54,14,6,8,10,11,40000,228
Gasparino Pajarez,Uruguay,174,66,31,68,67,38,32,36,55,49,38,68,66,58,61,56,71,60,58,66,72,74,58,42,41,55,58,62,66,69,64,15,13,8,9,9,47500,133
Li Jiaheng,China PR,183,79,22,48,55,13,18,26,51,53,16,41,46,29,42,29,61,58,71,58,57,63,62,45,47,62,48,30,34,53,34,10,9,7,7,15,11000,292
Oleksiy Shevchenko,Ukraine,188,81,31,16,11,16,18,22,57,8,13,41,28,14,28,29,32,22,69,33,15,35,50,14,50,7,8,10,14,10,9,65,66,65,66,66,57500,563
Rafa≈Ç Augustyniak,Poland,185,82,29,66,57,67,70,72,59,42,63,58,68,51,70,63,64,74,82,54,65,62,59,44,42,45,63,49,55,43,43,8,12,15,13,9,1100000,375
Patrik Mysloviƒç,Slovakia,180,80,22,66,59,36,44,51,60,64,44,67,61,66,65,67,61,68,59,61,66,68,54,42,68,56,74,71,66,64,57,13,13,6,12,7,55000,21
Lazar Mirkoviƒá,Serbia,191,83,21,43,22,56,57,48,51,22,55,28,43,26,37,35,55,53,66,56,55,43,65,56,21,20,19,26,24,20,23,7,6,7,14,8,12000,354
V√°clav Pila≈ô,Czech Republic,171,71,34,75,77,36,40,58,70,72,42,66,63,71,70,65,83,63,49,88,78,87,86,54,74,67,70,64,50,60,63,15,15,10,10,9,1900000,652
Nahuel Ulariaga,Argentina,174,76,21,62,66,19,17,49,55,58,23,49,53,43,55,45,73,62,76,79,71,68,69,58,75,61,59,47,37,61,51,6,10,12,7,15,55000,283
Ramon Hendriks,Netherlands,189,76,22,62,52,71,68,58,57,34,65,47,60,46,65,63,69,53,71,59,68,65,73,64,47,29,28,31,34,42,32,6,12,13,12,13,85000,239
Eduard Florescu,Romania,188,69,26,67,64,49,56,52,60,56,57,64,65,61,67,66,68,73,58,64,70,66,66,54,75,63,71,63,60,60,63,12,6,11,7,6,65000,211
Kelvin Leerdam,Suriname,178,70,33,67,65,62,65,70,65,64,63,61,63,59,67,63,69,70,72,72,70,71,87,67,65,49,54,59,52,43,53,8,13,9,7,12,70000,362
Dries Wouters,Belgium,191,81,26,65,60,65,69,72,67,25,69,64,69,31,69,65,49,76,80,51,45,43,34,66,58,24,55,48,62,25,24,8,10,10,15,15,1400000,347
Chris Donovan,United States,183,74,23,52,49,30,34,50,42,59,29,43,44,35,42,39,54,53,56,54,53,52,59,59,49,53,46,38,34,54,49,11,6,7,12,8,10000,464
Ariel Lassiter,Costa Rica,178,70,28,63,66,17,14,25,60,61,25,59,58,57,62,39,81,65,59,69,81,74,55,56,71,63,62,59,65,66,48,7,8,13,9,15,62500,333
Dan Scarr,England,188,80,28,53,46,67,69,72,65,33,65,41,62,36,56,56,54,74,87,55,51,50,77,68,54,36,38,32,29,37,30,9,12,15,11,14,1300000,468
Andrew Brody,United States,178,61,28,64,67,64,64,55,60,66,63,46,55,64,59,58,72,62,65,66,74,69,67,54,47,33,41,51,25,48,33,11,15,7,13,10,82500,503
Federico Bonazzoli,Italy,182,79,26,74,74,29,22,43,72,76,26,48,66,49,63,55,71,55,69,54,69,70,60,70,76,75,68,60,53,70,75,8,8,13,10,7,3400000,549
Nikos Zografakis,Greece,176,76,24,62,64,29,25,38,52,54,34,62,50,58,63,59,74,58,53,71,65,70,46,43,57,61,52,56,49,46,53,9,14,15,11,6,37500,529
Robin Scheu,Germany,174,77,28,60,61,44,49,77,60,59,56,57,59,60,58,54,79,83,67,78,73,73,70,43,57,58,53,54,44,59,38,6,13,5,7,12,50000,548
Carlos Neva,Spain,174,64,27,69,70,72,73,69,70,68,72,51,66,73,71,52,76,80,60,71,75,74,56,65,65,48,50,54,35,48,37,6,8,11,9,12,4200000,285
Lalrinliana Hnamte,India,178,72,20,52,51,43,44,66,52,45,49,44,47,44,52,50,64,76,58,69,67,64,61,41,42,42,40,36,37,38,30,13,11,13,6,7,6000,17
Khaled Al Blooshi,United Arab Emirates,171,60,24,63,63,41,44,43,57,54,43,60,59,51,62,61,63,57,45,83,64,69,53,36,47,48,50,57,39,40,41,15,9,10,14,7,27500,28
William Troost-Ekong,Nigeria,191,92,30,47,37,71,73,76,65,30,73,41,69,37,51,48,54,66,84,55,67,32,67,75,53,23,33,25,26,40,26,9,6,15,10,7,1600000,549
Luis Adv√≠ncula,Peru,180,80,33,72,74,67,71,75,70,72,71,65,60,73,70,67,88,88,79,80,88,82,86,62,74,58,67,75,63,64,59,15,11,12,13,11,3900000,92
Vitinho,Brazil,175,68,23,65,69,57,55,40,62,66,58,68,62,54,68,64,64,63,57,77,66,70,65,56,73,64,69,63,54,56,60,8,6,13,11,5,82500,57
Will Wilson,Australia,170,75,21,45,40,49,42,54,65,50,36,44,38,35,59,54,73,57,54,78,71,78,56,43,51,45,57,36,35,39,45,12,7,6,10,7,9000,400
Kenzo Goudmijn,Netherlands,173,58,21,66,72,59,57,65,57,52,57,67,66,58,70,65,78,55,39,79,74,85,58,49,58,50,42,60,50,52,53,9,13,6,13,8,80000,199
Valent√≠n Adamo,Uruguay,191,78,21,56,52,22,23,44,64,65,23,59,48,45,67,50,54,59,70,34,64,56,70,64,56,65,55,58,55,62,58,11,6,11,8,11,45000,509
Larrazabal,Spain,180,78,25,62,63,57,62,42,68,60,59,60,65,70,65,57,81,80,75,81,77,80,71,47,73,59,64,68,52,45,65,14,7,9,9,9,1100000,505
Brandley Kuwas,Curacao,181,77,30,70,76,19,34,50,67,70,23,68,69,67,66,58,77,57,75,76,78,77,65,39,80,66,75,73,76,56,66,10,11,10,14,13,1600000,280
Jony,Spain,179,78,32,70,72,45,51,60,68,68,56,70,73,74,71,70,76,66,73,76,79,78,33,44,69,69,70,81,78,59,63,13,11,16,13,9,2300000,480
Ulrik Ytterg√•rd Jenssen,Norway,181,82,27,64,60,62,65,60,63,53,63,54,65,60,68,69,54,69,78,61,52,54,63,66,65,52,48,60,50,53,54,14,11,12,8,7,70000,516
Pablo Rodr√≠guez,Spain,178,70,22,64,64,11,12,32,58,70,11,49,59,36,57,45,67,59,52,65,72,62,59,59,64,67,66,59,48,67,62,15,5,10,9,9,67500,102
Jordan Courtney-Perkins,Australia,189,80,20,55,55,59,59,63,55,45,57,47,54,47,55,54,71,66,75,68,71,65,72,53,49,32,33,46,35,34,39,13,6,15,7,15,24000,104
Morlaye Sylla,Guinea,170,67,25,70,72,55,61,58,60,55,66,65,64,55,75,70,70,77,55,67,70,65,66,60,70,58,72,61,65,66,55,11,10,15,11,7,1400000,57
Jakub Kisiel,Poland,184,73,20,53,51,59,57,63,54,38,57,44,48,40,60,55,62,66,68,60,62,59,64,47,53,31,35,42,38,47,32,10,14,10,14,8,20000,375
Li Yongjia,China PR,173,63,22,49,53,50,55,50,51,32,53,53,46,44,58,53,51,63,44,61,57,53,56,43,45,33,39,42,36,46,38,12,13,13,10,13,9000,291
Reiss Nelson,England,175,71,23,77,78,37,37,42,65,69,42,71,60,67,72,58,85,70,53,80,81,82,41,39,67,68,54,66,67,60,55,11,12,12,11,15,3600000,58
Axel Lindahl,Sweden,180,70,28,69,68,52,53,50,56,53,58,56,62,61,62,53,77,64,58,71,80,73,71,48,56,48,45,38,33,41,39,15,8,12,10,6,32500,352
Ionu»õ Zanfir,Romania,177,73,23,54,52,51,54,50,54,49,54,51,44,38,60,54,62,61,56,72,54,59,64,46,43,48,44,32,36,39,30,7,15,15,6,14,13000,247
Paulo Gazzaniga,Argentina,196,90,31,31,20,14,21,40,75,15,19,64,61,23,49,54,57,42,55,50,56,57,74,14,58,12,19,31,21,40,13,75,75,75,77,76,5000000,281
Luiz√£o,Brazil,187,80,21,54,46,72,69,78,65,43,72,50,59,45,54,49,64,55,80,54,60,67,70,65,55,30,39,44,32,40,31,12,9,12,9,9,1400000,668
Conor Bradley,Northern Ireland,181,71,20,64,66,59,63,62,63,62,60,59,60,65,61,55,78,81,56,66,78,66,55,50,50,50,48,50,27,33,32,5,15,9,10,10,95000,95
Joshua Oluwayemi,England,189,82,22,19,11,10,12,23,53,5,9,39,34,14,29,25,36,21,54,59,35,42,61,11,41,5,9,10,11,12,6,59,63,58,54,64,30000,474
Hayden White,England,185,68,28,52,53,57,58,79,57,48,56,52,53,51,56,54,75,79,76,64,83,68,83,55,47,38,41,42,34,39,38,13,8,12,14,9,30000,661
Miguel Coldado,Ecuador,182,73,35,66,61,64,65,61,60,41,61,65,66,61,63,61,59,65,67,61,55,57,71,72,54,59,64,42,43,51,41,8,11,10,9,9,15000,418
Stefan Bajcetic,Spain,185,70,18,70,70,64,65,68,62,48,65,64,72,52,68,65,68,64,56,62,64,64,57,54,51,50,45,55,49,48,46,13,6,12,11,8,75000,384
Stefan ≈†ƒáepoviƒá,Serbia,187,79,33,69,63,33,30,62,68,72,33,57,63,43,62,41,61,60,80,48,53,61,71,70,73,73,59,59,67,70,69,8,8,15,15,13,1100000,104
Gabriel Pereira,Brazil,170,67,22,71,73,30,34,32,66,70,31,67,67,61,68,59,79,73,52,64,78,79,66,51,66,52,69,69,60,58,58,13,8,7,6,8,1800000,425
Jean N'Guessan,Ivory Coast,177,80,20,64,64,58,60,54,60,54,59,61,60,59,68,65,70,67,59,65,70,66,52,47,62,54,47,58,53,53,46,9,14,5,13,6,42500,435
Andrei Ciobanu,Romania,176,68,25,65,64,30,35,45,61,64,30,67,67,67,65,65,73,63,55,77,71,75,70,55,76,62,66,73,68,65,57,15,8,14,10,12,82500,231
Lalthuammawia Ralte,India,176,75,30,19,13,12,13,20,42,6,6,34,39,13,20,18,23,21,35,48,26,30,58,13,37,5,9,13,10,10,5,51,53,50,49,53,5000,443
Lovre Kaliniƒá,Croatia,201,96,33,15,11,17,17,39,71,7,23,42,58,15,18,16,38,31,80,22,39,26,58,15,40,12,19,18,13,22,15,74,79,69,53,78,2100000,295
Daniel Aguileda,Chile,188,88,31,56,36,62,60,60,64,28,64,39,60,35,48,53,48,52,75,39,44,38,42,62,57,37,42,33,45,51,43,11,8,9,11,10,27500,45
Nicol√°s Stefanelli,Argentina,166,71,28,70,71,27,16,64,65,71,39,67,60,58,61,50,83,82,64,92,82,92,92,64,67,70,63,62,46,71,63,11,7,13,12,14,1500000,333
Manfred Fischer,Austria,179,72,28,67,68,37,45,62,62,64,51,65,62,64,70,60,72,87,67,71,69,77,78,58,63,64,65,70,68,68,68,15,8,6,9,7,1300000,248
Aboubacar Keita,United States,188,81,23,55,45,62,68,70,58,28,61,41,49,38,66,57,81,65,77,41,82,59,76,64,34,25,21,36,29,42,25,10,11,13,13,14,75000,150
Matteo Rover,Italy,185,76,24,70,64,19,23,48,62,63,18,51,64,55,54,39,70,77,62,59,73,67,57,47,67,59,62,62,58,54,65,5,12,6,11,11,55000,612
Wang Jianan,China PR,178,72,30,57,57,59,57,64,51,57,53,62,60,52,59,49,68,65,60,71,68,63,78,60,58,58,67,49,52,59,48,9,8,12,6,6,20000,618
Su Yuanjie,China PR,179,75,28,53,61,48,43,38,57,57,43,60,43,55,48,29,71,57,61,71,75,77,74,62,45,51,47,38,34,65,45,10,13,9,10,11,12000,618
Laure Santeiro,Brazil,171,63,23,82,82,23,13,41,80,82,31,80,77,73,79,80,87,67,35,89,75,85,43,44,67,72,75,56,75,74,67,14,9,7,8,10,25000000,100
Vladan Kovaceviƒá,Bosnia & Herzegovina,192,81,25,10,5,12,13,24,54,4,8,55,56,13,45,45,33,18,59,37,42,38,64,12,51,5,8,10,11,11,7,72,74,66,68,74,1400000,495
Bilal El Khannouss,Morocco,180,70,19,76,75,30,38,31,60,34,41,72,60,63,75,73,78,60,51,77,68,83,65,27,49,48,53,64,61,43,51,13,10,6,14,10,1100000,345
Cornel R√¢pƒÉ,Romania,180,72,33,58,54,60,64,65,63,41,59,55,55,62,61,58,73,86,65,70,73,68,77,50,60,41,52,48,49,61,56,8,13,10,13,11,60000,157
Alessandro Di Pardo,Italy,182,75,24,69,65,64,62,64,60,55,57,57,60,72,70,61,68,66,59,64,72,70,61,40,62,40,45,71,59,59,59,11,12,8,10,13,92500,120
Erik Wekesser,Germany,186,81,26,67,66,62,63,72,64,60,62,56,60,64,66,59,75,81,77,67,72,67,63,60,66,66,55,69,69,61,52,10,11,8,11,8,1300000,2
Dan Nistor,Romania,174,74,35,67,66,58,60,77,65,70,62,70,74,65,70,70,62,80,60,76,65,73,76,44,75,60,67,67,67,68,65,8,9,13,10,14,55000,636
Cai Haochang,China PR,170,65,24,45,41,45,46,56,46,32,52,46,34,41,52,46,44,57,40,84,56,65,66,42,42,30,32,36,38,42,35,13,5,14,13,13,5000,399
Tsuyoshi Watanabe,Japan,186,76,26,60,45,68,70,67,61,31,67,31,60,25,64,66,75,68,81,46,75,61,78,74,45,23,26,19,37,40,22,15,10,14,7,12,1300000,346
Guillermo Burdisso,Argentina,188,84,34,62,47,66,68,72,64,36,69,55,70,40,67,54,35,69,85,51,50,40,71,77,71,41,21,48,23,50,34,8,10,14,14,8,90000,634
Karim Mammar,Sweden,180,82,26,56,53,62,62,60,56,48,56,48,49,52,54,45,76,68,72,63,74,58,74,61,58,46,48,50,42,38,40,9,15,8,14,6,32500,170
Scott Fraser,Scotland,185,69,28,68,70,53,58,55,66,63,55,67,67,56,68,67,71,86,60,67,68,71,47,49,64,61,63,58,59,66,48,11,16,10,13,14,1100000,137
Cristian Men√©ndez,Argentina,185,83,35,71,66,35,28,56,70,72,47,69,68,50,63,56,65,64,84,57,65,74,80,75,73,68,65,51,47,70,65,13,14,12,9,7,77500,66
Luke Dennison,United States,193,84,27,19,12,11,10,16,36,7,6,49,33,10,26,17,19,23,64,26,23,21,36,13,41,8,8,12,14,18,8,53,57,56,54,58,10000,93
Facundo Mura,Argentina,172,74,24,69,70,65,70,69,69,72,67,70,69,71,67,66,79,79,66,74,78,76,66,55,67,50,55,52,41,47,30,8,11,11,12,14,2500000,493
Luca Mart√≠nez Dupuy,Mexico,180,77,22,66,64,23,21,40,58,64,25,54,58,35,56,48,71,58,57,71,69,68,65,57,67,68,58,47,39,60,59,8,9,5,6,13,70000,515
Victor R√Æmniceanu,Romania,185,90,33,13,6,13,13,18,62,7,8,41,28,12,23,17,40,32,44,49,41,45,60,14,50,8,9,10,12,18,8,62,61,62,66,62,24000,242
ƒ∞smail Y√ºksek,Turkey,183,77,24,69,68,66,67,70,72,57,67,69,62,62,70,68,70,75,63,68,72,75,71,67,67,57,65,68,58,48,43,14,13,15,8,13,1400000,254
Pacheco,Spain,186,81,31,15,13,13,16,29,75,14,26,53,62,14,28,29,48,43,75,53,42,62,73,10,53,16,15,20,20,23,13,77,76,74,70,79,7000000,488
Ulisses Garcia,Switzerland,183,82,27,68,70,69,69,64,65,57,65,45,52,73,70,61,80,83,79,71,78,74,66,56,44,40,44,60,31,34,28,12,8,13,11,14,2300000,75
Jonas Fedl,Germany,188,74,24,43,47,63,65,62,60,20,65,40,51,28,50,38,56,62,65,57,63,57,72,67,37,23,24,21,29,38,20,9,15,7,7,10,47500,543
Fabian Hiszpa≈Ñski,Poland,172,68,29,58,60,56,59,31,52,57,56,55,53,57,61,52,69,59,52,80,72,80,32,39,53,57,44,39,41,55,41,10,12,7,15,5,30000,596
Gianluca Lapadula,Peru,178,69,33,74,72,18,15,81,74,78,19,60,70,50,67,43,73,64,61,80,78,80,80,72,74,76,61,68,69,71,75,11,9,15,15,12,2500000,120
Niklas Schmidt,Germany,184,89,25,73,72,52,42,47,68,64,32,69,65,73,72,72,55,55,74,71,61,60,54,48,82,60,75,69,71,59,55,7,6,11,14,10,1600000,547
Adam Hayton,England,188,78,19,13,8,11,12,19,44,7,6,28,33,10,27,28,33,28,62,39,31,31,49,14,42,9,8,12,12,15,7,46,51,50,56,54,4500,79
Danilo Ejeda,Bolivia,174,68,31,66,71,49,58,46,65,66,58,72,67,66,66,61,83,61,52,81,80,73,69,50,46,58,41,73,74,71,68,9,10,8,7,7,1300000,617
Agust√≠n S√°ndez,Argentina,181,78,22,60,64,71,64,74,65,60,62,42,52,66,62,55,71,75,76,64,72,67,70,55,45,34,37,60,45,42,28,7,11,7,11,10,1300000,92
Helibelton Palacios,Colombia,181,76,30,60,58,73,74,77,69,54,71,58,55,62,69,60,77,90,77,66,77,72,70,70,52,27,25,38,34,44,59,7,8,9,11,11,3700000,190
Aldair Rodr√≠guez,Peru,184,84,29,67,66,33,26,53,67,67,25,53,60,54,63,43,65,80,80,76,73,70,63,65,70,67,65,51,64,67,63,9,10,7,11,10,1300000,45
Pablo Bonilla,Venezuela,173,70,23,62,62,53,54,54,53,56,51,55,54,61,60,59,80,62,50,78,82,72,54,36,48,50,40,56,31,40,45,15,13,12,7,11,27500,473
Mamadi Camar√°,Guinea Bissau,174,67,19,63,65,38,45,54,50,56,37,66,56,48,65,58,80,57,33,83,77,80,53,34,52,54,43,48,41,49,41,10,14,12,7,12,42500,499
Jack Stacey,England,178,62,27,70,71,70,71,65,68,67,69,65,65,72,69,61,74,78,70,70,73,73,69,64,62,51,56,62,40,47,45,13,6,11,11,13,3000000,9
Juan Cruz Guasone,Argentina,197,96,22,48,33,65,70,62,66,28,66,26,56,33,44,33,56,66,86,35,58,36,56,67,42,18,23,26,27,30,25,14,5,8,15,11,87500,195
Mateusz Wdowiak,Poland,174,60,27,68,66,32,38,57,66,66,41,60,63,59,65,62,91,71,52,85,91,82,64,55,66,64,59,58,38,50,54,15,9,7,12,13,1400000,495
Lukas G√ºtlbauer,Austria,191,80,22,11,8,13,15,26,65,8,18,35,42,12,30,26,41,28,73,33,42,36,57,12,43,6,8,9,11,18,6,60,67,59,57,65,52500,675
Marco Farfan,United States,178,72,24,63,64,64,64,67,65,28,62,35,54,52,63,54,70,74,64,88,70,76,82,54,35,35,49,36,37,56,30,9,9,6,9,11,90000,214
Adolfo Gaich,Argentina,194,94,24,63,64,26,26,44,65,72,19,61,71,48,65,43,67,66,88,47,65,62,72,72,68,64,57,47,41,66,56,14,8,7,7,14,1200000,309
Andries Noppert,Netherlands,203,94,29,23,19,13,15,21,74,15,16,32,54,14,28,39,45,42,69,60,50,40,66,19,50,19,20,24,14,19,19,73,77,73,67,75,4000000,684
Jay Emmanuel-Thomas,England,191,85,32,62,61,31,33,59,60,62,31,62,66,61,64,57,59,47,82,74,60,72,66,66,69,61,62,64,63,68,62,12,8,8,14,14,50000,338
Fanos Katelaris,Cyprus,185,86,27,59,45,67,65,76,60,28,63,34,49,48,53,64,64,68,84,60,67,56,73,64,57,24,55,33,35,39,24,13,14,6,5,13,82500,348
Juan Carlos,Spain,186,85,35,22,13,21,20,13,67,11,21,42,53,31,25,27,58,42,71,57,61,56,70,19,54,14,15,30,12,30,15,71,72,73,72,73,52500,281
Rayan Cherki,France,176,71,20,79,85,15,23,57,69,69,22,68,75,70,71,64,74,56,67,83,68,82,31,28,76,64,68,77,73,61,57,8,7,14,6,8,3200000,439
√ömaro Embal√≥,Portugal,170,60,22,72,73,21,24,56,63,56,33,60,59,64,64,63,85,63,66,85,83,82,58,42,72,57,63,67,56,59,54,10,12,6,15,9,1400000,264
Yoan Kor√©,France,187,75,18,55,48,58,60,60,57,36,57,49,58,46,58,52,56,47,65,51,66,61,61,60,44,33,32,48,30,44,30,11,6,8,6,14,18000,453
N√©lson Oliveira,Portugal,185,82,32,74,72,29,40,74,73,76,36,65,72,64,69,59,64,68,78,68,72,66,66,72,77,73,69,63,56,80,74,7,8,7,7,10,3000000,448
Lu√≠s Neto,Portugal,185,72,35,60,48,77,78,80,68,44,81,46,70,42,67,62,55,66,72,59,68,67,80,76,42,33,37,51,42,47,40,15,10,15,13,8,2400000,585
Taylor Harwood-Bellis,England,188,73,21,68,62,72,73,73,70,36,73,55,73,41,72,71,63,70,74,61,70,58,77,72,59,29,28,47,34,43,33,13,9,5,10,14,3000000,109
Vicente Pizarro,Chile,172,67,20,70,67,67,72,58,64,63,58,69,56,53,72,67,67,71,68,79,69,73,66,48,56,48,53,34,29,45,32,14,9,10,8,13,1200000,149
Filip Stojkoviƒá,Montenegro,180,76,30,64,66,72,71,73,61,61,67,64,66,72,70,70,69,80,78,73,71,68,73,68,65,30,43,67,60,36,36,14,9,13,10,6,2100000,364
Abel Bretones,Spain,188,82,23,64,64,60,59,68,64,64,62,60,54,68,65,62,73,70,73,55,79,71,48,62,70,60,63,57,53,64,54,10,7,11,11,6,1100000,478
Rodrigo Vuarte,Brazil,179,77,31,73,56,75,76,80,69,57,76,60,52,67,78,76,63,82,75,65,66,62,54,53,71,65,68,60,60,47,53,9,13,9,7,12,9000000,65
Sean McLoughlin,Republic of Ireland,191,89,26,59,55,65,68,64,63,44,64,39,60,50,61,62,49,68,77,50,55,43,70,63,41,29,21,37,32,41,26,14,8,7,6,7,82500,318
Max Crocombe,New Zealand,194,88,30,21,16,21,21,41,58,12,25,37,44,24,35,36,46,38,58,42,49,54,58,23,45,14,19,19,21,21,20,60,63,60,60,62,27500,288
F√°bio Nunes,Portugal,185,78,31,62,68,59,58,62,59,60,56,63,52,66,61,53,76,72,66,69,72,81,58,43,48,49,52,68,55,64,58,11,14,11,10,11,62500,671
Turki Al Mutairi,Saudi Arabia,174,70,22,50,53,21,14,53,43,51,12,34,38,33,43,30,74,60,56,66,83,68,63,51,49,54,42,31,32,47,43,15,7,14,9,5,11000,39
Mauro Coppolaro,Italy,189,80,26,58,55,71,70,62,61,39,63,51,64,56,60,52,68,72,78,60,69,59,67,58,57,38,41,32,31,34,37,15,10,14,8,16,1000000,410
Remo Freuler,Switzerland,181,80,31,80,78,73,79,72,83,78,79,79,83,63,81,80,65,89,69,64,67,68,55,41,73,68,75,60,70,61,68,14,12,8,9,13,20000000,434
Xing Yu,China PR,195,82,27,18,5,10,11,26,38,5,6,32,37,10,24,26,22,20,59,24,21,25,35,10,37,5,6,10,12,19,9,48,57,46,49,59,6000,514
V√≠ctor Chust,Spain,184,76,23,73,41,76,78,69,69,41,75,35,68,28,76,68,68,56,73,57,71,38,74,73,32,28,26,27,30,35,30,14,7,9,6,11,6000000,163
David Affengruber,Austria,185,79,22,56,47,68,69,68,66,56,69,47,70,30,64,65,71,71,74,68,74,68,80,70,46,38,42,30,33,41,34,11,8,15,5,12,1400000,536
Juan S√°nchez Purata,Mexico,180,77,25,59,50,64,68,66,63,42,63,41,59,37,60,58,53,54,81,55,55,42,79,80,58,44,52,45,36,45,32,14,11,10,12,9,1200000,64
Jack Baldwin,England,185,70,30,54,52,63,64,61,60,40,62,49,67,47,59,57,61,72,75,62,64,63,75,62,46,42,33,39,21,32,27,11,11,12,6,14,50000,517
Hayden Coulson,England,172,70,25,63,66,64,64,57,64,60,63,56,59,64,59,47,76,68,57,81,75,71,57,57,45,39,26,46,30,34,29,9,14,13,11,7,1100000,21
Sam Walker,England,198,85,31,25,19,14,14,27,56,11,16,29,46,17,25,26,40,37,63,38,45,32,70,15,47,11,11,16,20,12,15,61,64,61,62,63,32500,358
Jakub Stolarczyk,Poland,194,79,22,12,10,13,13,18,42,8,9,30,35,14,22,16,31,20,60,27,40,27,34,13,41,5,6,10,13,10,9,56,59,56,55,63,18000,303
Cristian Manea,Romania,183,77,26,63,61,64,65,67,65,54,65,52,61,66,63,61,76,80,72,71,79,65,75,65,60,43,46,58,61,55,41,7,10,9,6,10,1500000,513
Roderick Miranda,Portugal,191,85,32,58,51,70,69,77,65,41,68,37,64,50,63,59,41,78,89,31,36,34,58,67,68,26,28,42,32,20,43,6,12,14,8,12,95000,400
Farid El Melali,Algeria,168,65,26,72,82,38,36,35,53,67,19,65,61,63,65,57,72,35,36,91,71,71,32,41,54,70,45,49,43,65,53,13,5,8,8,10,1300000,50
Mattia De Sciglio,Italy,183,78,30,75,74,75,79,66,72,64,75,63,74,78,74,70,64,77,66,76,69,73,80,69,67,33,51,78,39,49,41,5,5,3,5,3,6500000,342
Marko Divkoviƒá,Croatia,181,72,24,65,63,19,14,31,61,61,19,64,57,36,59,48,77,68,57,68,80,70,62,52,62,61,56,35,48,57,51,14,14,12,5,7,47500,107
√Ångel Correa,Argentina,171,70,28,87,87,44,53,79,84,86,48,82,79,75,80,68,86,84,68,88,85,90,53,71,83,86,86,82,66,67,80,8,13,10,9,16,39500000,67
Antonaldo Vaz,Brazil,174,71,23,64,66,67,72,58,66,61,69,58,50,68,71,58,72,83,65,70,70,71,61,53,43,35,36,42,18,41,20,12,6,12,8,13,2000000,451
Vanderlei C√µembra,Brazil,166,64,23,69,66,65,69,43,61,53,68,57,66,64,67,52,91,85,68,75,84,78,66,50,47,28,38,53,31,38,46,12,11,6,13,6,2000000,162
Kevin Silva,Argentina,185,79,20,41,35,68,65,54,48,30,59,31,43,32,37,40,57,65,72,57,61,42,74,57,43,24,22,31,29,47,27,14,8,12,11,14,23000,515
Nemanja Motika,Serbia,179,76,20,63,66,41,35,47,50,42,23,55,60,44,58,52,70,53,58,68,72,67,60,36,53,54,38,48,45,48,43,14,12,12,13,8,22000,522
Nikolas Nartey,Denmark,185,81,23,73,73,61,68,67,72,63,65,70,66,65,73,65,70,74,69,77,77,76,74,60,51,55,38,45,40,41,32,6,13,9,13,12,1600000,645
Finn Porath,Germany,179,68,26,70,72,60,66,73,69,60,58,69,67,64,72,65,81,79,58,78,80,81,59,50,68,58,60,56,49,61,55,7,13,14,10,12,1300000,315
Robert Wagner,Germany,181,80,20,69,65,58,63,56,64,58,64,68,52,50,71,66,69,69,68,63,67,68,54,42,52,39,49,51,35,40,39,12,11,14,9,11,87500,526
Tom Trybull,Germany,181,72,30,64,64,62,65,74,65,49,71,61,71,57,72,66,62,74,67,69,55,66,77,58,58,35,58,56,49,55,56,13,15,13,11,6,1200000,90
Ian Murphy,United States,188,74,23,50,56,60,65,61,56,49,59,35,45,50,45,28,68,72,63,54,61,59,62,57,32,25,23,29,33,34,29,8,6,7,14,9,35000,213
Carl Johnston,Northern Ireland,175,64,21,57,57,52,55,41,53,53,51,54,55,51,58,53,74,66,68,81,72,79,51,43,47,45,49,48,38,52,39,14,15,15,10,14,21000,260
Jamal Thiar√©,Senegal,180,68,30,69,67,18,20,39,63,70,12,56,64,52,62,50,84,81,75,80,87,89,83,60,69,68,62,49,46,67,60,8,7,14,6,9,1200000,305
Solomon Owusu,Ghana,176,75,27,53,51,61,64,58,58,37,57,36,46,49,55,53,72,59,74,70,80,41,81,56,54,35,34,30,24,39,30,6,11,10,10,13,37500,441
Isaiah Parker,United States,173,72,21,59,64,39,48,39,45,52,34,50,50,58,52,40,81,51,54,74,80,78,46,36,64,53,42,43,35,45,39,10,9,9,11,5,25000,214
Park Jin Sub,Korea Republic,184,80,27,60,51,62,66,63,59,57,66,57,56,48,63,66,63,72,84,56,70,59,73,70,62,46,58,40,43,49,45,5,8,10,6,15,97500,340
Josh Scowen,England,178,74,30,65,64,65,68,77,65,63,67,63,62,59,64,63,57,85,66,73,57,75,90,57,61,50,58,58,62,52,49,11,9,14,8,9,1000000,680
Aster Vranckx,Belgium,183,78,20,78,79,62,68,77,75,70,64,67,71,64,78,70,73,76,75,74,54,74,70,62,77,63,66,68,58,41,58,12,9,14,13,7,3300000,406
Christian D'Urso,Italy,178,70,26,77,75,58,53,51,63,58,27,68,69,55,78,75,67,69,48,82,70,69,52,47,60,49,49,58,52,60,50,12,7,8,11,9,1600000,155
Carlo Adriano,Spain,182,72,22,70,68,41,44,45,58,58,62,66,60,54,70,69,60,57,56,58,58,62,56,47,60,60,63,53,49,48,57,11,12,13,10,13,82500,654
Michael Ihiekwe,England,185,80,30,60,51,68,67,68,69,34,69,39,63,38,55,45,65,79,83,52,70,66,85,69,42,35,31,31,29,45,33,15,7,15,6,8,1200000,569
Hou Yu,China PR,192,80,32,16,7,12,13,28,46,8,11,34,26,12,19,29,15,18,64,24,27,24,33,11,37,8,5,13,10,10,5,58,64,59,49,63,13000,399
Sergio Santos,Brazil,180,77,28,71,69,14,20,41,62,66,18,59,62,60,59,45,91,67,80,62,89,79,71,62,68,65,54,37,35,61,60,14,16,14,10,11,1300000,213
Vedad Radonja,Bosnia & Herzegovina,182,73,21,54,55,62,62,69,52,44,56,45,55,60,59,57,75,68,54,49,77,60,70,56,58,22,29,50,31,42,26,9,7,5,15,10,50000,8
Aurtenetxe,Spain,182,82,31,63,49,64,64,59,59,58,65,59,56,55,63,61,58,71,69,64,62,60,65,61,58,47,48,60,59,45,38,12,8,9,15,16,40000,404
Miroslav Gono,Slovakia,181,75,22,62,57,44,54,57,63,49,57,47,41,53,64,57,67,72,58,72,69,63,68,49,52,41,51,49,51,55,48,15,10,14,12,12,24000,674
Gedson Fernandes,Portugal,181,71,24,78,82,72,77,78,79,76,75,78,79,73,78,75,80,86,71,72,79,82,71,61,80,72,76,80,76,60,64,9,9,15,7,5,16000000,87
Kays Ruiz-Atil,France,177,60,21,70,71,53,55,40,59,60,29,64,68,54,69,65,68,53,32,80,66,80,50,30,60,53,48,68,59,58,52,13,8,8,14,9,77500,14
Teemu Pukki,Finland,180,78,33,73,72,16,29,64,80,83,54,72,79,45,71,61,78,85,71,72,77,74,68,63,75,79,66,53,42,79,74,9,13,8,8,7,4600000,433
Leon Jensen,Germany,175,70,26,68,65,42,58,40,62,57,52,68,60,58,67,61,66,67,46,84,71,75,65,40,66,59,60,49,41,40,62,8,10,6,11,11,65000,354
Kevin R√ºegg,Switzerland,173,80,25,70,71,65,65,77,66,67,63,59,71,67,68,68,78,73,79,78,79,70,79,64,68,54,62,58,39,30,45,11,6,9,8,13,1700000,75
Jonas Carls,Germany,177,70,26,64,67,62,64,62,62,58,55,45,59,60,62,63,85,78,49,75,76,74,57,54,63,55,59,42,46,50,34,7,15,5,8,6,80000,528
Andr√© Becker,Brazil,197,92,27,60,58,26,22,49,55,65,20,46,61,33,47,36,55,67,89,36,58,63,65,70,69,68,47,30,27,60,59,11,8,13,13,5,65000,651
»òerban Tomache,Romania,177,76,19,11,11,11,13,19,40,8,11,24,23,10,30,30,26,30,50,55,30,25,55,14,37,10,5,10,10,16,7,51,51,50,49,53,4500,211
Louis Thompson,Wales,180,75,28,66,66,63,65,77,65,60,64,65,64,58,66,65,70,83,70,67,69,74,70,55,53,48,50,51,46,48,48,8,12,8,8,7,75000,474
Jojo Wollacott,Ghana,190,80,26,26,12,12,16,24,59,15,23,49,33,13,46,48,40,39,63,55,42,30,57,11,47,19,11,11,11,25,18,64,66,63,63,65,57500,137
Freddie Woodman,England,188,83,26,22,17,20,21,34,76,12,26,45,54,14,26,26,45,34,46,37,50,42,52,20,53,16,14,15,13,20,16,74,76,72,71,76,4600000,475
Jonathan Sirois,Canada,183,73,22,17,11,13,10,27,49,5,14,30,34,13,24,28,35,29,50,34,26,22,55,10,39,9,8,13,10,18,7,55,60,61,52,64,20000,116
Gabriel Paulista,Brazil,185,72,32,71,60,81,82,87,79,51,82,65,69,67,80,74,65,75,79,63,67,65,80,82,61,42,50,57,46,51,48,15,15,6,15,7,14500000,640
Lee Young Joon,Korea Republic,190,83,20,54,52,12,11,62,54,59,15,44,55,33,51,43,56,55,76,44,68,56,73,57,55,53,52,44,34,64,45,9,13,10,12,15,16000,278
Szymon Matuszek,Poland,185,83,34,56,49,61,62,70,63,50,63,45,60,32,58,55,33,70,74,54,32,46,72,62,59,32,52,52,28,45,50,7,14,11,6,8,20000,404
David ƒåolina,Croatia,174,68,23,64,60,64,65,52,64,50,70,45,55,59,43,31,82,73,46,78,83,65,65,47,39,38,39,66,63,47,47,12,7,12,13,7,1300000,206
Harvey White,England,178,66,21,68,70,56,60,62,64,58,59,68,64,68,67,64,67,68,47,71,66,72,56,58,69,65,64,70,74,59,50,9,13,13,12,13,57500,176
Torgeir B√∏rven,Norway,185,72,31,68,65,24,29,37,68,73,22,61,66,56,62,42,71,70,70,65,69,74,82,70,71,70,64,62,64,65,68,14,8,7,16,16,1400000,658
Maxence Pr√©vot,France,187,81,26,14,6,11,10,18,63,6,11,50,59,13,15,22,43,27,57,46,26,29,66,11,51,7,5,14,12,14,6,69,70,69,68,69,1300000,246
Brison Fernandes,India,176,75,22,52,48,41,42,55,49,50,45,46,44,38,55,53,61,58,54,70,69,59,58,43,45,46,32,39,31,36,37,15,8,14,10,15,5000,218
Gay√†,Spain,172,66,28,80,77,82,81,76,83,75,80,75,76,79,79,75,81,87,67,80,83,82,53,58,62,61,59,80,49,60,58,12,13,10,9,9,29500000,640
Gus Outomouro,Brazil,175,73,27,74,70,20,25,50,73,68,23,73,71,62,73,62,72,68,63,76,70,79,71,67,75,74,69,71,60,56,73,11,8,9,16,7,2100000,334
Jonathan Ring,Sweden,182,74,31,68,73,45,55,60,67,66,45,71,68,68,70,62,82,76,70,67,80,83,71,50,65,64,66,73,56,55,59,7,8,8,15,10,1800000,339
Sven M√ºller,Germany,190,82,27,13,12,10,13,26,49,7,9,41,35,13,30,31,16,20,66,27,27,25,38,12,44,8,8,10,10,11,8,65,66,67,59,68,57500,185
Thomas Eisfeld,Germany,177,76,30,67,62,28,35,45,62,62,34,68,62,66,67,67,68,65,59,75,59,77,64,42,65,62,66,69,70,55,51,16,9,7,6,13,70000,518
Nico Schlotterbeck,Germany,191,86,23,71,72,80,86,81,81,56,82,67,76,48,74,79,77,73,82,66,76,68,78,84,75,49,60,49,35,38,51,14,8,10,8,13,26500000,97
Russell Teibert,Canada,173,69,30,70,62,51,62,64,61,39,66,63,70,67,71,63,48,80,56,85,40,61,34,46,59,47,49,68,52,57,48,10,8,14,7,11,57500,670
Andres Perosas,Bolivia,186,80,35,58,48,67,64,65,65,48,66,46,66,41,53,45,68,67,78,73,72,66,71,66,45,27,24,33,38,39,30,6,10,8,11,20,27500,617
Thomas Partey,Ghana,185,77,30,83,84,80,84,84,82,70,81,85,87,74,85,85,63,80,84,50,75,67,83,68,86,66,78,69,70,49,56,9,11,13,9,7,36000000,58
Ryan Gravenberch,Netherlands,190,77,21,85,84,59,69,52,73,74,74,80,76,75,80,78,76,81,75,77,78,80,72,58,78,76,79,74,69,58,69,11,12,8,6,12,19500000,210
Fashion Sakala,Zambia,178,72,26,69,73,28,29,54,69,70,35,62,59,60,64,51,93,81,61,73,89,86,88,64,74,71,69,58,55,60,56,11,12,7,11,13,2600000,497
Erik Marxen,Denmark,185,80,32,66,60,68,68,75,67,50,67,50,63,61,66,66,52,70,77,63,55,54,80,68,65,43,60,65,62,55,50,12,9,7,11,11,95000,228
Gabriel Marusic,Croatia,186,80,20,35,27,65,68,68,49,21,51,33,44,35,41,32,54,58,64,46,55,46,56,64,40,21,24,36,29,41,33,8,9,14,12,13,21000,210
Dario Melnjak,Croatia,179,73,30,69,68,69,70,72,69,77,64,61,71,69,67,58,69,76,61,66,69,67,57,65,68,67,63,49,51,42,64,8,15,7,10,6,1600000,295
Vinit Rai,India,182,74,25,51,45,52,55,51,46,44,53,50,48,40,56,55,58,84,68,51,59,53,72,55,45,41,38,37,34,43,35,9,13,11,15,10,15000,417
Cieran Slicker,Scotland,191,82,20,18,8,11,12,27,41,4,10,37,36,12,17,29,30,24,51,22,22,21,33,10,40,8,8,10,12,19,9,45,48,60,53,56,6000,395
Jarrod Bowen,England,175,70,26,81,82,36,40,57,79,80,37,75,77,79,76,67,79,79,63,83,77,79,65,64,74,80,76,71,70,70,69,10,14,8,14,7,23500000,668
Pere Joan,Spain,188,83,21,19,10,11,10,20,61,5,12,41,45,9,29,30,50,45,72,62,60,55,80,11,50,6,7,8,8,11,5,66,53,59,66,64,32500,489
S√©bastien Thill,Luxembourg,178,70,29,72,71,38,34,39,66,57,39,73,67,58,70,64,66,76,48,76,67,76,73,53,67,63,65,66,68,69,70,11,12,5,5,12,1200000,301
Axel Gueguin,France,170,55,18,67,63,26,27,55,45,51,22,49,53,54,50,44,74,49,50,91,75,72,58,48,62,58,41,48,42,61,53,6,11,7,10,6,22000,412
Jacob Karlstr√∏m,Norway,200,90,26,26,18,11,11,25,60,5,13,48,40,13,28,34,38,25,72,45,37,37,62,14,52,6,8,13,12,16,9,68,69,66,69,70,97500,411
David Stockdale,England,191,84,37,22,13,13,15,39,65,13,22,52,42,11,38,48,28,25,59,37,33,24,51,11,50,15,13,15,12,43,12,66,67,65,67,67,2500,569
Andy Lonergan,England,192,87,39,24,11,14,15,28,54,8,12,32,30,12,29,27,40,28,56,42,41,50,66,15,38,14,13,12,14,16,15,64,59,62,50,57,600,197
Alan Ruiz,Argentina,183,78,30,77,78,41,43,59,62,70,40,72,76,77,76,73,53,63,72,69,55,70,51,70,78,70,78,75,77,69,69,13,7,7,16,16,2400000,57
Pierre Sagna,Senegal,179,73,33,69,65,65,64,64,64,56,70,65,64,68,67,69,70,69,68,70,75,72,72,55,55,38,41,65,63,54,38,6,6,9,10,7,1000000,554
Alberto Cerri,Italy,194,91,27,68,64,30,34,42,60,67,13,57,68,40,55,45,46,64,90,33,55,45,70,77,75,75,66,64,44,64,68,10,6,13,8,14,1500000,153
Sergio √Ålvarez,Spain,183,74,31,71,64,69,71,76,71,64,75,73,80,54,71,72,58,89,77,54,60,70,74,57,78,60,72,59,53,41,59,16,12,13,16,8,3500000,531
Kainho Selva,Brazil,183,79,23,64,60,72,79,68,62,38,65,36,62,58,59,40,64,66,79,54,68,60,72,73,48,24,25,38,35,34,24,16,9,7,9,9,2400000,68
Jair Aldunsate,Venezuela,183,78,27,67,61,61,62,56,61,43,64,61,69,55,66,65,60,74,77,55,63,62,69,61,68,46,58,59,45,54,49,8,15,15,18,7,70000,172
Valentin BuhƒÉcianu,Romania,182,70,29,63,61,13,21,32,61,64,18,51,61,55,59,49,73,61,59,65,66,62,69,60,65,64,60,62,36,65,55,5,11,6,14,14,40000,220
Chidozie Awaziem,Nigeria,189,77,26,63,57,70,71,77,74,28,72,39,69,30,66,61,71,76,77,51,73,69,74,70,53,36,37,33,25,40,30,14,12,5,11,13,2300000,295
Andrei Dumiter,Romania,184,76,24,61,60,35,35,65,60,64,44,60,63,51,55,42,81,68,63,63,80,77,76,55,64,61,55,49,50,60,55,13,11,15,13,7,47500,242
Andreas Hermansen,Denmark,182,78,19,32,18,19,21,25,42,7,16,40,37,14,31,30,25,28,52,49,26,44,63,24,41,7,9,25,20,17,11,50,54,52,55,53,6000,7
Michy Batshuayi,Belgium,185,80,29,77,76,22,31,69,76,80,29,64,79,65,64,42,77,69,82,71,78,76,84,75,86,77,73,67,60,71,77,7,9,10,16,15,11000000,254
Thomas Hasal,Canada,191,77,24,12,8,13,11,18,63,6,13,30,23,14,21,17,27,23,63,35,26,23,53,14,44,7,7,11,11,13,6,62,64,61,58,68,52500,670
Johannes Yli-Kokko,Finland,176,72,22,62,57,40,38,55,58,60,38,56,54,46,60,54,72,58,47,72,70,63,58,48,55,56,44,46,32,39,42,12,14,14,8,12,25000,294
Morata,Spain,190,84,30,82,78,20,14,69,80,84,26,77,78,72,76,63,81,78,81,62,84,74,86,85,80,84,74,78,50,75,79,4,4,5,4,5,30500000,67
Pablo Felipe,Brazil,184,76,19,62,60,22,24,39,66,66,30,49,62,44,56,46,69,55,64,66,67,68,63,68,64,70,59,47,39,63,67,7,14,10,6,12,75000,217
Jake La Cava,United States,180,71,22,53,55,26,23,35,44,46,22,45,47,44,45,38,77,47,50,67,78,72,44,37,60,61,37,41,34,48,40,8,6,12,8,8,11000,333
Mark Gillespie,England,192,83,31,29,17,19,11,26,58,11,20,42,50,13,34,35,34,25,66,53,35,37,69,11,48,16,12,12,15,19,12,67,68,65,64,70,67500,427
√Åd√°m Bogd√°n,Hungary,194,92,35,18,11,16,11,20,62,13,24,38,49,15,16,12,52,33,74,41,56,35,63,11,51,11,14,18,12,18,11,68,61,61,68,62,10000,255
Yayo,Spain,178,71,19,62,60,59,62,67,60,62,62,65,51,42,64,63,65,50,34,69,62,71,57,41,60,55,62,56,52,35,44,10,9,10,9,13,40000,478
Curtis Davies,England,173,70,19,53,51,40,42,47,48,48,40,53,48,45,55,53,65,68,55,70,64,65,55,40,50,42,46,45,42,45,46,8,10,12,15,6,8000,397
Leon P√∂hls,Germany,186,80,26,14,7,10,14,25,41,9,8,42,23,11,33,25,32,24,60,48,36,45,54,14,42,7,7,13,13,15,9,54,58,56,56,58,12000,564
Jean-K√©vin Duverne,France,184,71,26,71,70,72,75,68,69,55,73,54,69,58,73,63,60,75,75,65,65,66,78,77,55,31,36,54,28,33,32,6,13,9,8,12,3200000,592
Nazinho,Portugal,179,75,20,59,56,65,67,58,61,51,67,36,55,59,60,59,76,62,56,65,74,59,57,46,26,34,31,39,37,44,29,6,6,5,14,6,80000,585
Shane McEleney,Republic of Ireland,192,98,32,55,42,55,53,73,55,41,56,48,60,35,53,45,32,58,83,33,33,31,48,59,54,27,24,33,34,33,23,14,12,9,10,12,15000,177
Duncan Idehen,England,187,77,21,37,33,56,59,55,51,24,53,27,46,25,41,31,68,55,73,63,69,62,66,55,31,22,19,31,25,35,22,15,12,5,9,10,14000,105
Antol√≠n Alc√°raz,Paraguay,187,78,41,61,57,73,74,72,71,56,70,44,80,47,67,48,33,51,82,53,30,50,72,74,54,38,42,32,35,48,35,16,8,11,10,11,32500,444
Leandro Bacuna,Curacao,180,77,32,69,70,66,69,74,63,61,63,68,64,66,68,68,79,76,78,72,79,76,72,60,78,59,64,76,69,68,69,16,15,8,14,15,1000000,664
Lim Seung Kyum,Korea Republic,184,74,28,37,21,59,61,44,48,27,51,36,39,25,37,33,60,54,64,60,52,33,69,54,30,19,19,24,25,30,26,6,9,13,13,10,12000,278
J√≥hann Berg Gu√∞mundsson,Iceland,179,77,32,73,71,55,63,66,72,71,62,74,76,71,75,73,69,60,67,75,62,68,76,62,78,65,72,76,74,70,72,10,7,6,14,8,1600000,109
Diego Guillen,Venezuela,175,63,22,62,61,55,57,55,57,50,50,57,55,34,58,57,66,80,37,79,64,70,71,43,66,57,60,48,55,55,45,6,11,13,7,9,27500,193
Ki Sung Yueng,Korea Republic,189,75,34,75,66,59,66,73,63,64,69,79,72,71,78,82,49,75,75,64,42,59,65,61,76,57,73,76,76,74,61,9,14,9,7,10,1500000,233
Eden Hazard,Belgium,175,74,32,86,88,22,27,54,77,83,41,84,88,77,83,81,82,74,61,89,80,83,55,61,82,77,76,83,79,84,82,8,11,12,6,8,30000000,502
Alberto Moreno,Spain,175,69,21,70,67,53,56,54,58,57,57,65,62,53,68,65,69,53,55,77,66,71,66,47,61,62,57,49,54,64,46,6,6,12,15,10,52500,67
Valentin Henry,France,178,73,29,72,70,66,67,63,62,55,59,53,59,71,68,65,81,81,72,75,78,81,48,59,68,59,64,67,47,55,53,12,11,13,12,14,1400000,246
Dennis Srbeny,Germany,190,83,29,71,68,26,28,58,72,70,30,66,71,49,67,50,67,71,76,44,69,69,77,68,72,69,57,56,35,65,60,6,15,9,11,10,1400000,528
Sebastian Pasquali,Australia,176,70,23,64,62,51,54,51,52,54,50,67,60,59,60,58,64,57,58,63,52,66,49,46,47,55,39,44,38,59,36,7,14,7,10,12,24000,669
Allyson,Brazil,186,77,32,60,56,71,69,68,70,27,67,48,68,41,55,59,73,62,74,59,70,54,75,70,41,33,32,37,28,48,41,14,7,7,6,14,95000,687
Nick Ansell,Australia,186,80,29,49,33,61,65,63,56,27,62,31,56,37,61,57,54,80,84,62,34,60,51,63,45,25,25,41,31,29,26,14,8,11,12,12,42500,25
Marco van Ginkel,Netherlands,186,82,30,77,72,68,71,69,70,73,62,72,78,70,78,77,52,68,75,62,54,65,72,74,76,72,72,65,68,81,71,13,7,11,13,14,3000000,655
Matt Bersano,United States,185,81,30,15,16,19,18,29,60,14,10,41,38,20,31,38,35,36,51,40,38,52,62,16,45,12,11,20,18,25,17,54,60,51,60,58,11000,69
Kamaljit Singh,India,185,80,27,13,5,13,12,28,54,7,10,34,29,10,20,23,35,28,56,44,32,24,58,13,40,9,6,12,12,12,5,51,54,50,53,56,9000,189
Jayden Braaf,Netherlands,180,84,21,67,69,32,37,59,63,61,40,56,59,59,58,51,79,69,69,86,84,82,65,50,69,58,58,60,58,53,56,14,8,11,13,12,92500,309
Abdulrahman Al Mughis,Saudi Arabia,168,65,20,49,48,51,53,55,48,38,48,38,40,35,52,49,59,53,46,87,60,59,61,45,48,31,31,35,32,35,29,12,5,10,9,10,4500,39
Jannik Graf,Germany,180,76,18,57,54,21,12,24,53,53,17,47,49,35,44,29,55,48,60,60,60,54,62,59,58,63,49,44,29,50,42,12,6,5,10,12,15000,337
Anton Stach,Germany,194,88,24,75,72,66,77,73,76,74,85,76,68,70,76,73,69,79,81,44,78,60,66,76,84,58,78,71,64,51,54,7,7,14,8,11,6500000,3
Thomas Cannon,Republic of Ireland,175,65,20,60,62,22,20,33,57,56,19,58,54,46,56,42,76,58,40,78,75,62,67,67,64,68,57,49,37,68,50,8,11,8,11,7,45000,475
Sebasti√°n Sosa S√°nchez,Uruguay,188,80,29,66,62,19,14,60,67,70,20,51,54,33,56,33,58,64,76,61,59,60,65,73,65,73,62,39,43,62,47,14,11,5,6,6,1000000,76
Bilal Hussein,Sweden,175,70,23,73,71,63,66,67,66,66,63,67,73,70,74,73,70,81,67,80,67,80,80,55,59,60,57,63,40,44,55,8,7,12,12,7,1900000,13
Codrin CƒÉrƒÉu»ôu,Romania,174,63,18,51,48,15,19,42,50,44,22,44,51,31,49,32,57,49,52,66,65,56,62,44,53,53,51,41,31,57,45,7,13,6,8,6,5000,211
Bj√∏rn Johnsen,Norway,196,81,31,62,60,30,47,64,55,64,42,51,64,44,54,48,58,34,81,34,66,58,63,68,66,64,63,49,41,60,58,7,12,11,9,14,47500,525
Gast√≥n Martirena,Uruguay,173,64,23,58,68,65,71,52,57,67,74,52,61,73,71,61,71,78,48,54,84,74,61,48,76,51,70,71,76,57,63,11,12,13,14,7,1700000,384
Jos√© Caldera,Colombia,185,79,21,53,30,70,72,66,55,32,68,37,47,31,54,36,65,60,61,55,67,54,73,60,35,25,15,24,24,39,25,7,14,14,9,7,85000,175
Zech Medley,England,195,90,23,56,50,65,68,65,58,32,62,37,50,34,58,48,57,62,84,51,71,53,70,68,41,25,27,34,29,43,35,10,10,11,5,14,87500,348
Fatih Aksoy,Turkey,189,78,25,67,59,72,74,65,56,42,66,51,64,39,69,63,40,71,74,41,35,57,52,65,54,41,33,33,29,40,32,13,7,11,6,14,1200000,42
Jason Bardeira,Brazil,187,85,23,70,69,17,19,62,68,74,16,65,80,59,66,64,77,74,79,67,70,70,89,91,87,86,80,59,33,56,70,12,13,9,6,16,17000000,100
Frank Fielding,England,180,76,35,23,12,14,12,38,68,11,21,36,41,18,33,29,42,31,64,45,39,44,63,22,44,11,13,12,15,22,13,65,65,65,59,69,17000,600
Matt Macey,England,201,81,28,22,16,14,11,25,59,12,15,48,44,18,27,24,38,33,57,33,40,37,67,16,48,16,16,16,17,22,16,65,69,66,64,66,77500,474
Liam Coyle,Northern Ireland,175,67,23,58,59,61,62,83,59,51,63,56,54,49,64,60,60,68,61,80,62,70,71,54,60,48,48,42,41,56,43,12,11,13,5,8,62500,23
Florian Kamberi,Albania,189,86,28,61,61,22,36,76,61,65,24,66,58,57,60,52,71,68,74,68,73,67,73,63,69,64,55,59,42,65,60,11,13,6,10,11,62500,317
Danny Lloyd,England,171,63,31,63,62,54,57,45,64,61,54,63,58,62,63,60,69,77,38,86,72,82,51,41,65,62,62,54,60,62,56,9,9,8,13,8,45000,510
Diego M√©ndez,Spain,182,75,20,59,32,62,64,54,50,43,56,42,46,38,58,54,63,55,65,62,68,55,68,60,38,21,25,28,27,34,21,13,7,7,5,9,22000,498
Nicolas Viola,Italy,180,77,33,74,71,56,57,67,74,49,63,74,66,70,76,71,68,74,66,63,54,70,67,62,67,60,72,73,75,82,58,11,14,6,9,11,1300000,120
Callan Elliot,New Zealand,173,68,24,60,61,56,58,60,60,55,53,57,60,60,56,53,79,71,62,75,70,73,59,47,48,49,47,49,48,48,40,6,7,5,9,8,42500,666
Nkosingiphile Ngcobo,South Africa,165,63,23,67,70,41,38,24,56,60,25,63,61,65,72,63,70,65,38,65,72,68,42,33,55,49,45,51,52,44,61,12,5,7,13,5,70000,351
Yeo Reum,Korea Republic,175,62,34,65,63,54,60,65,58,61,64,66,64,62,68,67,64,85,65,83,68,72,67,38,65,52,62,66,60,57,58,10,8,16,12,10,45000,327
Evanilson,Brazil,181,77,23,78,77,19,20,45,78,84,16,67,74,43,74,62,75,74,81,68,73,66,64,75,75,79,70,67,46,69,76,14,13,11,6,7,17000000,230
Admir Mehmedi,Switzerland,183,78,32,76,77,36,39,68,71,72,44,72,75,72,73,58,64,60,67,76,65,74,65,55,77,74,70,74,58,69,80,15,13,14,8,16,1900000,51
Miguel N√≥brega,Portugal,189,83,23,40,25,65,72,58,56,22,63,30,61,29,55,43,63,63,81,47,55,47,72,56,47,25,23,30,28,42,33,6,13,13,15,12,75000,508
Owono,Equatorial Guinea,181,75,22,15,5,13,13,21,53,4,10,41,33,13,22,24,24,22,50,48,33,37,59,10,47,9,8,14,13,14,6,59,66,60,62,58,30000,164
Alessandro Bellemo,Italy,184,75,28,75,64,59,65,65,68,58,71,62,68,44,78,67,51,92,60,66,56,62,63,58,58,63,50,58,42,52,45,8,10,10,7,12,1700000,153
Marc-Oliver Kempf,Germany,186,87,28,64,59,74,76,79,68,33,77,52,64,43,64,70,72,66,80,60,79,64,91,76,64,31,46,36,39,52,30,7,14,14,11,11,5000000,312
William Cuesta,Colombia,195,87,30,20,17,16,8,21,68,11,23,30,31,15,24,25,44,38,73,22,49,38,52,14,51,16,12,16,14,22,9,70,68,69,68,72,1100000,174
Mart√≠n Campa√±a,Uruguay,186,80,34,31,18,20,16,27,71,18,26,60,54,21,32,28,42,28,79,44,48,42,62,18,54,16,17,15,13,23,12,71,71,73,72,73,1000000,29
Daniel Tiefenbach,Hungary,180,75,24,65,68,51,49,57,52,55,47,52,52,45,67,63,69,53,59,71,65,72,70,53,59,40,51,39,33,43,41,8,11,14,11,15,24000,522
Bashkim Kadrii,Denmark,177,71,32,71,70,51,56,73,66,70,51,67,68,63,62,49,79,69,74,80,79,83,86,59,72,67,65,66,64,62,64,10,8,12,12,13,1400000,442
Georginio Wijnaldum,Netherlands,175,74,32,81,79,70,78,75,78,79,80,79,80,71,80,79,69,82,73,88,69,82,80,78,73,70,70,78,73,74,67,12,16,6,14,6,17500000,512
Fay√ßal Fajr,Morocco,180,70,35,78,77,68,65,69,75,67,70,75,66,77,79,78,64,75,67,71,55,73,33,49,76,71,77,82,78,72,62,15,15,12,14,6,3500000,41
Edder Far√≠as,Venezuela,184,81,35,63,61,13,22,73,61,66,33,58,56,29,63,57,55,67,82,59,66,52,85,65,70,69,55,35,37,64,68,9,13,9,14,11,42500,173
Denis Petriƒá,Slovenia,187,80,35,21,14,12,13,19,67,12,13,25,53,11,18,13,44,30,57,41,43,34,57,11,45,12,14,10,12,22,16,69,67,61,60,70,17000,227
Nils Hahne,Germany,190,83,19,16,10,11,12,24,53,7,8,24,34,10,18,23,30,22,56,27,30,22,40,12,39,5,8,12,10,12,9,52,56,56,52,60,11000,56
Shaquill Sno,Netherlands,176,70,27,58,60,60,62,70,56,56,58,50,59,60,58,56,80,67,63,77,79,76,69,55,58,58,50,50,42,43,37,11,15,7,8,13,57500,119
Riyadh Al Ibrahim,Saudi Arabia,178,70,29,64,64,32,37,47,50,61,47,57,57,57,60,58,67,59,57,72,64,62,58,55,57,56,56,50,52,55,52,15,9,15,10,16,25000,34
Abou Ba,France,183,76,25,65,60,62,65,75,60,43,66,58,51,47,62,57,63,61,67,61,66,65,67,53,52,31,41,32,34,38,28,9,5,11,6,5,60000,490
Nawaf Al Suhaymi,Saudi Arabia,168,58,28,54,57,31,32,48,45,41,35,52,50,51,58,49,72,64,39,83,65,71,43,34,41,42,46,50,44,38,33,12,7,6,12,15,10000,29
Kamron Habibullah,Canada,168,68,19,60,62,33,34,30,49,53,17,55,58,49,56,42,72,33,51,80,67,81,42,37,53,50,58,48,38,54,53,14,14,11,8,14,15000,670
Greg Stewart,Scotland,178,73,33,70,71,18,21,55,60,70,13,70,66,66,68,65,69,52,62,73,74,76,69,60,66,70,69,60,68,64,51,9,12,10,13,9,1100000,417
Faysal Bettache,England,185,73,23,59,55,49,52,57,63,53,54,53,51,49,62,59,61,64,58,59,62,56,62,47,58,34,50,49,33,47,39,8,7,6,14,11,19000,476
Postigo,Spain,185,78,34,61,51,69,70,73,67,30,73,48,72,42,63,64,53,55,80,46,76,49,68,68,56,48,36,30,26,45,36,7,13,13,7,10,90000,377
Atakan √áankaya,Turkey,180,78,25,57,54,65,62,76,59,43,61,48,50,51,63,60,55,68,72,64,63,59,70,68,66,40,38,50,43,53,35,6,14,11,12,15,72500,390
Joshua Eze,Germany,183,79,20,63,56,58,63,62,47,39,58,48,49,48,65,63,65,52,59,63,55,66,68,56,52,41,40,44,40,48,40,7,9,9,11,8,24000,378
Alex Badolato,Australia,170,70,18,49,43,14,14,28,50,53,12,48,47,32,36,32,73,71,47,82,74,68,66,53,45,58,44,37,32,58,34,14,13,8,13,13,8000,659
Anthony Roncaglia,France,180,70,24,63,59,58,65,46,55,37,60,51,59,40,66,60,42,67,73,59,52,50,73,64,41,38,35,31,36,39,29,9,14,6,12,14,42500,523
Kerr McInroy,Scotland,180,78,23,60,55,62,61,68,57,48,57,61,60,63,64,63,52,67,68,58,54,52,57,55,77,53,64,66,65,52,51,12,13,7,5,10,42500,358
Yari Otto,Germany,180,71,24,67,62,45,42,67,67,61,41,62,45,52,63,45,71,66,56,74,65,75,59,53,60,64,50,31,31,56,37,12,14,10,6,9,55000,529
Boris Lambert,Belgium,187,67,23,64,67,65,69,75,58,57,63,61,57,38,70,62,49,66,75,64,54,42,60,68,51,37,31,33,26,37,31,9,13,7,14,5,1100000,344
Jean-Daniel Akpa Akpro,Ivory Coast,180,70,30,78,78,73,75,80,71,76,75,71,77,67,75,72,78,84,73,78,79,79,72,65,72,65,69,66,56,56,68,9,7,10,9,8,5500000,191
Juan S√°nchez Mi√±o,Argentina,177,76,33,68,67,65,68,65,65,66,64,69,70,71,69,71,66,63,66,67,67,68,61,63,74,65,73,71,69,68,55,14,12,13,11,9,95000,369
Boris Cespedes,Bolivia,181,72,28,64,63,62,63,64,63,58,58,55,58,49,65,63,67,73,68,66,69,68,74,46,46,52,50,43,36,54,33,12,10,9,14,11,55000,561
Bughrahan Iskandar,China PR,172,76,23,56,59,21,28,32,46,52,27,44,48,48,41,30,81,58,56,70,81,81,71,46,46,53,45,44,40,55,43,11,5,13,5,14,15000,123
J√∏rgen Strand Larsen,Norway,193,86,23,68,67,23,27,72,72,75,26,64,72,45,61,50,74,84,85,60,80,67,76,74,74,75,66,57,45,58,68,8,7,14,14,9,3600000,486
Allan Arigoni,Switzerland,184,80,24,56,59,56,60,70,53,57,57,46,52,50,55,54,91,71,70,59,90,83,87,58,53,28,41,41,36,40,35,9,8,9,7,7,50000,223
Marvin Senaya,France,179,65,22,52,56,66,72,54,59,48,56,45,44,52,52,52,71,70,61,69,72,56,57,50,40,35,35,51,40,40,35,7,9,11,10,12,52500,511
Carl Starfelt,Sweden,185,81,28,69,68,71,74,77,68,32,74,52,69,27,72,64,70,75,75,66,75,63,78,73,52,25,23,33,24,39,26,7,8,15,13,8,2800000,129
Jefferson Epazo,Bolivia,190,88,39,21,9,10,10,36,65,11,11,69,67,9,23,22,34,41,81,41,38,31,67,10,50,8,7,8,7,21,9,65,67,65,66,64,2000,673
Hakim Guenouche,France,170,62,23,63,63,54,58,54,56,53,56,52,62,62,55,52,82,78,40,88,86,89,53,45,40,42,44,56,30,41,25,7,11,14,13,12,62500,522
Theocharis Tsingaras,Greece,175,70,23,69,64,69,71,63,62,58,65,64,65,49,71,69,71,78,65,78,68,72,66,65,58,58,55,61,40,44,53,7,6,5,10,14,1500000,622
Ricardo Centuri√≥n,Argentina,174,71,30,77,76,36,41,57,64,65,43,64,82,70,70,63,79,63,53,84,77,82,71,57,67,59,66,75,70,72,63,11,7,6,7,8,1800000,80
Max Hagemoser,Germany,190,77,20,12,14,14,10,25,46,7,12,39,30,12,23,19,28,28,63,28,17,24,34,14,44,8,6,10,13,13,7,57,59,56,58,60,16000,301
Curtis Good,Australia,187,85,30,62,53,68,73,65,64,34,63,55,74,42,68,66,53,82,83,64,61,55,81,69,39,31,35,35,26,46,35,14,10,8,7,8,1200000,401
Daniel Wein,Germany,184,81,29,63,48,58,62,61,52,47,66,60,64,49,69,68,58,80,73,62,61,67,73,56,63,41,52,73,68,33,48,7,10,16,7,15,62500,4
Rodney Elongo-Yombo,Germany,183,76,22,62,65,38,43,58,61,56,38,52,53,53,60,55,77,65,70,75,76,70,62,43,55,58,47,50,42,55,48,9,10,10,7,14,55000,73
De La Fuente,Spain,179,78,24,62,53,68,69,70,64,34,66,50,62,51,62,59,59,56,67,59,55,57,70,70,54,35,39,44,35,43,39,10,15,6,7,6,1000000,654
Amidou Diop,Senegal,196,82,31,67,65,58,62,70,65,63,62,64,65,56,66,65,64,75,76,68,65,64,32,57,69,56,63,63,57,58,60,8,12,9,15,15,72500,20
Jan Kopic,Czech Republic,179,81,33,74,76,31,38,53,71,74,32,73,75,74,72,69,77,68,58,70,76,75,59,48,75,68,76,68,64,59,67,11,11,14,13,6,3300000,652
Carljohan Eriksson,Finland,191,81,28,14,10,11,13,24,56,10,13,41,32,14,24,19,58,38,57,29,48,35,48,10,47,12,10,13,11,18,9,63,63,63,62,65,45000,228
Enzo Guerrero,Chile,170,70,32,30,24,62,67,60,56,29,57,27,43,31,55,40,30,31,78,32,34,31,70,63,35,21,27,24,18,20,25,8,10,10,13,13,22000,686
Tang Miao,China PR,177,75,32,69,65,60,63,65,62,53,62,59,64,66,70,63,83,89,78,77,77,86,53,44,36,29,30,46,33,43,30,6,7,14,11,6,1200000,291
Mat√≠as Galarza,Argentina,180,72,21,72,68,63,64,69,65,66,66,70,72,59,70,68,73,64,58,83,68,76,54,50,52,52,54,71,58,52,62,10,7,12,13,13,1100000,345
Hwang Hee Chan,Korea Republic,177,77,27,73,79,25,32,62,79,77,33,76,75,68,73,65,87,74,70,73,76,89,80,61,74,77,73,61,52,72,75,11,11,7,10,15,11500000,676
Naouirou Ahamada,France,183,73,21,75,77,58,66,68,70,65,65,68,66,57,75,64,76,68,58,78,68,79,66,56,68,59,62,45,46,49,48,5,13,9,7,9,1800000,161
Luciano Vega,Argentina,186,78,24,68,60,52,48,62,63,60,54,63,56,59,70,70,63,61,68,54,66,59,57,54,60,44,54,59,52,64,50,13,5,8,13,9,55000,398
Maxim Gullit,Netherlands,191,81,22,51,53,61,65,48,50,41,58,37,54,55,56,42,66,57,77,54,52,54,73,57,42,31,26,30,28,50,29,14,11,13,6,8,27500,525
Dani√´l Deen,Netherlands,188,72,20,18,7,13,13,21,47,5,7,23,24,10,29,21,15,20,47,38,28,36,53,13,41,9,7,10,10,10,6,52,58,58,55,51,10000,18
Malick Fofana,Belgium,169,61,18,68,72,15,16,31,54,47,23,60,57,52,60,50,82,49,33,85,78,87,80,32,55,57,56,55,52,58,53,11,11,6,13,9,47500,343
George Barrett,England,180,60,17,13,5,14,12,20,45,6,9,31,31,12,29,25,32,27,35,48,23,32,61,10,34,6,7,14,10,16,6,49,51,49,45,52,3500,661
Maximilian Breunig,Germany,193,80,23,63,61,20,19,43,52,54,19,43,48,41,55,37,62,58,75,62,68,64,68,61,64,66,51,42,33,45,58,8,13,11,11,10,40000,527
Japhet Tanganga,England,180,73,24,69,72,75,76,87,74,47,74,59,71,64,71,56,67,66,81,68,78,68,87,70,52,28,19,54,37,45,36,7,11,9,12,14,4400000,588
Sebastiaan Bornauw,Belgium,191,83,24,59,52,76,75,80,72,48,73,52,68,57,64,71,69,67,81,52,79,49,76,82,61,44,40,41,42,34,26,11,6,7,7,15,5500000,648
And√∫jar,Spain,189,79,32,59,48,64,72,74,55,32,66,23,60,50,63,59,59,65,89,54,51,60,75,69,56,32,19,33,18,33,28,7,12,5,6,15,1100000,618
Thorsten R√∂cher,Austria,181,78,32,69,70,10,12,54,67,69,18,65,62,67,66,57,70,69,75,67,66,78,71,58,72,69,68,56,45,65,67,13,10,13,11,8,1000000,675
Jonny Williams,Wales,168,60,29,64,64,52,56,55,63,61,55,63,66,64,65,63,69,65,34,90,67,88,58,43,60,57,61,59,54,59,51,10,8,16,11,9,60000,609
Elieser Danilo Baldeiro Lopes,Brazil,186,85,27,71,59,76,78,74,62,49,75,62,65,62,64,51,79,72,78,66,71,60,71,75,75,41,72,48,63,55,57,15,15,15,15,15,4000000,259
Deng Hanwen,China PR,178,73,28,65,68,65,64,75,63,66,62,70,67,59,64,62,81,82,65,73,80,75,60,55,63,55,58,60,53,38,29,12,6,10,14,13,1300000,678
Ramazan Civelek,Turkey,171,65,27,69,70,64,65,52,66,66,59,66,58,65,66,62,78,69,57,88,75,75,51,33,54,56,58,70,56,59,59,8,11,13,10,14,1000000,356
Bryan Goncalves,France,190,72,27,49,27,67,65,65,56,28,67,25,47,29,61,64,68,80,76,53,69,63,75,63,75,18,51,36,73,32,20,6,9,12,12,8,82500,593
Nwankwo Obiora,Nigeria,186,81,32,65,58,63,69,64,62,67,65,67,66,35,68,66,65,88,70,60,65,64,85,67,74,50,65,39,43,33,55,15,10,14,12,13,1000000,269
Facundo Mallo,Uruguay,186,81,28,48,42,62,64,64,60,25,62,30,52,28,59,53,62,72,78,55,65,39,79,61,43,27,29,28,30,37,25,7,14,9,5,9,55000,515
Francesco Rossi,Italy,193,83,32,19,21,16,17,14,48,11,27,22,42,19,17,12,22,22,25,40,21,55,55,14,47,11,12,22,22,14,16,60,63,62,63,62,17000,86
Pritam Kotal,India,179,74,30,50,49,60,62,74,55,48,63,43,55,50,53,46,70,90,70,72,74,69,73,59,45,37,37,44,40,43,36,12,10,7,11,8,35000,17
Mourad Batna,Morocco,185,76,33,72,79,31,34,66,66,65,36,67,64,76,68,68,74,66,76,63,75,74,73,64,80,70,75,80,74,73,58,7,12,12,8,10,1900000,30
Danny Andrew,England,180,72,32,61,62,61,62,52,60,59,59,59,59,65,61,59,67,80,70,59,60,65,51,58,63,45,68,64,75,56,40,6,10,8,10,6,52500,260
Shaun Whalley,England,176,67,36,61,63,49,58,41,63,60,57,59,61,61,58,54,74,64,52,81,77,82,69,55,64,59,61,50,56,57,56,10,12,16,15,10,23000,23
Toni Domgjoni,Kosovo,177,74,24,68,67,62,65,67,68,64,63,64,68,59,69,66,62,76,66,73,59,72,71,61,67,51,60,65,55,50,63,14,6,14,9,13,1200000,655
Josh Kay,England,183,75,26,60,60,49,52,79,52,56,49,56,55,57,56,51,77,74,65,68,79,71,71,49,65,56,55,55,52,53,50,8,10,7,6,6,37500,81
Mouhamed Niang,Senegal,189,75,23,55,53,58,57,65,55,44,57,52,55,43,59,55,63,67,74,52,66,61,54,55,58,38,43,39,34,44,25,7,14,11,13,9,24000,303
Robert Beriƒá,Slovenia,188,82,32,70,65,23,30,65,74,74,38,69,71,52,65,65,63,69,83,51,51,58,75,71,73,72,67,65,56,71,69,12,16,11,15,16,1300000,618
Hamza Saghiri,Germany,180,70,26,64,65,66,64,76,61,52,64,56,55,53,61,56,73,80,56,79,68,79,75,53,63,54,60,63,43,45,54,12,5,14,9,13,57500,651
Ryan Schofield,England,190,70,23,17,8,13,14,23,64,5,8,35,40,12,28,23,28,24,44,21,33,35,37,11,48,9,7,11,11,14,6,64,67,62,64,67,75000,158
Liam Shephard,Wales,178,67,28,58,60,57,59,57,55,54,53,55,60,60,58,56,73,83,59,74,72,73,70,55,52,47,49,56,49,48,34,8,8,13,9,8,47500,550
Antoine Batisse,France,186,87,28,66,59,64,68,62,61,33,65,62,63,61,67,66,42,79,84,59,48,58,76,68,59,40,44,36,36,52,26,7,16,15,15,15,95000,458
Lionel Mpasi,DR Congo,182,78,29,29,26,12,12,21,66,19,18,35,40,17,39,37,45,21,68,58,46,35,60,21,47,19,18,25,21,32,12,63,68,62,62,67,65000,511
Kevin Berkoe,England,178,69,22,48,48,53,52,54,47,46,50,37,38,45,33,21,75,58,64,52,80,73,63,37,27,30,20,25,32,31,20,8,9,7,7,13,11000,550
Aleksandar Sedlar,Serbia,180,79,31,60,34,69,71,75,69,25,68,47,63,33,65,56,53,72,79,65,42,68,84,66,49,50,26,24,22,68,25,12,14,9,12,5,1300000,164
Ernest Terpi≈Çowski,Poland,176,70,21,62,60,20,23,54,52,64,17,68,61,42,66,45,86,75,63,72,86,76,73,53,62,59,55,54,42,59,54,9,7,10,7,12,67500,671
Alex Murphy,Republic of Ireland,188,76,19,50,49,62,60,66,53,39,58,43,56,59,53,49,55,49,70,59,54,56,60,58,47,29,28,49,35,42,32,11,13,7,10,7,22000,427
Jon McLaughlin,Scotland,188,83,35,23,16,14,17,41,63,17,18,46,52,21,30,38,49,33,61,63,54,58,60,14,53,20,19,15,21,26,13,68,70,71,70,69,27500,497
Jon Birkfeldt,Sweden,183,80,27,52,41,61,62,65,59,28,60,30,55,32,56,51,53,60,76,64,59,53,72,62,51,28,28,32,28,30,28,10,14,11,8,10,45000,642
Jayson Malhue,Bolivia,176,71,19,69,67,40,46,40,74,62,52,69,71,66,73,67,74,65,54,72,73,76,71,45,58,57,52,62,60,66,51,12,8,10,7,16,87500,521
Matƒõj Pulkrab,Czech Republic,185,80,26,66,62,24,28,82,68,71,30,59,55,51,62,39,66,61,84,52,68,62,73,76,68,71,61,47,49,60,72,10,6,7,8,11,1600000,545
Lucas Biglia,Argentina,178,63,37,80,76,74,78,75,70,50,75,76,80,74,82,79,34,61,58,84,33,69,56,54,77,52,74,71,76,71,78,12,14,12,7,7,1500000,82
Emanuel Reiberos,Peru,188,82,23,73,57,68,58,70,62,57,68,43,63,58,69,58,62,58,77,49,66,60,54,70,72,47,49,73,61,64,56,8,14,10,13,13,92500,143
Hendrik Van Crombrugge,Belgium,187,86,30,36,29,11,17,34,65,11,14,57,62,12,48,56,37,37,76,43,37,53,67,11,58,11,13,16,13,26,16,77,77,73,77,79,5000000,492
Sebastian Borza,Romania,183,72,17,44,45,56,55,50,57,30,49,29,48,50,52,50,68,55,58,65,75,70,65,45,55,30,36,45,32,35,21,7,9,7,8,11,13000,253
Simon Ebonog,France,180,70,19,56,54,23,26,28,38,51,17,49,44,52,54,46,69,49,40,62,68,57,47,42,57,53,37,52,37,53,56,10,9,6,6,10,13000,305
Go Myeong Seok,Korea Republic,189,80,27,47,32,59,63,64,42,42,57,26,47,45,61,56,78,73,78,66,72,64,71,68,35,30,31,23,29,33,28,7,7,5,14,9,37500,606
Elias Aarflot,Norway,186,75,19,52,52,15,17,30,40,54,12,48,48,28,45,28,72,34,62,63,75,60,62,48,52,55,50,35,30,54,45,13,14,6,14,9,10000,625
Nikola Moro,Croatia,185,77,25,77,73,70,69,70,72,60,68,76,77,65,75,81,69,83,76,60,69,69,62,69,83,64,74,60,70,68,64,13,9,9,10,11,4300000,94
Pedro √Ålvaro,Portugal,186,81,23,55,50,68,69,71,66,27,73,31,63,33,59,57,63,70,79,53,64,51,76,63,48,26,29,34,35,41,34,14,15,8,7,11,1600000,194
Noguera,Spain,177,65,33,69,68,43,65,51,66,67,64,68,57,62,69,66,70,65,57,83,75,76,68,40,59,63,67,56,57,53,52,12,12,11,11,12,95000,417
Aaron Appindangoye,Gabon,184,85,31,49,51,67,69,68,57,45,69,55,56,49,59,58,49,74,80,52,54,60,63,69,55,44,35,45,39,48,44,8,6,11,10,8,82500,574
Javair√¥ Dilrosun,Netherlands,175,73,25,75,81,27,44,34,65,67,42,64,68,68,71,61,90,69,56,79,85,89,36,32,72,67,48,64,49,55,60,7,8,15,11,11,3500000,256
Dean Cornelius,Scotland,176,74,22,64,60,54,56,47,62,52,61,59,57,59,64,62,66,68,56,72,64,71,53,48,62,42,48,59,42,44,48,5,15,12,13,7,37500,416
Dario ≈†pikiƒá,Croatia,183,79,24,79,79,37,42,38,63,59,58,62,67,67,66,60,81,70,64,65,86,72,74,49,72,64,73,66,62,65,61,14,13,8,6,7,2200000,179
Tommaso Milanese,Italy,173,61,21,72,70,45,40,40,57,57,24,70,55,59,72,65,66,69,28,80,68,62,56,55,63,50,49,55,50,55,57,6,12,7,7,6,52500,643
Jan Boller,Germany,185,71,23,58,49,65,67,66,59,33,65,42,52,49,59,57,52,68,77,59,63,46,74,68,67,32,58,62,65,50,39,8,10,14,13,14,87500,364
Clerc,Spain,182,69,31,71,70,67,68,62,70,70,68,68,73,73,69,63,79,79,69,73,83,76,72,62,64,56,59,72,56,50,48,10,7,14,11,14,2600000,190
Cristian Negu»õ,Romania,176,72,27,65,66,33,24,55,57,60,28,62,53,66,64,63,80,80,59,86,80,82,71,51,65,61,56,60,65,63,54,10,12,13,10,13,1100000,10
Kian Hansen,Denmark,184,73,34,64,50,64,67,65,67,52,65,55,63,56,68,67,50,66,76,70,55,64,80,69,60,42,45,59,45,38,42,7,16,8,16,13,57500,228
Thabiso Monyane,South Africa,175,68,23,66,70,56,58,56,59,68,58,60,58,66,66,59,81,68,60,64,78,75,65,55,60,58,60,59,53,59,53,12,8,10,12,7,77500,446
Scott Sinclair,England,178,70,34,71,70,35,33,47,65,70,40,63,72,63,67,53,76,59,62,80,74,79,32,60,72,67,64,73,60,74,68,13,13,11,10,15,75000,106
Lebo Mothiba,South Africa,182,78,27,71,71,12,15,55,65,71,24,61,73,54,66,53,67,63,70,65,65,60,66,70,71,73,69,59,51,68,69,7,14,14,11,10,1800000,601
Oumar Diakhit√©,Senegal,190,84,29,52,45,63,66,75,54,33,62,46,60,31,51,54,57,63,83,54,81,47,65,67,56,34,37,41,38,49,37,13,13,10,6,12,62500,545
Darren Pratley,England,185,69,38,57,54,59,61,68,62,56,61,57,62,60,61,58,34,61,65,50,32,55,78,59,60,56,56,61,52,59,59,16,8,12,11,12,6000,379
Gon√ßalo Cardoso,Portugal,189,83,22,51,44,65,67,71,62,29,61,28,62,25,55,36,48,55,75,39,48,41,71,64,41,24,28,30,31,40,28,14,10,7,14,7,60000,398
Ossama Ashley,England,180,82,23,54,57,58,58,57,52,54,54,54,51,47,58,52,70,70,69,66,71,59,54,49,49,46,48,34,39,37,39,13,12,6,14,11,21000,148
Carlos Alcaraz,Argentina,176,70,20,74,80,43,45,77,65,70,43,64,67,59,71,64,87,70,59,82,77,84,74,65,72,67,67,70,72,66,55,6,12,9,14,7,2600000,579
Luildo Sim√µes,Brazil,177,74,23,71,73,37,49,46,71,69,48,70,46,64,71,69,70,69,61,52,71,59,54,70,71,70,68,74,64,76,66,13,6,8,12,12,1900000,154
Jannik Rochelt,Germany,182,76,24,67,68,58,49,58,63,64,36,65,61,64,66,63,81,73,60,70,79,77,64,59,59,60,54,56,53,50,49,14,8,15,14,9,97500,542
Artem Besedin,Ukraine,190,84,27,65,68,31,37,44,72,76,40,49,68,33,67,43,73,65,75,57,69,55,63,74,66,68,64,37,46,57,62,5,6,8,15,8,1800000,186
Irwin Ant√≥n,Venezuela,180,85,34,58,60,33,33,55,66,69,33,68,65,63,59,59,61,63,70,65,53,60,67,65,65,70,62,65,54,69,61,6,15,7,13,6,37500,402
Joshua Kitolano,Norway,170,71,22,67,67,55,59,66,64,64,65,65,68,52,68,64,75,83,67,84,78,83,78,42,60,52,49,58,39,43,45,7,11,14,7,13,95000,583
Gustavo Vallecilla,Ecuador,185,81,24,53,62,59,64,60,65,31,58,28,64,19,50,35,68,66,81,56,59,64,65,54,44,32,21,22,21,42,28,13,15,5,8,15,40000,150
Pawe≈Ç Olkowski,Poland,184,80,33,62,65,63,64,67,63,64,61,60,66,66,67,58,71,66,69,65,71,72,67,55,67,50,65,53,44,47,56,15,13,15,10,10,60000,293
Kike R√≠os,Spain,187,80,23,53,29,62,65,63,54,25,58,35,49,28,54,50,54,62,79,46,63,54,69,60,54,24,21,26,22,35,23,8,8,12,13,8,40000,482
Carl Piergianni,England,185,78,31,45,42,62,65,69,62,33,61,38,53,31,49,49,45,77,91,53,34,52,92,67,41,28,27,31,27,36,25,7,9,8,7,8,57500,598
Ulrick Eneme-Ella,Gabon,184,75,22,64,64,43,38,40,60,56,31,58,58,51,59,53,64,34,64,57,63,64,52,39,60,47,45,53,53,57,46,9,13,10,8,12,27500,50
Marco Pa≈°aliƒá,Croatia,177,74,22,61,64,34,30,42,59,60,32,62,62,60,62,50,78,70,57,85,74,79,56,41,65,58,67,63,60,48,53,14,9,8,13,9,70000,73
Cristian Galano,Italy,170,69,32,68,64,14,14,49,68,61,28,63,65,62,66,60,82,85,60,89,81,90,83,52,65,65,80,72,72,56,64,5,8,13,11,13,60000,78
Karol Knap,Poland,180,71,21,63,55,61,64,65,55,55,62,55,60,39,63,60,63,73,69,71,63,55,66,51,56,45,62,56,57,51,39,9,13,12,11,10,47500,157
Jo√£o M√°rio,Portugal,179,73,30,84,83,65,74,65,81,74,74,82,86,82,85,79,71,85,65,78,69,80,62,55,78,68,74,77,67,84,69,8,6,15,8,8,25500000,537
Jamie Shackleton,England,168,65,23,70,70,59,66,70,72,64,66,63,72,65,74,71,81,83,61,87,77,83,60,46,55,49,44,48,38,33,38,9,14,14,11,11,1600000,407
Andr√© Poko,Gabon,173,72,30,66,71,64,71,85,65,67,70,62,64,60,66,63,75,84,71,79,73,73,70,60,69,53,51,41,50,53,47,15,14,14,13,11,1200000,34
Carlos Arce,Argentina,169,71,32,66,53,68,70,70,68,64,65,61,68,59,72,62,69,71,60,84,69,63,69,51,73,52,70,57,56,48,59,14,8,12,8,6,85000,80
Suleiman Abdullahi,Nigeria,185,86,26,62,71,12,18,76,53,68,17,59,61,62,60,41,79,51,89,68,77,65,64,56,75,61,60,47,36,66,57,10,15,11,14,14,97500,323
Dominik Kotarski,Croatia,189,75,23,36,15,10,14,24,69,7,11,36,30,12,30,24,33,27,44,49,30,40,62,11,48,6,9,17,12,15,8,69,70,65,64,74,1400000,448
Fernando Mart√≠nez,Paraguay,175,69,29,65,60,60,68,68,61,60,62,56,59,46,60,60,50,68,67,61,59,53,67,52,51,55,61,32,42,37,28,6,10,5,11,13,62500,556
Anfernee Dijksteel,Netherlands,183,72,26,68,64,70,71,74,70,29,70,42,63,56,69,64,80,77,75,68,75,67,74,64,54,26,33,37,33,43,30,15,9,6,10,13,1800000,403
C√©sar Ara√∫jo,Uruguay,178,69,22,64,62,53,74,73,75,55,65,62,49,33,63,72,65,74,64,70,60,58,66,41,64,50,53,35,38,45,32,7,10,12,9,13,1300000,445
Mattias Johansson,Sweden,174,66,31,67,68,63,63,61,63,65,62,43,65,59,61,58,79,80,56,78,82,83,74,54,66,51,29,59,22,46,23,16,7,10,10,16,1000000,375
Joaqu√≠n Indacoechea,Argentina,172,71,22,70,62,62,58,70,68,58,55,64,67,52,70,62,74,73,50,79,72,68,63,67,64,36,47,48,45,56,43,5,7,5,11,9,77500,44
Yuki Kobayashi,Japan,185,75,23,65,51,60,63,60,62,36,67,49,48,40,65,60,59,67,70,54,60,55,64,63,46,36,41,44,41,39,41,12,7,7,14,6,60000,129
Jo√´l Drommel,Netherlands,193,90,26,40,25,19,20,22,65,10,10,53,65,12,44,39,50,43,70,49,52,62,75,21,58,13,16,21,21,32,12,71,74,72,77,75,2500000,449
Sebastian Micu,Romania,185,80,22,14,9,8,12,30,43,8,8,32,30,8,32,25,25,30,56,45,22,30,66,8,47,8,7,11,12,15,6,55,52,50,63,58,9000,205
Filippo Manfrin,Italy,186,75,19,12,11,11,14,26,47,4,10,28,28,12,20,18,28,21,49,37,20,31,43,11,40,7,5,10,14,12,6,52,51,49,53,56,7000,144
Tarik Tissoudali,Morocco,182,70,30,80,84,27,21,38,74,76,20,72,78,65,72,57,78,77,67,79,75,88,73,59,72,78,68,74,66,55,73,11,13,10,11,13,7500000,343
Alan Madali≈Ñski,Poland,186,76,18,18,5,14,14,22,38,4,9,27,36,14,25,17,15,28,53,34,21,33,50,13,38,7,8,14,13,17,8,57,55,50,50,58,8000,404
Edgaras Utkus,Lithuania,190,77,23,58,56,60,66,66,49,37,68,52,53,44,65,67,55,63,77,50,62,52,70,70,46,31,32,39,42,47,28,7,8,12,9,9,87500,132
Ryan Burke,Republic of Ireland,177,73,22,50,53,54,54,61,47,38,51,55,39,56,53,51,62,62,57,72,61,64,55,42,60,37,40,56,54,31,40,14,7,7,6,7,15000,93
Mohamed Kon√©,Ivory Coast,186,78,21,13,14,14,11,17,55,7,13,22,30,13,21,17,17,17,60,21,28,22,33,14,41,7,6,10,12,11,5,54,56,53,54,58,12000,305
Lu√≠s Martins,Portugal,178,73,31,68,66,65,66,69,64,58,65,58,59,72,65,65,71,66,59,73,67,70,60,49,78,51,67,72,73,46,59,11,10,13,12,10,87500,670
Xhuliano Skuka,Albania,183,75,25,66,68,15,14,48,58,69,15,57,60,39,53,40,68,65,71,65,68,60,66,68,62,73,66,45,41,71,55,14,15,14,12,9,1200000,225
Jakub ≈Åabojko,Poland,179,78,25,63,60,64,66,68,65,57,65,54,53,50,61,58,71,61,71,63,68,59,76,57,52,31,40,40,38,42,38,8,8,11,14,8,60000,102
Alberto H√≥rreo Taveras,Spain,191,81,23,14,9,13,12,21,60,8,15,32,37,15,22,24,33,30,74,31,32,43,57,15,43,7,8,14,11,17,10,61,64,63,57,63,42500,478
Marios Elia,Cyprus,184,78,27,69,65,26,29,57,59,65,35,57,62,58,58,48,73,68,70,64,75,58,70,70,68,70,70,65,48,62,63,9,15,8,7,10,77500,53
Francis Coquelin,France,176,74,32,81,80,79,79,85,81,77,78,80,78,69,84,81,69,76,80,77,68,73,80,63,75,65,72,71,53,52,60,10,9,9,8,15,17500000,653
Borja Mayoral,Spain,182,74,26,76,73,24,29,48,74,80,37,67,78,60,74,65,65,63,72,72,66,73,85,73,76,75,70,63,62,72,71,15,12,9,8,7,4800000,275
Edi Sylisufaj,Kosovo,179,80,23,64,62,25,25,57,55,62,25,58,65,44,59,43,75,67,70,79,76,78,80,51,70,64,61,55,47,58,62,9,9,14,8,12,57500,326
Jonas Damasto,Brazil,177,69,27,57,61,73,68,41,67,40,67,40,63,72,68,53,79,88,54,74,77,69,75,59,55,40,48,64,40,38,49,9,10,15,9,12,3000000,62
Kim Dong Joon,Korea Republic,189,85,28,18,13,23,15,32,64,18,19,48,62,13,40,22,43,42,44,56,43,40,61,18,49,17,16,13,12,18,17,68,71,68,65,73,1200000,339
Lewis O'Brien,England,173,63,24,74,75,73,74,77,75,68,69,72,70,56,73,66,72,92,60,85,64,79,68,53,67,60,65,42,47,42,52,7,13,13,11,7,3500000,434
Geraldo,Angola,170,63,31,71,74,35,36,66,66,62,47,65,64,66,67,56,78,62,60,83,83,79,57,49,77,61,73,62,64,64,67,12,15,8,6,9,1300000,687
Alexander Juel Andersen,Denmark,190,84,32,63,56,61,61,70,62,50,65,45,61,56,63,58,68,69,76,61,61,67,70,60,54,46,46,48,35,49,45,12,10,13,10,12,40000,20
Tiago Dantas,Portugal,169,58,22,74,72,46,47,44,73,66,49,72,70,66,74,70,74,72,35,93,70,84,59,50,65,55,45,69,62,64,53,8,9,15,6,6,1400000,448
Isaac Olaofe,England,178,82,23,63,65,16,13,41,56,59,18,48,55,40,54,39,90,69,70,83,91,84,63,53,57,63,51,49,45,58,48,6,7,6,12,7,47500,599
Javain Brown,Jamaica,180,79,24,54,50,64,72,67,56,44,61,49,68,63,59,47,76,70,75,69,83,62,80,62,48,34,26,50,37,32,34,11,8,7,8,5,72500,670
Luciano Bocco,Mexico,175,67,22,58,63,56,58,62,55,58,59,56,47,57,62,54,65,55,54,63,69,59,52,51,55,42,45,57,41,42,38,10,9,12,10,6,30000,131
Saikou Janneh,Gambia,181,79,23,56,59,29,36,35,54,55,22,53,52,30,49,37,90,54,71,66,87,62,63,51,61,59,50,53,31,58,47,10,10,10,13,14,27500,11
Joshua Zirkzee,Netherlands,193,89,22,79,76,16,14,43,69,73,14,70,74,55,70,45,68,63,84,60,69,66,66,58,73,77,71,68,66,67,67,8,6,11,12,14,3600000,94
Vincent Sasso,France,190,85,32,56,52,69,71,77,65,22,70,32,60,47,67,62,35,64,82,43,38,38,70,73,40,22,21,37,26,41,26,7,11,11,12,8,1100000,91
Tomasz Kupisz,Poland,180,76,33,62,63,61,57,66,64,64,32,50,65,65,64,61,72,76,71,70,75,73,63,54,65,45,63,60,59,55,52,14,8,10,14,11,47500,336
Rapha√´l Eyongo,Netherlands,191,76,20,60,62,36,39,37,48,57,19,57,56,52,57,49,66,55,63,66,67,57,71,68,63,53,44,46,42,62,48,11,15,6,11,9,25000,199
Braian Rivero,Argentina,178,74,27,68,63,64,66,71,64,55,61,66,64,46,72,65,65,69,67,69,55,69,62,57,56,36,44,42,43,48,36,11,13,7,5,14,97500,58
Cem T√ºrkmen,Turkey,178,72,21,68,68,61,62,59,57,48,57,53,52,49,70,62,63,72,48,69,54,69,55,53,54,41,39,39,37,40,42,6,10,8,11,6,47500,522
Armin Abaz,Switzerland,187,76,21,18,13,14,13,17,44,7,12,21,37,13,17,17,22,23,48,36,28,39,46,11,38,7,7,10,12,14,7,50,53,53,51,54,7000,243
Nico Williams,Spain,181,67,21,76,83,18,20,36,71,68,40,65,69,73,72,59,92,70,61,82,92,90,66,68,73,75,70,72,57,62,62,12,9,13,12,14,8000000,61
Cole Bassett,United States,180,67,22,72,68,57,59,60,67,68,52,75,50,55,72,67,71,73,63,70,65,72,63,63,60,64,59,52,48,53,36,12,14,15,11,5,1800000,150
Micha≈Ç Kucharczyk,Poland,178,72,32,65,67,45,52,69,66,67,48,64,70,63,65,46,80,65,64,75,77,83,78,62,67,65,60,55,59,65,61,8,14,10,11,16,85000,469
Federico Marchetti,Italy,188,83,40,20,11,14,12,36,67,12,22,45,64,13,36,35,55,34,62,51,50,60,82,12,46,17,13,14,12,22,12,66,62,63,61,62,2000,368
Uros Milovanoviƒá,Serbia,190,77,22,60,64,10,18,25,67,64,11,44,47,34,62,42,58,53,62,50,58,55,60,67,63,68,65,37,48,63,50,11,8,9,14,14,70000,480
Junior Hoilett,Canada,174,70,33,73,73,45,49,67,67,67,50,68,68,70,67,61,83,55,66,85,76,83,74,55,74,67,69,71,65,65,68,11,11,10,9,9,1500000,499
Denys Bain,France,181,74,30,59,48,68,72,68,67,21,66,37,60,24,65,62,55,65,79,51,54,38,77,72,39,23,19,40,27,40,27,12,15,10,6,7,1400000,14
Wout Faes,Belgium,187,82,25,68,55,79,82,78,77,41,76,42,69,33,75,71,52,73,80,57,59,43,74,79,62,35,28,41,36,43,28,7,12,10,8,7,14000000,376
Juan Carlos Gauto,Argentina,170,66,19,64,65,27,35,29,57,54,20,52,48,62,58,50,70,76,66,67,69,67,41,40,73,59,48,47,44,67,50,7,11,10,14,8,42500,320
Abdulrahman Al Obaid,Saudi Arabia,171,64,30,63,63,57,54,61,59,55,57,56,50,67,63,60,74,65,61,74,70,72,74,51,68,51,64,68,64,58,46,12,12,12,8,8,35000,196
Nicol√≤ Cambiaghi,Italy,173,74,22,72,74,32,38,64,71,72,33,59,63,58,68,54,76,69,62,75,78,74,46,62,73,67,63,57,38,56,59,14,7,12,8,14,1700000,191
Th√©o Chatelain,France,187,75,23,16,9,14,12,28,41,5,7,36,24,11,19,25,23,16,41,49,15,31,64,12,40,7,7,14,11,19,5,57,56,54,53,55,11000,593
Koffi,Ivory Coast,181,78,37,68,66,30,36,59,64,70,29,63,63,51,51,43,71,58,78,75,66,67,82,53,60,65,52,32,45,49,56,6,6,6,9,14,20000,542
Pontus Engblom,Sweden,183,81,31,61,56,22,23,63,63,66,23,57,56,48,58,41,67,74,69,63,72,73,71,59,62,61,46,48,49,64,55,13,9,10,15,10,40000,270
Aar√≥n,Spain,185,71,27,22,19,18,19,22,70,12,24,39,42,20,27,31,39,45,51,56,34,41,69,24,51,15,16,25,18,21,19,68,68,71,68,73,1500000,212
Lucas Acosta,Argentina,187,82,28,15,14,21,21,20,52,17,28,26,34,12,25,22,61,40,68,59,59,59,65,19,50,17,13,18,19,25,16,65,66,68,67,71,77500,369
Koni De Winter,Belgium,191,75,21,62,60,70,72,54,55,30,64,31,54,51,62,62,62,62,65,54,68,62,68,70,52,29,44,51,34,49,41,10,12,8,11,8,85000,191
Jon McCracken,Scotland,185,77,23,11,7,14,12,28,35,6,10,41,40,11,22,25,39,23,45,49,30,44,69,13,43,7,5,10,14,19,9,56,58,58,57,60,13000,433
Jean-Ricner Bellegarde,France,172,70,25,76,75,69,74,69,75,73,70,74,74,64,77,76,77,79,68,85,79,82,69,61,69,59,63,57,68,55,53,10,12,15,14,9,6500000,601
Jawad El Yamiq,Morocco,193,80,31,61,60,71,75,74,74,60,77,37,68,38,66,72,84,75,84,56,87,69,90,75,67,40,52,36,32,41,30,10,15,12,10,8,4600000,482
Kevin Nisbet,Scotland,180,75,26,67,66,32,34,64,67,73,40,68,69,53,66,63,67,74,70,69,67,71,66,65,71,73,66,63,65,67,67,7,7,13,10,13,1600000,313
Britt Assombalonga,DR Congo,177,79,30,67,67,29,34,62,67,70,33,59,70,58,63,46,82,66,84,70,81,73,73,72,74,70,62,69,64,70,67,11,8,10,6,7,1900000,664
Trevoh Chalobah,England,191,84,24,72,69,76,78,74,75,49,77,64,68,53,75,70,62,67,82,55,66,51,61,72,55,44,50,49,43,42,40,9,5,5,9,7,7500000,138
D√°niel Gazdag,Hungary,178,76,27,80,79,50,64,65,70,79,60,75,70,51,74,69,75,85,60,68,78,72,59,47,72,78,69,62,60,67,60,11,11,7,5,11,8000000,464
Salis Abdul Samed,Ghana,180,61,23,73,67,69,77,82,75,51,74,68,67,40,75,70,46,71,65,68,58,43,67,64,49,48,45,36,34,45,38,11,11,14,8,7,4400000,487
Hendrik Bonmann,Germany,194,82,29,13,14,13,14,30,60,8,11,31,56,11,25,23,40,33,70,26,45,40,65,14,48,7,11,11,12,23,9,65,66,62,64,66,50000,675
Fa√Øz Selemani,Comoros,182,65,29,76,75,55,60,60,65,68,58,72,74,71,71,68,82,69,56,74,84,83,66,48,72,74,72,68,72,74,67,10,7,5,15,5,4200000,346
James Gibbons,England,175,60,25,58,59,57,60,79,59,54,60,54,58,59,58,54,70,68,57,83,71,82,81,53,55,37,44,57,56,42,34,6,6,11,11,8,50000,106
Shaun Williams,Republic of Ireland,183,80,36,58,55,64,65,67,61,57,59,61,66,66,64,63,33,55,69,65,33,51,74,62,68,54,60,69,61,64,56,9,12,14,8,8,14000,277
Emilio Bernad,Spain,183,75,23,11,10,14,10,17,50,6,13,30,27,12,25,27,42,28,53,50,41,52,72,14,50,8,7,13,12,20,5,63,68,65,67,67,62500,640
Marin Karamarko,Croatia,191,79,25,49,34,60,64,62,60,23,63,33,45,32,50,47,57,65,74,55,67,52,62,62,42,21,19,17,20,27,15,8,10,13,8,6,40000,614
Mart√≠n Ballesteros,Chile,193,90,21,8,7,15,12,11,61,18,21,41,39,22,35,28,55,36,43,33,50,35,58,35,41,5,15,25,33,25,19,54,60,62,55,52,17000,634
Son Ho Jun,Korea Republic,175,65,21,52,54,54,54,53,49,54,54,35,41,55,50,48,62,55,52,78,55,61,62,38,50,49,46,51,48,37,34,15,7,11,13,13,13000,606
Mart√≠n Garay,Argentina,171,69,24,65,67,67,68,46,71,62,64,46,60,65,58,51,80,74,38,83,76,73,58,46,41,45,39,55,37,42,33,7,14,7,15,5,1500000,619
Josh Eccles,England,181,66,23,64,63,62,64,67,60,56,59,60,61,57,68,64,73,71,64,72,70,75,58,54,56,47,48,56,45,51,46,6,9,9,7,11,75000,156
Lucas Brumme,Germany,187,73,23,64,63,44,46,57,49,62,37,58,57,62,61,58,70,70,63,62,67,62,52,47,59,59,55,52,42,49,47,7,13,15,13,13,57500,665
Fabian Frei,Switzerland,183,80,34,70,68,68,66,63,67,65,74,68,74,70,72,71,50,77,70,61,52,58,72,68,73,67,70,70,67,66,69,11,12,15,8,14,67500,208
Severin Ottiger,Switzerland,183,80,20,29,55,61,61,49,55,44,49,32,33,36,25,31,66,60,67,58,57,52,57,45,22,24,24,29,32,42,29,13,9,7,13,10,9000,224
Saud Abdulhamid,Saudi Arabia,175,70,24,62,69,68,73,74,67,67,69,46,55,65,65,58,90,92,68,86,92,82,70,57,50,39,43,45,43,45,35,12,5,9,6,14,4500000,32
Marvin Pieringer,Germany,189,83,23,71,65,23,25,62,70,72,22,54,65,45,64,39,61,68,78,60,63,69,49,68,74,72,61,52,39,60,64,6,10,10,12,8,1900000,528
Hiroshi Ibusuki,Japan,196,89,32,63,56,18,22,47,66,65,14,45,59,48,58,42,42,59,92,29,38,30,45,78,64,66,58,54,39,59,72,11,13,13,16,11,50000,25
Jithin MS,India,175,65,25,54,53,35,36,30,44,46,37,49,48,50,50,49,73,65,59,78,78,72,50,38,47,52,46,46,38,48,38,7,15,6,7,10,15000,431
Erik,Brazil,170,70,29,72,75,21,16,26,69,73,17,65,62,62,71,62,89,74,59,83,83,89,81,64,72,72,70,56,63,66,71,9,14,9,13,11,2500000,135
Mikel Villanueva,Venezuela,192,79,30,65,60,70,73,75,71,40,69,34,68,65,70,65,60,72,90,65,68,48,73,62,64,27,43,49,47,38,42,5,13,6,13,12,2000000,656
Onur Bulut,Turkey,179,69,29,66,70,62,64,74,65,67,68,67,65,74,68,69,76,83,67,73,78,81,61,52,64,58,59,68,67,53,51,6,13,12,12,15,1400000,356
Jeremy Ebobisse,Cameroon,183,79,26,69,65,28,32,67,72,75,32,66,64,53,68,63,76,83,83,70,78,77,80,72,71,71,58,60,47,58,64,6,7,7,12,14,2600000,534
Branko Joviƒçiƒá,Serbia,179,74,30,66,65,67,71,72,68,56,66,63,64,51,66,61,68,72,64,70,69,64,71,61,63,47,48,46,45,46,46,9,15,14,14,12,87500,364
Walter Araujo,Paraguay,172,66,27,65,67,27,26,55,62,65,18,60,58,58,67,65,70,58,56,59,70,72,57,37,72,67,71,65,71,59,66,14,14,8,9,11,92500,402
Joel Matip,Cameroon,194,90,32,74,74,80,86,82,84,48,84,72,79,54,78,74,53,67,81,42,69,55,78,84,66,36,48,63,23,42,50,7,11,15,10,10,25000000,384
Rami Kaib,Tunisia,178,63,26,65,63,61,62,71,58,55,59,58,55,66,64,65,77,76,56,71,78,76,57,36,47,41,58,65,52,38,31,14,11,11,8,7,85000,684
Jeppe Andersen,Denmark,178,75,30,66,65,60,62,81,71,66,66,65,70,62,65,66,68,85,80,77,73,66,76,54,67,57,65,59,64,55,59,8,14,13,13,14,1000000,557
Umut Nayir,Turkey,191,75,30,69,62,19,13,75,70,74,19,55,53,47,45,33,58,68,86,47,60,62,70,76,70,70,59,32,45,69,64,13,8,6,11,15,1400000,687
Muammer Sarƒ±kaya,Turkey,179,72,25,63,68,57,61,58,57,64,41,59,52,61,67,66,62,63,59,68,61,65,67,59,70,68,62,59,58,62,44,9,11,8,9,5,45000,685
Leonardo Bonucci,Italy,190,85,36,79,69,81,83,81,80,38,84,71,85,44,80,85,45,61,81,53,55,55,87,82,74,50,65,56,60,74,58,2,2,2,3,4,8000000,342
An Jin Beom,Korea Republic,175,66,31,59,60,48,46,54,55,58,47,56,57,49,62,61,68,39,40,77,68,69,55,40,55,57,56,54,53,49,60,12,15,7,15,12,14000,559
Joel Pereira,Portugal,188,70,27,20,11,9,11,22,63,14,20,55,54,10,36,20,43,34,56,44,43,34,54,11,49,12,11,9,11,12,7,64,66,64,65,67,67500,491
Jonathan Rasheed,Norway,191,88,31,19,15,16,14,19,54,14,21,34,40,15,28,26,34,30,77,43,32,38,46,16,46,14,14,14,16,19,14,61,64,60,61,62,27500,325
Mats Lemmens,Belgium,186,81,21,36,40,62,57,63,59,45,63,44,41,48,41,39,63,66,68,48,66,54,62,51,35,32,33,45,51,52,36,8,10,6,10,13,23000,371
Jimmy Roye,France,175,72,34,72,64,61,65,65,64,64,63,66,63,63,67,63,61,82,60,75,68,73,60,48,67,61,65,65,65,68,61,8,16,10,15,14,50000,593
Paolo Retomal,Colombia,177,84,31,61,58,61,60,62,60,64,54,58,62,56,67,65,53,58,65,66,64,60,67,59,72,59,65,65,60,64,68,9,9,10,7,16,32500,341
Jay Turner-Cooke,England,179,63,19,60,61,55,59,47,54,52,48,60,61,58,66,64,65,53,48,68,60,63,54,41,60,52,58,58,62,49,55,15,11,12,10,13,23000,624
Yusuf √ñzdemir,Turkey,181,73,22,60,64,60,60,57,56,35,50,47,45,57,61,59,76,71,59,62,79,74,58,53,55,34,34,40,39,45,39,6,12,10,8,10,42500,42
Rapha√´l Varane,France,191,81,30,75,61,83,86,78,85,55,84,59,82,42,78,77,77,65,87,39,83,62,80,85,52,46,53,46,52,43,42,5,11,11,9,14,45000000,396
Jannik Horz,Germany,193,82,20,14,8,10,12,24,45,4,8,26,30,10,21,24,26,17,55,28,20,31,41,11,38,5,5,11,9,16,7,51,52,54,51,57,7000,265
Necip Uysal,Turkey,180,72,32,65,64,68,73,82,67,42,66,58,59,66,64,67,54,67,73,67,55,63,81,72,65,55,56,45,37,60,33,16,15,13,13,7,1100000,87
Wagner Leonardo,Brazil,186,74,24,60,45,70,70,63,62,28,66,29,59,27,63,59,63,69,73,59,55,45,72,68,48,24,21,26,27,42,34,6,5,8,11,13,1100000,472
Daniel Bunk,Germany,170,60,19,58,57,28,30,39,48,48,25,58,51,51,62,57,60,49,31,76,64,61,46,37,46,41,47,50,46,42,43,13,7,7,6,14,13000,187
≈Åukasz Skorupski,Poland,187,84,32,23,18,12,12,33,74,13,17,32,58,19,29,26,51,31,58,38,51,48,66,10,44,11,15,12,19,22,17,74,78,73,59,81,4000000,94
Dawid Abramowicz,Poland,186,76,32,54,52,61,66,73,62,47,60,65,58,68,67,66,75,87,75,58,76,59,70,48,66,61,59,56,60,43,27,13,7,14,15,10,87500,494
Davide Zappacosta,Italy,182,75,31,74,76,78,77,75,73,72,76,68,73,81,75,68,77,81,66,68,79,71,72,69,75,59,72,74,59,59,69,6,11,9,8,11,15000000,86
Diego Pamp√≠n,Spain,173,65,23,64,53,67,65,49,62,45,65,43,51,65,63,43,64,47,57,70,53,57,52,66,40,27,38,44,44,43,26,12,12,12,13,15,62500,203
Emmanuel Yeboah,Ghana,188,80,20,65,65,30,36,73,63,61,40,59,57,48,60,54,81,76,81,65,86,69,80,57,68,61,46,49,43,57,55,6,11,15,10,7,65000,117
ƒêorƒëe Petroviƒá,Serbia,194,88,23,17,11,13,13,19,75,4,9,44,23,13,28,30,32,25,79,29,29,38,70,19,47,9,5,10,13,12,8,64,71,62,63,72,1200000,424
Eder Pinhan√ßos,Brazil,178,75,27,48,24,70,67,66,60,25,77,43,54,52,49,45,32,51,57,69,59,64,81,58,43,28,22,35,45,51,22,15,12,11,15,10,97500,48
Mouna√Øm El Idrissy,France,181,72,24,69,70,17,21,39,62,71,26,61,66,65,67,59,74,69,68,64,76,69,69,66,72,71,68,53,48,64,69,5,9,9,7,12,1900000,6
Junior Ortelas,Peru,190,78,27,12,17,14,16,31,65,15,19,20,38,15,15,11,37,30,55,31,34,28,70,15,47,13,13,18,19,12,15,63,67,63,62,69,67500,584
Kieron Bowie,Scotland,187,84,20,60,58,21,26,62,56,60,31,52,53,53,54,48,70,64,67,64,67,65,64,55,59,61,53,40,37,57,50,8,12,7,7,13,27500,432
Adam Karabec,Czech Republic,185,74,20,71,74,48,35,51,68,69,29,73,76,65,73,66,74,67,47,71,73,80,68,43,66,64,63,63,59,67,65,7,14,14,8,13,2000000,582
Brendan Chardonnet,France,181,74,28,66,52,72,74,72,72,50,73,38,67,45,68,63,53,68,80,69,55,56,80,76,49,46,35,38,35,64,42,11,10,14,10,13,3900000,592
James Brown,Republic of Ireland,177,77,25,52,55,56,60,70,67,60,52,51,52,53,60,53,74,79,70,68,73,70,70,53,52,51,43,33,42,44,36,6,15,12,6,12,42500,181
Neill Byrne,Republic of Ireland,190,70,30,47,42,58,59,68,56,28,58,32,54,26,47,45,48,70,73,56,43,52,66,60,35,22,23,31,26,40,25,8,10,7,13,11,21000,599
Ben Bottomley,England,185,83,20,10,14,12,12,24,45,4,7,26,39,14,23,21,26,26,45,56,21,26,51,11,41,6,5,10,10,15,6,52,54,53,54,54,7000,181
Aidan Simmons,Australia,170,65,20,51,53,29,35,35,42,45,29,43,42,42,45,36,73,47,36,65,67,74,54,31,44,44,38,46,37,36,35,11,13,13,7,8,5000,659
Zeca,Greece,182,67,35,70,67,72,74,78,72,64,76,64,76,62,73,73,71,85,62,72,73,72,69,58,67,56,59,66,57,55,62,13,10,10,9,6,2100000,201
Benjamin Yesib,Venezuela,177,74,31,64,57,71,70,70,63,52,63,60,59,53,75,61,73,69,62,68,71,71,49,62,68,55,64,51,62,68,48,9,7,9,8,16,72500,314
Zargo Tour√©,Senegal,183,79,33,57,52,58,67,75,72,55,65,47,64,30,60,54,51,62,80,59,55,49,75,65,44,24,19,25,32,36,13,10,15,8,8,6,65000,178
Ritchie De Laet,Belgium,184,83,34,68,65,72,68,78,71,54,72,63,80,61,66,67,68,78,73,67,78,64,69,67,63,45,49,47,48,40,34,12,13,14,14,13,1200000,520
Deepak Tangri,India,179,69,24,51,49,57,58,64,49,34,55,46,47,37,57,55,68,76,74,57,68,67,77,53,48,33,40,39,38,30,32,12,5,10,8,13,21000,17
Park Jin Seong,Korea Republic,178,76,22,38,54,60,57,48,56,40,59,43,42,57,34,30,69,67,59,67,63,72,64,37,29,25,26,39,30,34,28,5,11,13,7,6,18000,340
Vincenzo Cozzella,Italy,190,75,21,18,8,11,11,17,36,4,8,38,37,11,18,17,21,23,53,27,20,29,36,13,39,5,7,10,12,15,7,56,59,57,52,57,12000,14
Niall Huggins,Wales,173,61,22,57,58,54,59,40,56,50,52,53,51,57,56,49,76,55,53,82,75,72,57,49,50,44,51,52,32,57,40,13,12,14,14,15,27500,603
Jordan Torunarigha,Germany,191,80,26,62,67,75,76,68,61,50,75,69,70,56,69,73,82,70,78,64,88,62,74,77,42,42,25,34,25,63,26,5,5,7,13,11,3100000,343
Iv√°n Jaime,Spain,180,72,22,76,75,48,52,44,68,73,52,65,60,62,72,69,74,67,66,67,71,70,53,58,70,72,69,68,60,62,67,11,9,14,10,6,2800000,217
Eden Karzev,Israel,186,75,23,68,66,70,67,74,65,62,66,63,66,56,68,69,67,71,72,70,66,66,62,61,78,58,72,46,56,45,65,15,10,12,11,11,1500000,82
Stefano Magnasco,Chile,175,72,30,64,63,63,61,74,60,55,61,47,68,66,63,58,82,81,80,72,86,80,81,58,47,37,58,44,39,55,24,11,15,13,16,13,1100000,638
Lee Evans,Wales,186,88,29,66,65,64,68,74,68,58,68,67,69,66,68,69,53,82,79,66,52,63,68,54,71,57,68,63,67,55,68,15,6,11,9,14,1300000,335
Jake Reeves,England,173,70,30,63,61,54,58,61,60,55,58,64,64,57,64,63,73,79,62,80,71,80,81,48,57,52,59,55,58,49,55,16,15,10,10,6,47500,598
Rodrigo Concei√ß√£o,Portugal,175,65,23,69,68,67,74,74,65,56,66,52,62,62,61,53,74,74,53,78,75,67,59,54,70,39,40,45,43,39,40,9,12,7,6,9,1500000,230
Kiki Silva,Portugal,172,70,25,66,75,44,45,46,55,60,42,63,55,66,58,55,74,55,51,70,74,65,44,48,70,65,60,48,55,67,55,10,6,6,11,14,97500,127
Haris Duljeviƒá,Bosnia & Herzegovina,185,82,29,75,76,30,39,61,64,61,41,65,63,61,63,56,74,61,70,77,77,77,70,57,67,60,60,70,63,57,63,15,11,11,6,11,1200000,301
Mads Christiansen,Norway,186,76,22,26,16,15,15,23,60,12,14,50,38,20,32,32,47,33,62,35,45,44,56,12,50,23,14,18,18,18,14,67,69,67,66,70,1100000,381
Giovanni Gonz√°lez,Uruguay,173,73,28,61,62,71,67,57,66,59,70,38,59,69,69,67,74,89,68,79,72,76,61,59,67,28,49,57,55,51,31,14,5,12,13,9,2300000,489
Oier Luengo,Spain,185,82,25,58,54,66,65,66,60,40,63,39,59,51,60,49,61,64,73,52,65,56,70,66,44,27,27,49,36,40,34,11,10,13,9,12,72500,478
Luciano Ferreyra,Argentina,164,63,21,63,68,23,25,30,58,54,20,59,61,53,57,49,89,66,44,83,84,78,66,43,59,61,64,63,54,54,52,9,5,7,12,7,65000,515
Tim Latteier,Germany,177,71,23,65,63,44,57,64,52,57,53,52,49,55,66,59,73,71,54,78,64,77,60,46,64,56,56,47,43,56,49,10,12,12,8,14,30000,581
Mitchell van Bergen,Netherlands,170,62,24,71,74,23,21,54,67,69,23,67,65,69,67,53,87,71,49,77,86,84,51,34,65,66,68,74,54,60,69,11,7,14,13,11,2800000,595
Muhamed Be≈°iƒá,Bosnia & Herzegovina,180,75,30,75,70,74,73,84,68,59,68,66,76,49,73,70,53,64,73,73,51,72,77,67,59,55,53,52,55,48,41,7,14,7,13,12,2000000,255
Ulises Ortegoza,Argentina,180,80,26,67,67,48,46,44,53,66,42,64,54,64,67,65,65,52,48,67,65,66,53,47,53,65,51,55,46,62,44,10,13,8,8,5,65000,615
Oussama Idrissi,Morocco,175,78,27,80,78,34,37,68,71,73,25,67,74,64,74,68,78,73,68,71,79,80,32,48,81,73,79,82,67,56,74,10,15,16,8,16,6000000,256
Ernest Boahene,Ghana,172,73,23,55,59,55,57,60,55,50,58,52,55,58,52,45,74,65,56,79,77,70,71,43,55,39,44,54,48,40,42,6,6,11,11,11,35000,602
Lewis Johnson,England,183,78,19,49,52,16,22,31,50,51,27,46,47,45,47,35,72,58,60,60,67,67,60,50,48,52,44,43,36,49,41,7,12,14,11,6,8000,389
Lago J√∫nior,Ivory Coast,180,79,32,71,74,11,13,38,65,73,29,65,59,65,62,55,89,80,80,63,88,76,90,54,76,70,64,50,47,70,61,11,7,16,12,7,1900000,419
Matt Godden,England,180,74,32,69,63,21,26,61,73,76,37,58,70,42,62,47,61,70,68,77,55,67,82,72,72,74,65,58,59,74,71,15,9,10,15,9,1600000,156
Cameron McGeehan,Northern Ireland,180,71,28,67,64,60,63,77,64,65,64,67,65,51,68,68,67,76,70,74,67,73,64,58,70,64,61,53,52,64,46,13,7,12,8,11,1100000,348
Alexandru Buziuc,Romania,175,76,29,60,63,31,30,51,60,61,51,61,64,61,58,52,75,73,69,65,75,73,56,57,67,62,56,54,56,52,51,6,9,7,9,11,60000,119
Sander Risan M√∏rk,Norway,185,78,22,64,61,50,54,46,55,58,51,59,58,56,65,63,67,64,64,68,64,57,52,50,56,52,48,53,53,47,42,7,13,13,6,12,30000,553
Olisa Ndah,Nigeria,190,80,25,53,50,73,79,60,65,44,71,52,62,46,64,52,78,83,72,74,80,63,87,64,58,42,39,44,47,47,41,7,7,7,11,6,1600000,446
Yasir Suba≈üƒ±,Turkey,180,73,27,55,54,55,58,56,58,50,60,42,43,58,44,34,70,68,65,65,70,74,68,48,35,36,29,37,41,48,35,7,16,11,7,6,32500,359
Christian Fassnacht,Switzerland,185,77,29,76,76,25,32,43,72,77,35,73,69,68,72,68,79,77,80,68,84,74,92,78,68,73,66,50,68,58,67,12,12,13,13,6,7500000,75
Jos√© Arbio,Uruguay,187,82,20,19,9,12,13,19,61,5,11,24,28,10,19,27,29,22,50,33,17,50,47,12,43,9,6,12,12,16,6,49,64,63,57,60,20000,509
Liam Roberts,England,194,82,28,25,17,16,14,25,60,12,22,47,52,16,33,31,45,31,63,31,48,44,65,15,47,18,16,20,15,21,12,64,65,62,62,66,55000,403
Ezequiel Mu√±oz,Argentina,186,86,32,50,44,70,70,74,65,29,65,41,68,33,66,45,48,50,77,52,53,48,77,75,57,21,31,34,32,30,24,11,11,11,7,12,95000,195
Leart Paqarada,Kosovo,184,76,28,73,68,67,68,67,69,51,63,58,65,76,70,68,77,83,66,65,75,75,61,56,68,36,54,76,73,39,41,7,10,9,11,15,2300000,236
Pablo L√≥pez,Uruguay,169,65,26,76,76,42,40,51,67,58,35,73,65,66,66,64,72,66,42,79,74,83,60,54,62,67,58,68,65,70,65,12,12,9,14,6,1600000,509
Marius Kleinsorge,Germany,170,69,27,62,64,25,18,42,60,58,18,53,54,59,60,40,83,72,49,91,79,91,72,47,63,56,51,50,39,50,59,6,12,14,5,11,52500,543
Radja Nainggolan,Belgium,177,89,35,75,70,77,75,83,74,78,68,78,82,74,75,74,68,66,80,82,63,69,71,56,90,72,84,72,68,63,83,8,11,11,14,11,1900000,539
Diallang Jaiyesimi,England,181,72,25,62,64,46,52,55,56,56,50,57,58,61,59,50,90,66,65,70,90,81,69,53,60,55,54,61,55,57,46,10,5,8,8,12,67500,11
Dan Nlundulu,England,188,75,24,57,59,14,16,33,63,62,20,57,50,37,52,37,64,67,82,61,72,65,69,62,62,63,56,44,34,61,53,8,10,10,10,11,47500,95
Elliott Bennett,England,179,73,34,63,59,63,64,57,63,55,59,65,59,67,63,62,63,77,63,69,65,69,47,49,65,56,63,49,59,59,56,10,8,13,8,8,45000,572
Marko Ragu≈æ,Austria,192,80,25,70,72,16,20,55,67,72,21,62,64,52,64,55,65,52,77,57,67,69,62,64,67,68,58,57,52,65,65,12,5,9,7,7,1400000,248
Quentin Bernard,France,184,83,34,66,62,68,67,65,63,57,66,71,65,73,69,68,53,90,75,63,58,62,85,67,67,57,53,49,59,47,31,12,14,13,12,12,1100000,430
Barƒ±≈ü Ekincier,Azerbaijan,181,72,24,60,64,40,42,42,43,51,34,51,45,64,62,59,85,43,55,71,84,74,60,42,71,60,52,50,34,58,49,5,11,12,8,12,45000,546
Bart Vriends,Netherlands,188,85,32,55,41,62,64,69,60,36,64,44,62,27,62,57,49,77,84,43,69,36,81,75,42,29,27,30,27,43,26,14,13,13,13,11,70000,583
Mateusz Lis,Poland,192,83,26,12,13,11,10,19,56,6,8,45,50,10,22,16,27,26,70,35,27,37,33,12,50,9,9,11,11,16,8,75,74,72,67,75,2500000,188
Jakub Rze≈∫niczak,Poland,183,82,36,50,52,62,61,79,62,52,67,54,67,53,58,58,62,72,81,64,66,74,83,64,62,43,41,39,27,35,41,14,9,16,6,9,19000,674
Ewan Henderson,Scotland,186,68,23,64,63,41,44,50,60,62,53,65,59,62,66,64,66,68,47,60,62,64,50,47,60,58,62,64,62,54,57,14,6,13,10,14,57500,313
Filip Kurto,Poland,191,82,32,34,14,11,11,38,61,13,20,22,51,12,26,24,47,42,67,43,52,52,51,11,44,13,13,11,12,15,12,65,66,63,58,67,37500,392
Pomares,Spain,182,74,30,61,57,67,66,69,64,49,65,51,54,61,68,52,71,80,77,54,75,66,76,65,58,56,44,55,52,49,46,6,7,6,12,13,1200000,478
Rory Feely,Republic of Ireland,191,76,26,54,53,53,55,58,54,39,53,48,49,54,52,51,52,72,70,45,66,50,61,62,42,35,36,51,45,52,43,8,10,9,13,16,21000,81
Barƒ±≈ü Alper Yƒ±lmaz,Turkey,186,72,23,67,69,34,33,64,62,55,21,51,56,60,62,57,85,80,83,76,89,78,49,45,74,65,68,62,47,58,58,13,13,9,11,8,1200000,271
Rafa Mir,Spain,191,86,26,75,70,35,43,69,74,80,39,64,70,69,74,52,75,73,85,65,83,62,78,83,82,80,75,64,60,75,78,10,12,11,15,6,20000000,562
Lucas Ventura,Brazil,180,82,25,63,54,62,63,64,58,56,62,55,46,48,67,61,74,72,81,63,72,67,59,59,63,37,49,40,33,40,41,14,9,7,12,6,72500,472
Pedro Gallese,Peru,191,79,33,22,19,19,19,22,76,18,25,59,53,21,31,44,45,30,49,57,49,34,58,18,50,20,12,12,17,22,20,70,75,72,66,77,2100000,445
Darko Churlinov,North Macedonia,180,73,23,71,73,50,56,65,69,68,48,65,67,60,63,54,85,66,47,78,86,83,34,57,67,68,65,73,60,64,62,14,13,7,7,11,1900000,109
Abel William Stensrud,Norway,178,75,21,60,59,12,13,63,58,60,18,46,46,30,55,36,69,58,60,67,69,66,64,58,58,61,52,33,31,58,52,6,15,15,10,10,27500,441
Azor Matusiwa,Netherlands,173,72,25,68,66,72,76,84,73,55,78,52,69,46,69,67,61,82,76,78,51,74,85,58,60,38,54,54,41,50,42,11,6,9,13,12,4300000,595
Piotr Samiec-Talar,Poland,185,78,21,61,60,24,21,58,55,58,25,51,56,57,57,49,81,54,60,67,76,69,65,57,63,59,55,54,31,57,51,13,14,8,14,10,37500,688
Miguel Morro,Spain,193,79,22,13,11,12,11,27,64,5,10,42,37,10,30,28,47,29,58,26,46,31,45,14,47,10,11,11,12,13,6,61,64,66,62,66,62500,498
Georgios Efrem,Cyprus,171,66,34,70,74,18,17,33,71,73,23,74,61,60,68,52,71,56,50,82,69,77,54,42,50,60,56,57,63,52,43,8,16,8,15,15,1100000,53
Lucas Oliveira Rosa,Brazil,177,68,23,57,53,69,64,40,62,45,62,38,48,54,53,34,74,69,52,72,72,62,65,50,55,38,40,35,42,40,21,6,6,9,12,11,62500,482
Ryan Haynes,England,184,68,27,57,58,57,58,59,56,56,57,59,58,60,54,52,70,75,66,63,72,72,59,55,53,48,49,63,61,57,42,10,10,15,14,12,40000,432
Naif Hazazi,Saudi Arabia,179,75,30,55,49,58,62,69,53,39,57,49,50,47,60,57,34,68,74,40,38,60,72,58,61,42,45,40,37,43,31,5,14,8,6,8,21000,37
Fabien Centonze,France,182,75,27,70,69,69,71,73,70,70,70,69,69,71,70,66,79,82,76,75,79,72,79,61,64,42,54,65,47,50,49,12,14,12,9,13,4200000,227
Dener,Brazil,189,78,31,72,70,67,71,80,72,68,73,71,72,59,71,68,67,82,81,65,63,64,60,75,76,66,70,52,68,47,55,7,15,8,12,14,1800000,40
Callum Doyle,England,188,85,19,65,62,64,66,64,59,41,63,60,68,44,70,66,63,70,75,49,58,56,72,64,40,23,36,50,29,36,43,8,9,10,11,7,65000,156
Willian,Brazil,175,77,35,79,80,50,55,45,75,77,55,79,83,75,78,71,77,55,56,78,68,82,32,31,82,73,78,82,82,79,59,7,14,12,13,13,4700000,267
Erjon Hoxhallari,Albania,183,74,27,51,52,63,68,70,58,27,62,31,51,55,53,44,73,65,79,63,71,65,72,55,55,31,32,34,20,38,29,14,7,6,9,13,57500,631
Ridge Munsy,Switzerland,188,90,34,60,63,29,28,49,63,60,38,46,60,38,52,40,75,68,84,60,85,68,61,56,73,64,58,59,41,61,55,15,11,15,9,14,57500,301
Mateus Crici√∫ma,Brazil,175,71,24,64,63,21,24,39,53,56,23,56,55,57,59,52,83,62,45,75,83,83,46,38,65,59,57,63,48,43,45,12,14,9,6,12,55000,253
Miguel Monsalve,Colombia,177,73,19,67,69,30,39,44,61,62,38,65,53,41,66,59,55,49,42,50,55,56,46,28,60,66,64,64,58,60,55,8,8,9,11,6,60000,329
Orkun √ñzdemir,Turkey,197,90,28,19,6,12,12,22,50,5,7,30,34,10,20,16,21,28,72,24,29,30,35,10,45,5,8,11,14,12,9,59,63,61,60,64,25000,687
Emil Benny,India,171,65,22,57,55,49,46,43,42,46,42,56,54,47,58,60,68,71,49,83,70,69,55,43,47,45,42,51,45,48,35,14,15,11,10,5,13000,431
Oskar Sivertsen,Norway,177,72,19,55,57,30,28,34,50,57,26,50,54,45,52,42,83,43,34,80,79,84,34,46,55,54,46,46,38,52,48,12,13,5,12,6,13000,361
Deiver Machado,Colombia,173,71,29,71,73,67,67,71,62,60,65,63,66,72,69,61,82,78,68,78,85,75,82,63,57,57,51,48,32,57,43,12,13,12,8,11,2800000,487
Will Patching,England,185,70,24,66,69,46,54,48,58,58,49,65,65,66,66,64,64,73,60,64,62,66,60,56,64,64,66,67,70,57,59,5,6,7,12,10,67500,177
Guilson Paiva,Brazil,173,72,27,77,81,48,49,63,77,73,40,75,62,75,78,72,90,69,72,77,78,73,50,34,77,69,68,67,72,44,61,16,7,11,10,7,15500000,259
√ìliver Torres,Spain,178,70,28,82,82,58,66,61,76,76,67,80,80,73,80,79,65,72,34,78,55,77,50,52,69,66,68,80,64,65,63,6,7,7,14,8,11000000,562
Dani Ram√≠rez,Spain,175,70,31,71,69,29,32,45,63,67,41,69,71,63,71,68,69,61,58,80,66,69,50,53,67,64,66,68,68,70,49,10,13,7,8,10,1200000,683
Altay Bayƒ±ndƒ±r,Turkey,198,73,25,16,10,10,13,29,69,14,14,55,62,11,35,43,30,31,68,24,31,51,58,14,54,10,11,10,14,16,15,76,78,75,72,79,9000000,254
N√∫rio Fortuna,Angola,177,73,28,71,73,67,69,74,69,63,71,64,70,64,68,66,83,73,66,73,81,72,88,68,73,58,68,61,53,52,68,7,8,7,15,8,2000000,343
Erling Haaland,Norway,195,94,23,82,78,29,53,87,89,92,42,74,86,47,74,53,82,81,93,74,94,76,74,80,94,94,87,77,62,79,88,11,7,14,13,7,123000000,395
Daniel Bentley,England,188,72,30,30,17,13,11,24,72,12,22,50,55,18,43,26,48,31,67,41,43,51,75,11,52,11,13,12,12,22,13,72,74,66,69,73,1700000,676
Lee Gregory,England,188,80,35,69,62,29,23,71,69,69,21,63,66,43,62,46,50,77,85,56,52,63,70,67,68,68,63,56,61,70,65,8,7,13,15,15,65000,569
Jake Bidwell,England,183,80,30,69,61,65,69,78,69,63,67,63,66,74,66,65,67,81,73,64,68,62,68,65,66,37,51,58,63,49,44,12,13,13,12,12,1600000,156
Denis Haru»õ,Romania,183,77,24,56,50,62,64,60,61,44,60,52,59,61,63,58,70,72,71,73,74,69,75,60,60,35,36,58,53,42,34,7,7,10,7,13,75000,245
Alexandro Calut,Belgium,180,66,20,58,60,60,59,64,55,32,54,44,56,54,59,55,76,71,50,72,69,75,74,48,41,22,30,48,30,45,20,10,13,8,11,12,32500,597
Alexander N√ºbel,Germany,193,88,26,20,18,13,14,23,73,10,20,32,32,15,29,18,49,39,70,58,46,34,61,13,53,18,18,20,20,16,13,76,75,71,70,84,11500000,15
Milan Rundiƒá,Serbia,188,80,31,60,33,63,65,66,63,30,64,32,47,24,55,53,67,64,84,69,67,61,80,56,57,33,25,23,26,52,23,13,12,11,13,13,70000,495
Marius W√∂rl,Germany,178,69,19,66,39,59,62,49,51,43,51,48,57,54,63,55,66,68,59,52,63,64,49,44,49,42,41,36,39,49,31,11,13,11,13,14,21000,4
Noah Atubolu,Germany,190,96,21,14,11,12,12,26,60,9,13,34,31,12,17,15,35,29,61,31,36,32,60,13,50,8,9,13,12,14,8,61,70,64,66,68,70000,526
Kenneth Schmidt,Germany,187,81,21,52,42,65,67,59,59,26,62,42,54,34,63,57,62,62,74,56,55,65,82,62,35,22,22,33,32,34,26,6,7,14,9,15,70000,526
Guillermo Hauche,Argentina,179,86,30,65,73,55,61,44,58,62,55,68,49,50,66,62,73,70,59,67,73,70,58,57,63,67,69,43,64,67,50,6,10,10,16,9,1000000,284
Glen Rea,Republic of Ireland,184,73,28,65,57,67,69,73,67,37,71,50,64,43,67,60,62,62,78,57,64,60,81,69,40,29,30,32,28,29,35,13,8,10,8,15,1100000,139
Josh Onomah,England,185,70,26,74,75,49,61,65,71,69,59,68,70,53,73,64,67,65,74,77,63,73,62,54,65,68,61,59,54,58,57,9,6,13,12,10,1500000,475
Manuel Osifo,Belgium,182,70,20,56,58,56,60,58,47,34,51,42,42,39,62,54,74,58,65,69,79,67,72,57,36,18,22,27,23,36,29,5,14,14,6,12,15000,348
Carlos Izquierdoz,Argentina,185,80,34,62,48,73,75,78,74,32,77,36,68,44,70,69,48,80,85,48,50,35,83,77,74,47,52,32,41,71,50,8,8,11,7,8,3600000,480
Michael Gon√ßalves,Switzerland,174,71,28,57,57,59,59,65,58,53,54,41,44,55,40,42,75,67,52,80,75,63,55,44,31,29,28,48,31,41,24,11,16,16,8,12,24000,243
Jean Louchet,France,192,80,27,21,9,11,11,17,48,4,11,27,37,10,17,42,15,20,42,29,29,32,33,13,42,9,6,10,10,15,7,62,56,59,56,58,16000,430
Mai Gaolin,China PR,188,72,24,17,12,16,14,24,42,8,15,31,32,14,23,21,31,29,52,31,26,30,42,12,38,7,8,12,13,13,8,48,48,52,51,51,4000,399
Christian Kouam√©,Ivory Coast,185,70,25,75,78,32,38,71,73,78,36,69,70,63,70,58,78,76,71,68,87,77,85,77,73,75,66,52,45,61,66,7,15,13,6,14,6500000,258
Aleksandar Trajkovski,North Macedonia,179,78,30,73,74,21,19,39,63,61,25,63,59,64,69,61,75,60,68,60,68,76,65,67,77,68,78,74,72,69,68,12,12,12,12,12,1400000,31
Faouzi Ghoulam,Algeria,184,80,32,76,76,75,75,74,67,67,72,69,73,79,74,73,60,69,65,62,69,70,69,68,80,54,69,77,68,76,52,8,12,7,8,13,3100000,50
Xie Weijun,China PR,188,70,25,51,56,11,18,34,59,60,10,52,43,50,52,34,74,70,73,42,67,60,77,56,56,56,51,46,34,58,41,8,6,14,14,11,24000,618
Claudiu Belu-Iordache,Romania,185,78,29,55,54,61,62,82,62,48,62,55,50,63,62,57,70,70,73,66,73,69,63,55,57,44,45,54,45,47,34,15,13,12,7,11,65000,231
Isaac Jarano,Bolivia,179,75,23,63,61,33,39,43,62,55,57,64,76,62,67,62,70,53,59,61,62,63,55,71,62,66,69,53,50,60,58,14,17,10,13,17,57500,521
Massimiliano Mangraviti,Italy,188,79,25,64,60,66,67,64,62,47,62,55,54,54,64,63,70,67,74,61,74,67,71,66,64,45,52,45,47,47,47,9,13,14,7,13,85000,102
Maximilian Arnold,Germany,184,74,29,82,78,74,80,77,82,76,80,78,79,69,81,83,63,81,73,67,66,68,61,58,88,75,87,83,81,59,84,10,11,9,11,10,22500000,648
Pyry Soiri,Finland,183,63,28,66,64,45,48,58,58,64,48,58,55,58,58,55,78,62,56,68,76,73,49,43,67,60,52,49,40,55,52,6,11,12,10,7,62500,294
Jack Muldoon,England,178,69,34,62,60,16,22,46,61,61,15,52,58,50,56,49,79,84,61,71,79,68,76,59,65,61,59,53,49,63,56,7,8,10,7,12,25000,302
Paul Will,Germany,185,77,24,64,63,61,65,77,57,41,60,57,56,64,71,66,77,76,75,62,60,63,69,63,65,43,55,67,62,48,38,10,10,10,11,7,87500,185
Simon Lorenz,Germany,187,84,26,53,45,67,71,74,49,45,69,42,55,39,62,57,73,74,78,64,70,62,75,69,55,29,40,36,47,37,32,12,9,8,13,8,1200000,315
Darragh Noone,Republic of Ireland,185,78,26,59,57,51,52,42,55,51,50,56,52,47,58,55,52,62,54,56,56,53,53,52,47,50,50,48,46,42,38,6,13,9,10,7,14000,182
Kassoum Ouattara,France,176,73,18,52,48,51,56,52,54,43,47,38,39,56,52,37,64,61,54,70,64,56,62,47,34,34,28,36,32,34,27,8,9,10,5,11,13000,47
Joel Roca,Spain,176,67,18,66,68,25,27,52,55,55,19,53,54,48,56,44,78,54,43,76,76,76,56,46,56,55,50,46,40,54,42,11,8,14,9,8,32500,281
Han-Noah Massengo,France,175,70,22,68,73,65,66,65,66,57,70,66,68,56,72,70,74,70,63,85,69,85,61,60,63,39,54,50,44,51,39,9,8,14,12,15,1400000,14
Sveinn Aron Gu√∞johnsen,Iceland,189,80,25,62,61,18,49,75,61,66,18,50,62,23,59,45,45,53,81,43,52,50,70,68,65,68,56,31,31,58,48,14,13,6,5,6,67500,322
Duccio Degli Innocenti,Italy,180,74,20,66,57,61,61,66,60,48,50,55,53,48,68,66,64,60,55,65,64,64,64,56,60,43,50,50,56,48,42,6,5,12,11,10,32500,191
Alexandru MƒÉ»õan,Romania,165,61,24,68,67,31,34,46,55,57,34,61,58,63,66,56,85,61,44,89,87,88,59,36,68,54,51,69,62,59,40,7,11,15,12,10,1000000,151
Se√†n Long,Republic of Ireland,178,70,28,62,60,62,63,70,62,52,62,50,61,62,60,54,73,82,70,72,67,71,90,58,49,34,40,54,34,37,27,6,14,8,11,14,55000,139
Timothy Galj√©,Belgium,179,71,22,13,9,13,11,14,59,5,14,23,21,16,11,22,21,23,37,50,24,38,61,8,44,7,9,16,11,12,7,56,61,59,59,65,30000,490
J√≥hannes K. Bjarnason,Iceland,180,72,18,58,56,45,48,53,45,50,49,50,45,43,57,55,65,57,45,71,64,72,52,43,48,45,38,37,37,40,33,9,15,11,12,10,9000,324
Mert Hakan Yanda≈ü,Turkey,174,70,29,73,73,61,67,78,73,73,63,68,69,74,74,72,69,83,66,75,67,74,50,47,77,65,75,76,64,66,66,6,11,5,9,13,2500000,254
Matthieu Huard,France,178,71,25,62,62,65,66,64,64,58,66,48,62,59,62,58,72,78,72,74,76,70,70,60,50,32,45,55,36,40,34,6,14,10,9,7,1300000,102
Uƒüurcan √áakƒ±r,Turkey,191,82,27,24,14,16,18,27,76,14,25,60,60,15,32,27,53,40,67,58,56,49,81,14,56,13,19,18,20,23,20,81,80,76,74,79,14000000,623
Sumayhan Al Nabit,Saudi Arabia,174,68,27,68,72,23,26,55,59,67,26,67,49,62,63,60,78,76,42,78,81,88,78,42,60,64,61,52,44,56,43,9,12,11,8,13,1500000,39
San Nicol√°s,Spain,182,77,22,12,8,10,13,18,51,8,15,27,35,12,23,25,27,27,52,42,18,38,61,12,42,6,7,13,11,19,9,56,60,56,56,60,18000,531
Riqui Puig,Spain,169,56,24,80,80,53,65,65,73,64,61,80,77,60,80,77,68,65,33,85,63,82,55,49,66,63,68,66,51,55,56,12,12,15,14,9,6500000,362
Michael Rose,Scotland,188,70,27,62,58,67,69,71,67,45,69,56,67,49,66,66,65,67,77,58,74,58,71,69,59,33,30,46,36,50,30,12,8,8,15,16,1500000,156
Genaro Rossi,Argentina,182,80,21,61,55,20,24,38,58,56,24,49,44,36,53,42,65,55,68,57,66,62,68,60,63,65,52,44,41,58,49,11,7,9,12,12,27500,428
Mauricio Cuero,Colombia,176,83,30,71,76,24,25,33,65,61,19,60,63,76,62,59,90,75,69,63,90,75,61,53,77,64,71,72,65,54,64,12,15,12,16,14,2300000,330
Isaak Davies,Wales,175,65,21,64,64,22,21,52,64,66,28,47,59,50,58,35,82,58,52,70,81,77,54,47,62,63,54,48,30,56,56,7,14,7,7,13,45000,125
Albert Gr√∏nb√¶k,Denmark,185,73,22,71,70,61,62,67,68,66,56,72,73,64,68,65,78,73,63,78,76,84,61,55,64,66,60,64,62,55,55,6,8,12,13,9,1400000,249
Fahad Al Jumayah,Saudi Arabia,175,62,28,65,61,51,54,47,51,58,53,59,48,61,65,57,74,73,46,71,74,70,57,50,60,50,62,63,65,55,50,13,10,6,12,12,32500,22
Odisseas Vlachodimos,Greece,190,81,29,23,13,12,14,32,82,14,23,46,56,15,27,24,42,39,68,38,44,67,74,13,50,12,16,17,13,18,14,78,84,78,67,84,18500000,537
Yang Shiyuan,China PR,173,68,29,56,54,63,66,72,58,53,62,47,53,50,54,48,76,79,61,72,73,76,64,53,41,30,36,43,43,36,29,7,7,7,10,14,30000,566
Liam McCarron,Scotland,176,61,22,57,59,51,54,36,56,51,56,49,44,61,56,48,82,65,47,73,82,76,45,43,56,50,53,41,40,54,47,12,11,14,14,7,35000,471
Markus Bj√∂rkqvist,Sweden,181,80,19,60,58,47,43,74,55,53,48,49,50,46,59,56,68,76,74,68,66,65,70,44,60,40,49,52,44,40,42,10,12,8,13,7,15000,393
Sulaiman Hazazi,Saudi Arabia,170,68,20,47,50,47,54,65,42,47,50,34,37,50,52,40,80,64,72,72,88,57,65,40,45,25,30,32,27,25,21,10,12,6,6,10,14000,39
Kosi Thompson,Canada,180,79,20,61,66,55,60,54,54,47,58,49,49,50,60,43,81,64,68,58,80,60,66,54,55,50,45,46,48,50,55,14,15,7,13,12,40000,621
Pierre Ekwah,France,189,78,21,57,57,56,57,62,53,45,55,59,58,37,59,58,62,69,75,55,65,41,69,53,58,43,56,48,50,47,33,12,14,14,15,8,22000,603
Gabriele Moncini,Italy,183,75,27,68,66,30,33,57,67,70,32,55,65,46,66,50,80,70,67,64,76,73,75,70,69,71,64,60,53,68,66,8,9,13,9,14,1500000,539
Daniel Bragan√ßa,Portugal,178,71,24,80,79,69,68,59,72,73,61,80,78,68,76,78,79,70,60,91,81,92,65,49,66,67,64,76,64,66,63,11,6,12,14,11,6500000,585
Liam Donnelly,Northern Ireland,180,78,27,64,60,65,66,72,62,63,56,56,60,54,65,63,67,68,72,67,62,67,76,64,66,64,69,52,55,65,58,15,15,15,14,16,70000,358
Felix Higl,Germany,194,83,26,62,61,19,20,49,50,59,24,60,43,58,64,40,54,69,79,41,72,52,63,66,66,65,55,33,39,53,46,8,13,7,14,13,55000,647
Christian Cappis,United States,185,72,24,67,64,55,65,68,67,61,62,61,63,55,70,67,66,71,62,65,70,64,58,55,52,48,48,55,41,40,46,12,5,13,11,5,82500,107
Joaqu√≠n Bl√°zquez,Argentina,193,87,22,16,9,13,12,21,60,7,12,27,33,10,26,33,22,26,55,45,25,33,65,11,47,6,7,11,10,14,7,67,64,59,63,69,62500,592
Cemali Sertel,Turkey,186,80,23,64,65,66,64,67,63,47,62,50,53,63,64,58,72,65,70,56,69,63,72,62,52,30,40,56,54,40,34,12,10,8,6,9,92500,51
Tomeu Nadal Mesquida,Spain,187,82,34,23,13,12,13,26,66,9,23,42,53,14,29,25,37,35,71,36,34,33,65,18,47,14,17,19,16,23,14,68,65,66,63,68,32500,478
Kristian Pedersen,Denmark,191,83,29,66,67,67,71,72,70,56,69,55,65,66,65,47,61,89,82,48,67,56,70,72,49,30,39,41,25,30,28,15,6,7,7,14,1800000,0
Pawe≈Ç Lenarcik,Poland,190,84,28,13,18,17,18,16,54,13,18,17,14,18,17,15,24,25,47,26,24,25,40,18,46,15,13,18,11,18,12,62,59,60,61,60,25000,404
Bruno Bertinato,Brazil,194,79,25,18,7,12,11,25,58,9,7,53,23,13,15,21,18,21,56,20,20,22,37,10,42,7,8,12,13,13,8,50,59,58,56,59,17000,643
Krystian Kardy≈õ,Poland,179,67,21,57,51,29,33,37,41,49,31,45,47,55,54,43,73,57,49,68,71,67,48,38,60,49,42,55,43,56,54,12,8,9,7,14,14000,596
Kegs Chauke,South Africa,177,65,20,59,61,37,50,48,56,52,44,57,51,44,61,58,73,53,40,75,70,71,45,37,57,47,51,52,49,54,49,9,15,5,6,8,15000,200
Zac Ashworth,Wales,183,75,20,52,51,53,55,50,49,53,54,50,41,49,50,44,67,60,62,68,66,60,63,42,65,40,40,51,37,36,50,15,12,5,9,9,14000,110
Michael Schultz,Germany,194,88,30,57,52,62,66,70,60,24,64,24,50,29,65,57,50,56,86,32,53,33,55,69,40,23,19,24,22,35,27,12,9,6,8,11,72500,651
Harry Wood,England,178,78,21,60,55,53,54,41,54,47,52,59,56,53,62,62,60,59,58,59,60,68,66,47,55,46,51,65,62,41,48,15,14,6,11,10,18000,318
Magnus Rugland Ree,Norway,182,74,19,14,11,13,14,25,47,4,9,28,39,14,17,27,27,22,47,49,16,23,57,14,43,5,6,14,12,17,5,52,55,54,57,52,8000,650
Mothobi Mvala,South Africa,183,82,29,65,55,66,68,67,61,44,68,62,59,45,66,64,68,72,73,71,63,70,67,58,56,30,45,33,35,34,26,9,13,7,10,5,90000,394
Jos√© Vera,Paraguay,179,81,32,61,67,60,66,72,66,71,58,65,62,40,65,61,61,69,49,74,52,58,61,62,44,55,68,40,67,61,26,10,14,6,6,13,47500,284
Arthur Masuaku,DR Congo,179,70,29,78,80,73,74,65,74,65,69,70,75,75,73,67,77,71,67,79,77,77,70,63,74,52,68,72,48,49,61,7,8,7,10,7,5000000,87
Ibrahima Bamba,Italy,184,68,21,62,60,67,70,76,66,41,65,57,60,49,65,64,74,78,68,63,75,57,75,64,64,37,52,46,39,48,34,11,9,8,7,14,1200000,656
Bersant Celina,Kosovo,181,66,26,70,70,15,27,49,63,65,18,69,68,67,64,64,81,71,62,79,75,81,44,43,72,60,66,69,67,60,59,10,9,15,16,8,1500000,600
Harry Pell,England,193,85,31,64,61,59,61,79,60,65,60,63,64,52,65,62,48,76,86,40,49,31,33,65,70,62,61,52,64,61,54,10,6,15,6,7,55000,11
Liu Binbin,China PR,177,72,30,65,70,38,42,56,62,66,38,63,66,66,66,60,84,75,63,70,84,81,72,62,63,69,65,59,54,52,60,14,15,12,14,9,1600000,565
Simon Terodde,Germany,192,83,35,72,64,19,42,74,79,80,23,59,75,50,65,40,52,67,86,58,62,52,75,81,80,81,68,38,44,69,77,16,8,9,15,8,2700000,232
Brandon Baiye,Belgium,177,75,22,61,57,61,64,53,62,39,62,46,55,36,63,58,64,63,74,74,36,58,66,57,48,32,30,34,35,48,28,14,11,14,11,12,42500,344
Fredrik Sj√∏lstad,Norway,187,78,29,62,60,59,61,63,61,60,62,61,58,41,63,62,67,71,69,54,69,61,71,50,55,28,51,34,42,46,36,12,7,10,8,9,52500,297
Mohamed Aiman Moukhliss Agmir,Spain,169,67,23,64,66,58,48,47,56,52,29,63,55,49,67,65,77,52,39,82,68,76,56,41,54,49,48,62,57,54,49,9,15,11,14,14,27500,207
Alfonso Parot,Chile,181,82,33,65,66,68,65,83,59,59,70,59,66,72,67,59,64,71,81,61,74,63,71,71,71,55,59,59,44,63,56,10,13,11,8,12,97500,634
Thomas Lam,Finland,188,76,29,67,57,66,65,77,59,50,65,57,63,49,67,65,62,71,75,61,75,63,62,68,74,51,56,45,58,64,36,16,8,15,15,12,87500,401
Francisco Morel,Paraguay,180,74,19,52,50,21,19,49,60,60,18,49,50,22,49,38,67,59,62,59,64,64,56,61,52,58,42,31,28,56,36,12,12,10,13,9,15000,147
Ayoub Abou,Morocco,176,65,25,56,54,48,52,56,60,50,59,59,37,34,62,55,62,54,50,75,60,66,55,46,42,52,42,37,36,43,29,11,7,11,6,12,16000,539
Abdullah Nahar Al Shammari,Saudi Arabia,170,65,21,53,49,48,50,52,51,44,49,50,45,45,51,50,60,57,60,70,58,53,53,46,43,31,37,38,37,43,28,13,8,6,6,14,8000,40
Ervin Omiƒá,Austria,185,75,20,65,62,58,63,62,58,58,57,61,64,53,65,63,61,68,69,56,66,57,60,61,56,40,49,55,51,42,39,7,8,13,12,12,42500,675
Ciar√°n Coll,Republic of Ireland,178,64,32,53,48,53,56,64,57,52,52,40,55,50,53,51,70,81,64,69,71,67,85,54,22,26,22,48,40,27,25,13,11,12,6,13,21000,177
Juan Ferney Otero,Colombia,181,74,28,71,73,25,30,45,63,71,35,68,72,64,65,63,90,76,80,73,91,85,80,64,87,69,74,53,75,61,64,12,14,8,15,10,2500000,480
Ian Poveda,England,167,64,23,74,76,31,36,39,66,59,27,63,66,66,64,48,84,60,55,88,73,82,40,27,52,59,49,49,36,47,45,8,7,9,7,11,1600000,90
Markus Pink,Austria,188,87,32,63,58,12,13,65,69,73,33,57,67,49,62,49,45,81,86,47,54,55,61,70,71,73,63,53,38,63,63,7,8,12,6,15,1000000,71
Paul-Jos√© Mpoku,DR Congo,180,79,31,70,70,41,50,58,67,70,52,69,74,74,73,74,74,68,71,71,70,68,72,54,75,67,74,76,76,75,73,10,8,11,7,13,1500000,327
Sebastian Aigner,Austria,180,72,22,63,60,57,58,64,65,36,63,62,58,40,64,57,62,72,61,63,67,68,58,48,51,39,45,54,37,37,33,14,6,10,12,12,42500,530
Unai Medina,Spain,179,75,33,62,57,60,64,75,63,47,67,43,65,65,59,59,72,77,76,70,74,71,81,55,73,48,68,61,65,62,21,14,14,14,12,15,70000,479
Fabian de Keijzer,Netherlands,193,83,23,18,11,11,14,24,69,8,9,44,36,12,31,29,33,31,70,33,28,37,61,13,51,9,5,10,13,19,5,67,69,64,68,71,1200000,239
Jakub Antczak,Poland,168,61,19,52,55,31,27,63,42,51,23,51,45,54,54,51,75,58,34,87,75,74,44,37,55,48,39,42,39,52,46,9,9,15,14,7,15000,372
Jan Hendrik Marx,Germany,171,68,28,59,62,61,58,55,58,41,59,47,56,64,62,44,91,88,41,86,84,85,60,39,54,42,49,57,33,42,41,5,13,13,8,7,97500,99
Lee Peltier,England,177,73,36,61,58,69,69,80,65,56,68,57,63,59,58,57,56,53,66,70,49,53,77,59,30,38,37,47,38,36,26,10,6,7,13,15,27500,519
Robbin Ruiter,Netherlands,196,78,36,18,17,16,16,35,68,17,22,39,49,16,36,34,40,37,65,34,40,38,55,12,48,12,16,14,13,24,14,65,64,60,64,62,6000,525
R√©my Dugimont,France,182,75,37,69,70,26,29,70,58,77,39,68,68,72,72,67,53,91,83,61,55,77,78,73,74,73,74,68,69,70,69,12,6,7,11,12,52500,14
Robert ≈Ωulj,Austria,189,89,31,77,75,35,29,56,72,79,28,78,78,74,77,75,51,68,77,66,64,59,70,71,78,76,75,77,73,71,72,9,8,12,11,10,4100000,364
Gustavo Peralta,Paraguay,179,74,22,54,52,17,14,26,48,60,17,49,50,31,53,30,66,50,56,57,69,55,55,61,50,61,55,32,36,60,43,10,12,11,9,8,20000,444
Luuk de Jong,Netherlands,189,86,33,79,68,37,43,54,76,83,40,69,76,66,79,62,43,72,87,55,47,52,90,93,83,79,71,63,69,67,83,8,16,10,8,11,15000000,449
Aaron Basenach,Germany,184,70,20,60,53,51,54,54,49,35,51,50,37,37,58,60,70,60,55,65,75,70,60,50,49,50,44,34,33,40,30,6,13,13,13,8,14000,350
Luca Nicolae Banu,Romania,175,70,18,50,49,52,56,48,56,35,49,49,51,38,54,52,51,50,52,64,53,58,64,49,42,38,41,42,41,40,39,12,15,14,12,12,8000,253
Viktor Gy√∂keres,Sweden,187,86,25,74,75,16,25,72,73,75,28,64,72,61,67,52,75,80,84,77,81,70,65,65,73,74,69,70,59,63,68,14,10,13,11,8,3600000,156
Petar Stojanoviƒá,Slovenia,178,72,27,73,72,73,76,83,65,65,66,62,60,77,73,73,79,81,64,71,77,66,68,60,68,41,51,66,54,54,49,11,7,8,11,7,4200000,191
Val√®re Germain,France,181,75,33,75,70,18,24,61,74,77,44,71,69,69,74,64,63,72,61,69,66,76,84,75,74,73,71,69,69,75,73,9,14,7,11,14,2500000,412
Daniel Ballard,Northern Ireland,187,85,23,59,53,70,72,73,68,36,70,52,57,31,60,63,52,58,82,48,58,50,71,70,44,25,26,28,30,37,31,8,13,7,7,7,1900000,603
Joris Sainati,France,183,83,34,54,33,56,61,72,60,39,60,38,57,56,62,58,66,71,74,61,60,68,80,63,34,30,29,48,22,37,12,6,7,9,10,8,23000,523
Enzo Copetti,Argentina,180,88,27,68,66,47,50,86,76,76,47,68,67,64,70,55,80,91,85,84,83,66,91,78,81,72,64,50,44,72,55,15,7,9,14,12,4700000,136
Ollie Palmer,England,196,92,31,64,57,28,25,77,59,65,24,58,63,40,55,40,54,66,91,71,69,34,41,67,65,65,60,42,39,64,50,8,14,12,14,14,57500,677
Sergio L√≥pez,Spain,179,70,24,67,68,63,62,66,65,50,60,59,62,67,68,60,76,58,57,72,76,70,61,64,63,52,59,61,41,43,48,7,12,12,11,13,1100000,208
Mauricio Duarte,Colombia,170,67,31,68,70,62,64,58,64,60,64,62,70,70,66,60,82,80,70,79,81,78,80,52,74,62,70,80,72,62,72,12,10,15,11,16,1400000,131
Tommaso Cassandro,Italy,185,75,23,54,58,61,61,62,58,51,60,38,55,58,54,40,61,62,63,60,63,60,62,60,50,31,40,48,48,41,38,9,6,6,14,15,35000,371
Timo Bornemann,Germany,184,83,22,56,61,21,19,44,56,57,22,46,50,35,53,29,72,59,73,68,75,70,74,55,60,60,46,43,30,49,56,14,7,6,10,9,27500,73
Julian Stark,Germany,183,73,22,60,61,56,61,66,59,57,53,56,55,57,64,62,64,62,67,69,62,71,55,55,54,51,51,45,44,45,45,12,7,7,8,14,30000,527
Jack Stephens,England,185,75,29,70,67,72,78,72,71,47,74,56,62,47,70,67,34,64,78,55,52,63,67,75,55,36,42,55,58,42,34,13,13,10,11,10,3600000,9
Willy Cestedo,Peru,191,87,35,9,8,12,14,15,62,9,11,40,61,6,15,9,32,40,69,40,37,39,58,10,44,6,6,7,10,16,8,59,58,60,59,60,6000,72
Sheriff Sinyan,Gambia,188,84,27,56,57,65,69,71,64,56,68,50,58,44,63,60,69,67,80,63,77,65,82,65,53,40,38,45,38,47,41,15,8,8,9,8,1200000,411
Patrick Schulte,United States,193,79,22,14,10,10,11,22,50,5,6,24,36,14,27,28,15,19,63,27,18,29,36,13,40,5,6,12,14,16,6,59,54,54,53,54,13000,151
Sebasti√°n Pino,Chile,195,86,20,35,32,68,73,53,51,28,58,30,45,29,50,29,55,63,79,38,62,48,67,56,45,28,24,30,34,41,33,8,15,7,11,7,30000,164
Bowen Huang,China PR,181,72,36,65,61,56,62,64,66,64,65,71,65,66,73,70,60,55,66,68,65,61,62,62,68,61,64,67,73,60,54,8,6,7,15,10,35000,292
Zhong Yihao,China PR,178,75,27,63,68,53,59,62,64,62,52,58,58,61,57,52,76,73,76,80,77,81,66,62,64,63,61,48,41,50,49,8,13,7,7,14,77500,311
Ryan Johnson,Northern Ireland,188,85,26,43,53,59,60,64,55,35,58,47,55,31,50,45,66,67,75,57,71,61,77,60,27,21,25,35,22,31,20,10,10,7,10,13,24000,599
Wang Hanlin,China PR,180,69,33,42,46,47,51,56,52,35,43,45,39,39,53,54,54,49,53,67,61,56,56,42,45,32,26,37,39,38,28,8,8,8,5,11,3000,514
R√≥bert Mak,Slovakia,179,78,32,72,75,31,31,55,62,70,52,69,70,68,64,59,81,51,63,67,67,75,64,58,71,71,68,75,63,58,69,13,10,6,8,9,1600000,610
Matty Wolfe,England,185,75,23,60,57,57,60,59,58,53,56,58,58,45,65,62,64,64,62,66,63,60,63,49,58,41,39,34,42,46,37,7,14,7,13,5,35000,79
Jimmy Medranda,Colombia,173,68,29,66,63,60,59,68,62,60,61,60,62,62,61,56,72,64,64,77,70,73,53,44,68,61,62,50,57,53,61,12,13,15,13,14,52500,151
Remko Pasveer,Netherlands,187,88,39,37,18,20,18,30,67,15,13,61,63,15,39,52,46,35,70,36,38,42,65,16,62,12,16,18,14,28,18,78,75,76,82,77,27500,26
Carl Winchester,Northern Ireland,178,74,30,66,63,57,61,62,58,60,60,61,64,64,68,63,74,90,71,78,72,78,82,54,63,60,65,60,54,56,47,12,11,7,11,12,70000,572
Panutche Camar√°,Guinea Bissau,185,73,26,67,70,62,65,62,66,64,64,66,66,51,67,66,83,91,72,58,83,66,31,58,64,61,63,54,44,58,39,6,7,9,9,15,1300000,335
Francois-Joseph Sollacaro,France,182,76,29,19,7,9,8,11,55,5,13,22,51,13,21,25,42,28,47,59,46,37,64,19,49,6,15,19,16,14,15,68,67,66,65,69,72500,6
Sebastian Lletget,United States,178,69,30,73,71,58,60,56,74,68,61,72,75,68,78,63,69,78,76,72,72,75,59,55,73,63,57,70,54,56,60,7,6,14,13,9,1600000,214
Victor P√°lsson,Iceland,186,82,32,64,54,71,73,86,68,51,73,58,67,47,66,62,65,78,82,59,79,67,90,71,72,51,57,51,52,57,46,8,8,9,16,7,1300000,165
Andr√© Sim√µes,Portugal,174,64,20,64,62,49,50,62,64,58,52,63,50,46,67,65,55,54,43,79,54,56,56,55,67,50,56,43,40,48,39,6,11,6,9,12,40000,276
Lucas Lykkegaard,Denmark,176,68,21,58,51,51,49,49,53,45,46,43,52,49,49,35,77,58,50,78,74,69,58,38,35,34,30,44,35,35,26,13,11,12,5,14,13000,228
Benson Manuel,Belgium,166,70,26,76,79,35,34,41,66,66,39,71,72,70,71,62,87,71,65,84,82,87,87,48,72,66,73,72,66,57,59,16,16,12,8,15,4700000,109
Alex Scott,England,178,68,20,70,74,60,63,56,62,62,58,69,72,66,72,69,75,75,61,84,72,84,60,51,63,61,58,66,63,52,53,12,9,10,15,8,1200000,105
Lewis Dobbin,England,181,71,20,63,64,18,20,36,58,62,18,59,60,53,57,44,77,58,53,74,80,76,53,53,64,63,56,58,38,63,56,6,7,13,6,6,45000,176
Jack Spong,England,172,78,21,58,56,60,56,60,55,39,54,45,49,51,62,57,58,48,55,68,60,63,62,50,55,36,37,60,61,50,35,8,8,10,14,12,16000,158
Nuno Santos,Portugal,177,72,28,80,81,50,61,74,79,81,70,76,75,79,76,73,84,84,60,72,82,81,57,59,86,77,81,79,72,71,84,9,14,7,8,15,22500000,585
Noor Al Rashidi,Saudi Arabia,180,60,28,47,33,57,59,43,56,23,58,46,46,33,54,40,65,57,67,74,63,54,72,54,37,20,26,23,24,35,19,12,13,12,7,11,15000,41
Doru Popadiuc,Romania,177,73,28,63,66,34,36,41,60,63,42,62,61,60,64,54,82,79,61,66,77,71,47,38,61,66,65,48,47,61,56,12,11,12,5,10,75000,10
Aleksander Gajgier,Poland,193,78,20,42,28,56,55,52,44,33,53,38,42,40,44,38,61,63,64,45,60,45,72,54,44,25,37,29,34,38,32,10,13,13,10,5,7000,494
Johan Madrid,Peru,179,74,26,66,65,66,69,55,66,57,63,42,61,64,67,60,76,74,70,67,72,72,59,59,43,43,40,46,42,41,40,10,10,12,8,15,1400000,586
√Älex Carbonell,Spain,182,73,25,68,67,62,65,66,63,57,63,63,54,59,66,65,50,60,56,80,39,74,54,57,62,60,62,59,51,49,49,12,5,5,12,14,67500,207
Ouparine Djoco,France,188,90,25,16,14,11,12,21,62,4,9,33,32,12,21,20,30,29,67,23,22,21,55,14,53,10,8,15,16,29,7,64,71,67,70,71,1200000,145
Victor Lindel√∂f,Sweden,187,80,29,75,70,78,81,79,78,51,83,72,83,62,79,81,54,69,76,60,63,60,76,76,72,42,52,64,53,54,38,7,12,16,8,9,16000000,396
Davy Rouyard,France,194,90,24,17,12,10,13,23,52,7,10,38,32,11,26,24,22,27,56,56,33,38,55,10,46,6,8,14,13,15,10,59,62,62,61,63,30000,96
Youri Regeer,Netherlands,177,68,20,65,67,61,64,62,62,59,60,66,66,52,71,69,68,67,61,71,69,68,62,53,63,57,47,58,53,51,42,11,13,8,14,11,67500,26
Besart Topalloj,Kosovo,185,78,22,28,23,60,62,49,49,26,59,26,38,30,29,24,60,57,70,62,55,42,73,48,33,17,20,26,29,33,26,7,9,14,5,9,13000,407
Patrick Nuamah,Italy,170,65,17,53,49,49,53,57,53,40,49,51,58,42,62,53,59,53,49,63,65,60,78,44,49,40,38,51,50,42,45,14,6,12,9,5,8000,102
Oh Hoo Sung,Korea Republic,173,64,24,52,56,45,43,46,50,57,29,52,56,45,55,61,53,52,34,80,68,49,53,45,51,48,46,45,42,39,38,6,12,7,9,12,7000,166
Obinna Nwobodo,Nigeria,179,72,26,66,71,73,77,76,65,60,76,59,66,57,67,64,82,90,65,73,82,81,71,58,75,56,67,69,48,46,61,12,13,12,8,5,2300000,213
ƒ∞smail √áok√ßalƒ±≈ü,Turkey,175,71,23,57,64,62,65,60,63,59,59,39,48,55,36,31,72,64,48,73,68,69,69,48,29,28,26,39,40,45,26,11,9,6,5,7,35000,24
Anthony Gordon,England,183,72,22,76,77,33,40,62,68,67,31,68,65,75,73,66,87,76,56,68,90,75,58,49,74,67,71,76,75,65,48,7,5,6,14,8,6500000,427
Phil Foden,England,171,69,23,90,86,47,59,64,82,82,59,84,82,77,85,83,86,83,47,91,78,91,49,47,82,80,77,75,68,64,59,10,8,15,6,13,63500000,395
Jules Van Cleemput,Belgium,183,73,26,70,67,72,72,72,71,62,70,65,67,71,66,66,75,67,73,68,68,70,67,63,47,17,33,47,35,42,36,13,10,14,11,12,1500000,580
Seriton Fernandes,India,174,70,30,49,48,60,62,68,45,44,53,42,46,50,49,44,71,90,66,73,73,67,70,40,50,24,30,49,31,32,35,8,14,5,10,14,22000,218
Gabriel Silva,Brazil,177,78,21,73,72,23,24,41,69,70,24,67,70,66,65,62,78,66,60,65,74,78,53,57,60,67,68,68,70,72,63,10,10,7,7,10,1800000,554
Ryan Taylor,England,187,68,35,57,56,24,28,66,55,60,34,54,66,43,55,46,47,70,80,57,52,61,74,63,61,62,54,52,45,58,57,10,9,7,6,11,11000,288
Wilfrid Kaptoum,Cameroon,174,72,27,70,68,59,60,54,64,56,58,63,68,55,73,69,57,61,65,81,53,76,67,44,67,57,60,58,38,49,39,13,11,13,15,15,95000,630
Misael Celtejo,Bolivia,183,79,27,61,68,32,31,54,65,70,33,61,58,64,62,54,73,66,68,62,76,66,55,61,64,56,60,61,66,66,65,15,12,16,7,9,92500,617
Fahad Al Harbi,Saudi Arabia,187,85,26,39,27,59,60,71,50,28,50,32,46,31,48,43,65,60,81,34,73,44,73,59,41,16,21,31,22,31,29,7,9,10,9,13,22000,27
Lee Keun Ho,Korea Republic,176,74,38,66,65,31,32,60,58,68,48,67,68,57,62,59,66,36,60,71,64,59,61,55,64,59,62,60,56,62,62,15,6,15,13,6,14000,166
Rade Kruniƒá,Bosnia & Herzegovina,184,74,29,79,78,69,74,69,79,76,70,77,75,70,79,77,66,72,72,70,68,73,74,66,76,71,77,69,70,66,66,10,14,9,12,14,10500000,406
Fotis Ioannidis,Greece,186,80,23,72,68,24,23,50,61,70,19,55,61,39,63,53,70,71,78,62,68,67,73,70,73,73,67,64,50,63,58,5,6,13,10,5,1900000,452
Jamil Siebert,Germany,193,86,21,54,45,65,67,63,57,35,61,40,47,30,64,60,68,60,88,49,69,51,64,67,52,23,35,30,29,35,32,9,11,11,8,11,85000,651
Waldo Santerilone,Colombia,177,73,31,66,68,17,23,44,65,68,21,48,70,60,59,54,57,54,74,68,78,67,75,66,78,73,71,54,71,54,74,10,7,11,9,21,1400000,49
Karol Szyma≈Ñski,Poland,192,92,30,23,9,14,15,26,51,10,18,41,47,18,25,14,20,23,68,25,30,31,39,16,44,11,8,14,12,17,7,56,61,59,58,57,14000,465
Cristian Zabala,Argentina,187,77,25,72,61,52,61,58,62,61,56,63,60,59,69,64,60,69,74,54,69,58,58,55,55,52,55,60,57,46,51,6,9,14,5,8,67500,619
Tim Siersleben,Germany,187,80,23,58,51,67,73,66,67,26,70,36,65,48,61,48,59,58,71,58,63,55,82,66,45,25,41,27,30,43,27,9,6,11,11,15,1400000,308
Albert Adomah,Ghana,185,74,35,71,71,53,66,57,65,66,64,67,73,70,66,60,70,55,66,62,73,74,66,51,71,63,63,63,53,68,59,7,10,9,13,10,57500,476
Marvin Lor√≠a,Costa Rica,178,77,26,66,68,22,46,50,54,65,44,60,66,60,62,58,77,56,63,71,80,77,37,43,67,62,66,60,71,56,54,8,13,10,6,13,80000,473
K√©vin Rocheteau,France,179,71,30,66,65,31,40,50,54,66,39,65,60,55,66,60,71,59,50,61,69,59,69,60,62,63,62,53,45,66,56,9,7,12,15,8,50000,430
Alex Monis,United States,168,60,20,63,56,26,28,33,39,57,25,48,47,55,55,51,75,60,37,88,68,75,48,40,45,52,39,52,40,52,48,11,13,13,9,9,22000,141
Abdallah Ndour,Senegal,186,70,29,73,62,69,68,71,60,54,65,51,70,69,68,68,72,58,72,69,72,71,76,66,41,27,23,63,32,38,43,6,12,9,12,14,1300000,246
Ellis Harrison,Wales,180,79,29,63,65,39,42,79,63,65,41,55,65,55,58,45,78,77,82,72,80,75,87,64,65,67,59,59,49,69,58,15,11,6,8,12,87500,471
Alejandro Maciel,Argentina,183,87,26,49,36,69,71,72,63,28,66,32,48,28,47,40,54,62,80,53,53,47,70,55,39,30,30,29,31,44,26,15,11,14,12,10,97500,76
Pedro Vite,Ecuador,168,60,21,66,66,48,65,49,66,59,60,64,60,33,71,65,79,64,42,86,65,74,61,49,47,63,59,33,39,39,31,8,11,14,7,9,67500,670
Max Christiansen,Germany,185,82,26,66,64,62,67,71,67,53,80,61,62,62,68,64,57,80,78,64,67,63,73,65,64,45,50,64,49,48,39,14,15,7,11,9,1600000,268
Hugo Sotelo,Spain,180,75,19,63,65,28,24,29,50,52,25,53,50,60,52,55,64,44,54,58,66,60,43,40,65,62,55,45,36,52,42,9,14,9,7,15,23000,486
Maarten Paes,Netherlands,191,82,25,22,14,14,12,19,68,11,12,35,33,13,22,28,31,34,60,32,32,35,58,13,51,10,8,12,10,10,9,67,70,66,68,72,1400000,214
Emir Karic,Austria,184,71,26,63,60,62,64,62,62,48,59,56,60,63,64,49,73,84,77,62,67,67,41,58,54,39,42,48,45,38,33,11,11,10,8,11,1000000,541
Ben Sheaf,England,185,64,25,67,63,68,73,75,66,54,75,65,69,61,76,74,47,75,73,62,52,65,69,63,57,37,51,64,62,54,58,13,15,10,15,11,3100000,156
Li Yuanyi,China PR,180,72,30,58,54,49,55,58,58,59,60,62,53,56,59,60,73,83,68,62,72,81,59,57,68,54,59,59,56,56,61,6,11,9,13,6,25000,571
Alhaji Kamara,Sierra Leone,180,73,29,66,65,28,28,76,64,68,28,54,64,47,57,44,78,66,83,75,79,73,85,67,69,67,55,57,42,58,60,9,8,12,15,12,1200000,496
Romarinho,Brazil,174,69,32,78,80,23,22,38,79,82,28,72,79,69,74,67,85,91,65,86,85,88,71,66,74,76,69,70,68,81,69,9,15,14,12,10,12000000,33
Yunus Mallƒ±,Turkey,179,72,31,74,75,21,29,39,65,70,46,72,72,70,74,69,71,59,52,79,65,76,64,40,64,66,64,74,69,81,68,15,13,14,14,10,1800000,355
Joe Allen,Wales,170,62,33,70,67,68,70,72,68,67,70,62,76,66,71,69,67,74,51,88,54,81,81,52,67,60,56,66,59,60,54,6,10,13,12,8,1100000,607
Kendall McIntosh,United States,183,79,29,18,16,15,16,41,49,15,30,53,58,21,26,35,41,44,57,50,41,39,66,13,45,16,17,21,19,32,19,60,60,60,60,62,17000,587
Hector Gairamos,Chile,170,67,31,61,61,52,52,62,68,48,58,56,66,61,68,61,79,65,45,86,77,80,66,47,55,40,42,60,51,53,41,7,8,9,9,13,47500,52
Anthony Lopes,Portugal,184,81,32,21,15,13,15,45,82,9,25,48,65,19,32,31,63,36,73,62,64,67,82,16,53,18,18,15,14,16,13,80,84,78,71,86,16000000,439
Adrien Hunou,France,179,70,29,72,71,49,51,69,72,73,47,66,72,68,72,60,77,72,69,73,75,75,67,66,71,67,67,70,63,72,73,8,8,7,13,8,1900000,50
Denis Huseinba≈°iƒá,Germany,184,76,22,67,61,56,61,72,65,68,61,68,67,44,69,69,67,76,69,68,68,68,74,53,61,61,55,44,36,41,42,9,10,5,14,15,1100000,0
Warren O'Hora,Republic of Ireland,191,84,24,58,52,64,67,67,63,38,66,44,61,40,63,60,53,76,83,46,55,40,63,64,49,38,34,38,29,40,35,10,11,11,15,8,1000000,389
Miro Muheim,Switzerland,182,77,25,66,65,62,65,58,67,66,64,66,60,68,68,62,75,75,67,71,69,71,57,58,68,51,63,58,56,51,47,8,11,14,10,7,1500000,298
Stefano Pettinari,Italy,185,80,31,68,67,26,38,63,65,64,13,48,67,55,61,53,73,78,71,72,79,82,87,59,64,69,57,57,52,60,59,6,6,11,10,14,85000,84
Iv√°n Gonz√°lez,Spain,181,73,33,53,48,62,62,81,60,50,68,41,71,58,56,53,66,83,76,70,68,59,81,53,62,36,52,57,32,39,51,10,12,6,5,6,37500,189
Chris F√ºhrich,Germany,181,70,25,76,78,55,59,58,68,70,43,72,62,67,74,68,83,79,49,82,83,85,66,54,69,68,65,68,50,61,58,12,6,7,12,6,4900000,645
K√©vin Cabral,France,183,75,24,64,67,37,45,33,54,70,39,57,53,52,61,55,84,66,58,58,85,76,52,52,60,56,53,53,46,57,49,13,10,12,12,12,85000,150
Will Blackmore,England,185,75,21,16,6,14,10,21,38,7,11,29,31,14,27,21,29,27,44,44,17,38,60,13,34,6,6,13,10,13,8,50,50,57,45,49,5000,462
Adil Aouchiche,France,181,72,21,74,73,52,57,47,69,68,50,73,72,67,74,70,69,64,63,68,68,74,65,54,70,62,65,71,67,55,48,8,8,9,14,7,2000000,222
Massimo Luongo,Australia,176,76,30,66,63,68,68,72,67,61,68,64,66,51,67,64,63,70,75,76,60,73,88,59,68,63,62,49,46,52,46,14,15,13,9,6,1000000,335
Michel Cruceiro,Brazil,185,82,31,71,62,65,72,74,66,56,74,56,73,69,74,69,58,86,78,46,61,59,52,65,81,53,75,66,71,74,53,9,10,9,13,9,2500000,259
Marvin Ekpiteta,England,193,84,28,56,49,71,72,68,67,36,69,44,68,39,59,52,68,68,85,49,70,44,67,69,40,25,23,35,31,36,28,7,7,10,8,6,1800000,90
ƒΩubom√≠r ≈†atka,Slovakia,188,78,27,66,40,66,70,65,69,27,68,46,58,42,67,63,62,62,76,55,63,64,82,67,45,23,22,28,29,36,33,12,13,12,9,9,1300000,372
Kacper Koz≈Çowski,Poland,182,68,19,73,74,62,63,66,66,57,56,68,77,51,67,61,78,70,65,85,69,80,76,59,62,59,56,65,41,40,54,10,8,14,8,6,1300000,655
Cayetano Funta,Chile,185,80,23,53,45,61,65,55,62,59,60,73,71,60,57,58,65,87,73,58,61,70,86,69,57,45,49,62,47,43,55,8,8,8,13,16,60000,638
Alexey Miranchuk,Russia,182,74,27,80,80,29,28,43,78,80,36,79,76,69,80,75,75,68,64,78,76,80,58,63,66,73,74,74,75,67,67,12,8,8,9,15,11500000,620
Tosin Adarabioyo,England,196,80,25,67,55,74,77,76,72,28,75,51,76,38,74,72,67,68,82,53,78,53,77,73,36,30,28,30,22,35,25,8,14,11,11,9,7500000,267
Josu√© Escartin,France,185,76,20,51,34,63,69,59,58,23,61,42,50,36,56,49,62,58,66,58,68,56,72,62,57,21,26,44,31,43,21,11,13,6,13,11,37500,592
Alexander Johansson,Sweden,189,79,27,62,64,48,54,57,58,65,48,58,60,56,60,53,70,68,70,62,72,68,58,55,60,63,51,54,44,50,45,5,14,5,6,11,45000,409
Josh Grant,England,183,78,24,58,54,57,60,66,55,51,54,52,54,47,60,58,60,59,75,61,53,52,83,58,55,47,47,48,32,51,34,6,8,9,10,12,25000,106
Juan Peinipil,Argentina,180,76,22,61,58,23,24,57,63,60,22,49,55,33,48,37,34,48,76,60,33,53,73,67,63,63,54,39,43,62,57,11,7,14,11,15,27500,58
Jes√∫s Pretell,Peru,173,72,24,66,61,63,60,64,59,54,59,56,70,57,70,69,67,80,57,83,69,70,63,65,66,37,59,59,62,59,48,8,6,15,7,13,72500,586
Julius Lindgren,Sweden,184,80,26,21,12,13,15,28,51,8,15,38,35,16,25,20,26,38,40,42,25,30,64,14,41,10,13,13,14,23,8,52,62,56,54,54,12000,324
Ander Capa,Spain,175,75,31,72,72,72,74,83,72,76,75,74,78,75,74,67,79,86,84,86,79,80,82,60,82,56,67,78,58,54,54,12,12,13,6,11,6500000,61
Ian Smeulers,Netherlands,174,70,23,60,63,57,57,64,58,56,57,52,52,58,59,59,74,74,65,78,75,73,58,56,58,44,40,45,39,42,35,8,9,7,14,6,52500,553
Ravil Tagir,Turkey,182,70,20,63,59,65,69,61,59,30,63,43,61,41,65,64,69,57,65,62,65,68,83,67,47,28,28,46,30,41,35,7,7,11,5,8,80000,349
Felipe,Brazil,170,69,32,70,68,59,65,73,60,60,60,68,68,65,70,69,55,70,70,77,44,67,40,38,70,60,67,73,68,66,65,14,8,9,9,12,72500,445
Andile Jali,South Africa,172,75,33,74,72,58,71,67,72,63,74,68,73,66,72,70,75,82,62,81,71,73,83,42,72,46,70,66,68,67,52,13,14,7,12,15,1200000,394
Odin Luraas Bj√∏rtuft,Norway,185,75,24,54,45,64,66,59,65,36,66,44,62,32,64,60,59,59,76,58,65,50,84,61,39,21,36,52,57,41,25,15,12,13,13,13,85000,249
Yannick Pandor,Comoros,192,79,22,19,6,11,15,26,54,9,12,28,24,10,22,14,19,23,51,41,22,26,57,16,41,6,7,14,10,11,8,57,61,58,54,58,20000,487
Christopher Lenz,Germany,181,81,28,71,67,70,75,65,69,49,73,55,71,71,73,66,68,70,70,72,76,69,69,59,55,35,45,70,65,45,31,10,13,11,11,9,4100000,265
Ibrahima Konat√©,France,194,95,24,69,67,79,85,80,75,37,82,51,74,38,75,69,68,65,87,54,85,60,75,79,45,29,31,32,27,41,28,9,9,7,9,15,26000000,384
Brandon Haunstrup,England,172,74,26,59,62,58,59,48,56,59,55,53,53,63,58,54,74,73,61,61,75,72,80,54,29,34,39,60,48,42,28,12,10,13,11,13,47500,121
Fran Beltr√°n,Spain,165,64,24,77,78,80,81,68,75,63,78,79,66,72,84,82,62,67,63,78,57,77,57,60,61,53,60,54,55,49,55,13,14,11,8,9,18000000,486
Luke Chambers,England,185,87,37,53,51,60,60,66,57,21,60,47,52,50,55,55,36,65,76,53,36,48,67,62,40,23,24,34,17,25,17,14,16,10,8,7,6000,148
Victor Jensen,Denmark,175,65,23,72,69,55,57,53,60,65,58,68,65,58,69,63,72,68,54,80,69,74,56,47,62,55,58,62,58,56,58,15,6,12,6,5,1000000,239
Louis D'Arrigo,Australia,176,71,21,62,56,58,60,56,60,52,62,59,58,53,64,63,69,72,62,75,73,76,58,54,49,45,43,55,54,45,40,15,5,10,12,9,47500,25
Djibril Thialaw Diop,Senegal,188,74,24,52,35,63,64,66,58,27,60,32,58,40,50,47,70,65,76,62,74,58,81,70,52,23,30,35,24,38,27,15,14,8,8,5,72500,650
Georgi Pashov,Bulgaria,184,74,33,52,56,59,60,52,56,42,59,40,48,60,61,50,79,71,68,68,81,69,57,53,51,44,42,45,47,42,50,8,9,11,6,10,40000,229
Davide Bettella,Italy,185,75,23,50,48,67,69,65,62,38,65,42,56,35,58,50,58,48,66,57,61,51,74,67,54,28,30,35,33,40,30,6,8,10,11,10,75000,450
Zanka,Denmark,191,85,33,60,46,70,75,84,67,43,70,62,67,47,65,62,48,60,83,59,55,59,72,71,62,34,30,35,26,27,40,14,16,9,9,13,1500000,101
Logan Ndenbe,Belgium,175,73,23,63,66,61,61,70,60,54,59,49,60,64,64,64,82,74,64,81,74,78,78,53,42,22,25,40,34,38,29,15,12,10,14,5,92500,587
Max O'Leary,Republic of Ireland,185,78,26,19,13,16,17,26,48,12,19,48,42,16,30,17,38,43,54,48,48,30,58,11,50,10,14,11,12,29,14,67,71,66,66,72,97500,105
Ibrahim Amadou,France,183,81,30,67,68,67,69,73,70,52,71,64,65,55,69,67,58,79,78,67,67,67,80,64,74,45,62,61,45,50,52,14,6,7,11,14,1600000,50
Remo Arnold,Switzerland,190,83,26,53,52,62,63,65,51,45,55,42,59,42,66,63,51,61,70,64,50,45,51,64,49,30,30,38,40,45,31,10,10,15,13,12,32500,243
Steffen Eder,Germany,188,78,26,57,22,64,67,51,54,21,49,23,47,42,52,39,66,69,64,59,64,36,80,63,33,15,22,21,31,38,24,10,14,7,9,9,24000,581
Sem Steijn,Netherlands,173,61,21,70,71,48,32,59,58,64,23,64,61,64,69,63,74,68,58,75,53,78,51,54,62,67,64,60,59,51,50,6,7,8,9,12,1100000,237
Jos√© Carrillo,Spain,185,75,28,44,44,57,57,58,56,33,57,40,50,21,55,30,51,53,63,39,57,37,67,55,30,15,16,23,27,35,28,9,14,11,13,15,15000,257
Alessio Cragno,Italy,184,78,29,21,13,12,11,33,75,15,19,42,59,15,31,25,41,43,55,43,37,37,74,12,54,12,17,11,12,31,13,76,79,78,72,79,10000000,413
Dani de Wit,Netherlands,183,76,25,74,68,71,73,91,79,82,68,76,76,61,78,75,66,94,83,68,61,58,85,83,79,76,72,55,52,66,67,14,14,8,7,11,6500000,18
Tom√°≈° Petr√°≈°ek,Czech Republic,199,99,31,65,37,67,69,64,53,24,63,29,68,31,49,42,54,61,95,58,71,50,82,75,70,42,37,31,24,40,25,5,6,11,11,14,1100000,495
Ibrahim Traor√©,Ivory Coast,186,80,34,77,75,68,72,78,73,72,72,73,83,68,74,73,58,75,83,75,66,64,76,71,67,63,67,61,56,61,65,10,8,11,13,14,2100000,575
Fernando Fonseca,Portugal,182,75,26,68,66,65,67,66,68,62,63,56,60,66,65,54,69,74,69,64,71,61,71,57,55,35,37,60,38,48,35,5,5,7,10,14,1200000,459
Maxwell Gyamfi,Germany,185,75,23,55,55,65,68,70,60,45,59,55,48,47,58,50,72,75,78,62,79,67,83,61,45,35,35,50,35,45,35,12,7,11,14,11,75000,647
Perceval Acu√±a,Chile,190,82,23,48,21,59,70,61,54,25,56,34,75,41,59,46,57,45,70,46,72,75,55,55,52,22,45,33,44,43,47,11,17,19,16,15,50000,639
Mario Dorgeles,Ivory Coast,177,67,19,63,59,40,42,41,50,53,42,48,48,52,60,59,72,58,35,78,73,71,64,39,52,45,40,39,34,35,34,8,6,14,10,11,11000,228
Ti√£o Couteira,Brazil,178,70,23,76,74,41,52,46,74,74,38,73,71,76,76,59,75,37,59,72,74,67,79,54,52,70,52,67,76,57,67,10,15,13,12,9,2800000,62
Valentin Jacob,France,171,67,29,68,63,38,49,32,48,62,42,65,47,61,70,64,81,71,40,85,73,76,53,34,70,59,68,64,71,62,67,8,8,14,9,11,72500,178
B√©nie Traore,Ivory Coast,172,64,20,63,65,29,40,39,44,65,22,62,59,49,58,38,83,64,49,80,83,85,62,25,51,58,48,35,34,49,37,10,10,12,7,9,52500,74
Adam S√∏rensen,Denmark,165,60,22,64,63,55,56,52,62,61,55,57,59,61,64,58,90,80,47,85,91,79,61,39,53,41,35,59,46,30,51,9,14,11,9,12,77500,249
Ilija Vukotiƒá,Montenegro,191,78,24,70,67,64,65,70,66,63,61,61,66,63,68,68,59,68,74,52,65,55,54,68,66,53,60,72,64,66,47,14,13,5,7,8,97500,91
Omenuke Mfulu,DR Congo,182,76,29,64,63,64,65,66,66,65,73,65,64,47,66,64,68,75,81,69,70,68,72,61,62,50,56,44,45,49,40,12,15,6,12,12,1100000,630
Burak Yƒ±lmaz,Turkey,188,77,38,71,69,26,29,82,75,79,33,69,79,64,70,58,73,55,81,42,73,67,67,72,88,79,77,73,80,84,75,8,14,15,11,12,2600000,264
Delgado,Spain,181,76,33,54,43,66,65,63,64,41,69,51,59,37,59,58,52,74,71,54,57,64,78,63,51,25,39,46,47,42,50,14,11,15,15,6,47500,443
Oussama El Azzouzi,Netherlands,189,75,22,72,66,62,59,58,63,35,59,48,49,52,70,59,55,70,65,52,60,57,56,62,52,38,40,41,40,53,38,9,6,7,8,8,62500,481
Esey Gebreyesus,Switzerland,187,71,19,58,71,28,23,27,57,42,23,56,47,55,52,44,69,52,51,49,71,62,42,48,56,63,49,50,44,55,49,14,13,11,6,13,23000,440
Tony Alfaro,Mexico,188,86,30,56,47,62,64,69,60,20,60,35,55,28,59,59,54,52,82,57,60,52,57,59,39,20,18,24,25,39,23,12,15,6,7,8,50000,425
Jorge Mer√©,Spain,182,78,26,68,59,71,73,73,68,25,74,45,63,30,70,65,62,68,74,72,76,66,81,71,48,40,27,34,33,51,33,8,15,12,11,8,2300000,163
Batuhan ≈ûen,Turkey,192,81,24,15,8,14,13,17,56,6,8,26,47,11,24,15,20,24,60,21,31,37,32,12,47,7,6,13,11,18,8,63,66,62,63,67,50000,353
Ismael Cortez,Argentina,185,75,23,56,60,69,69,57,58,46,59,35,46,66,43,46,72,68,65,61,68,57,63,58,36,26,35,45,37,47,34,14,13,14,5,10,77500,515
Barbu,Spain,189,74,22,52,30,60,65,60,55,26,64,39,54,36,58,45,48,48,73,53,50,43,48,66,42,24,23,32,37,45,28,6,13,12,9,14,40000,114
Thomas Delaney,Denmark,182,79,31,75,71,82,80,85,77,75,82,72,78,68,77,79,73,84,77,72,71,72,91,82,78,68,73,71,68,60,67,14,8,12,11,15,17500000,613
Calem Nieuwenhof,Australia,181,73,22,61,63,63,63,62,60,52,57,57,61,45,65,64,75,80,56,79,72,77,64,45,60,42,63,51,47,42,40,13,11,13,12,11,50000,659
Sammy Robinson,England,185,76,21,58,56,57,60,41,55,33,53,39,60,50,56,51,71,64,72,57,73,61,76,52,47,24,33,49,32,38,31,10,11,7,10,10,25000,471
Mohammed Al Qahtani,Saudi Arabia,168,61,21,52,60,32,34,30,44,47,15,46,41,47,46,46,69,51,46,85,66,73,45,36,53,37,36,39,36,48,45,10,14,15,14,9,6000,32
An Byong Jun,Korea DPR,183,75,33,67,61,15,24,48,62,69,16,46,64,44,58,45,68,72,74,61,64,65,71,73,70,71,59,54,51,67,61,15,6,11,7,12,82500,606
Luke Southwood,Northern Ireland,185,72,25,32,21,16,11,45,63,4,15,62,52,11,48,51,54,32,40,60,58,68,65,16,52,9,7,11,10,12,7,64,68,60,69,70,72500,139
CƒÉtƒÉlin CƒÉbuz,Romania,184,79,27,15,10,14,14,22,66,6,7,53,21,13,26,29,36,32,73,39,33,45,61,14,47,7,9,14,10,18,7,65,68,62,62,72,80000,10
Hugo Sendiero,Bolivia,176,70,23,61,65,62,63,74,63,45,61,44,60,61,56,43,68,65,65,69,67,65,71,61,51,39,37,43,36,44,33,12,12,9,9,8,62500,521
Henry Lawrence,England,176,71,21,57,58,57,59,58,56,56,56,53,56,58,56,45,72,68,59,66,75,76,65,54,46,44,41,44,41,49,40,11,10,11,13,13,40000,389
Sten Michael Grytebust,Norway,187,82,33,32,20,16,16,35,62,11,18,56,56,15,36,39,46,34,56,45,47,52,68,12,50,12,12,13,14,25,14,67,67,68,66,70,60000,20
Bahadƒ±r G√ºng√∂rd√º,Turkey,190,84,27,18,10,10,13,22,58,4,10,35,39,10,24,22,24,23,66,29,28,25,45,11,47,5,7,14,12,17,5,65,68,64,63,64,57500,390
Lucas Akins,Grenada,185,79,34,56,61,50,53,72,59,59,53,54,58,61,60,56,71,80,84,69,66,68,76,57,68,57,58,57,54,66,54,6,11,12,12,11,21000,397
Andrea Poli,Italy,182,77,33,76,72,68,68,72,70,70,68,70,72,68,74,72,51,61,63,70,61,64,66,63,72,56,68,72,68,68,69,5,5,5,5,5,1200000,410
Mart√≠n,Spain,178,69,27,72,66,69,70,65,69,62,68,51,61,76,69,50,67,69,61,65,59,68,56,68,47,28,35,60,40,38,26,7,13,9,9,9,1900000,217
Matt Butcher,England,188,83,26,65,63,60,61,66,62,62,61,65,62,58,65,64,62,85,76,50,54,58,65,59,65,62,63,55,60,54,49,7,15,6,7,12,77500,468
Ali Musrati,Libya,189,83,27,76,71,77,81,79,76,60,82,72,81,60,78,79,59,82,87,45,64,56,64,65,74,56,64,43,41,48,55,8,15,6,8,8,20500000,524
Maurides,Brazil,189,86,29,65,63,30,29,75,59,66,23,56,64,27,66,58,50,62,85,54,50,59,64,69,72,65,66,37,51,63,65,14,13,10,10,12,72500,236
Luke McNally,Republic of Ireland,193,86,23,61,59,66,67,64,62,24,67,37,51,36,59,58,55,64,81,38,47,40,70,67,39,37,23,38,31,43,44,10,13,10,5,15,1100000,156
Valentin Cre»õu,Romania,176,71,34,54,53,65,66,85,63,57,62,50,54,44,60,38,81,84,70,77,84,77,62,49,50,26,20,45,42,37,15,7,13,13,15,10,45000,245
Joffrey Cuffaut,France,180,74,35,62,55,71,72,71,70,62,67,52,69,68,67,61,69,90,76,73,66,76,90,70,69,52,64,55,76,71,30,16,9,7,10,7,52500,641
Owen Wijndal,Netherlands,176,65,23,80,75,74,76,78,78,72,74,77,75,77,80,74,83,78,68,80,82,78,56,60,65,48,49,76,44,42,61,9,8,12,6,13,15000000,26
Matteo Politano,Italy,171,67,30,84,83,29,29,63,81,76,38,77,79,80,79,76,84,77,41,88,82,89,50,40,78,76,82,79,77,70,75,8,11,12,6,11,26000000,422
Nayef Aguerd,Morocco,190,76,27,75,58,78,83,77,80,52,81,60,73,48,76,72,65,70,76,56,79,58,89,81,69,40,54,55,41,48,41,14,7,15,9,6,20000000,668
Farley,Brazil,177,65,29,71,73,22,21,36,61,62,20,62,59,67,67,63,80,59,56,71,90,73,47,41,64,67,62,66,67,52,60,7,14,6,8,8,1600000,618
Shkodran Mustafi,Germany,184,83,31,63,53,68,72,81,67,49,74,55,62,53,69,66,50,55,80,66,55,63,78,74,66,58,52,55,47,54,51,10,11,9,15,6,1900000,377
Julius Dirksen,Netherlands,185,75,20,56,57,63,68,52,55,24,57,30,47,37,61,60,63,54,62,58,54,43,72,59,48,26,23,31,32,45,27,7,13,13,8,8,30000,215
Mat√≠as Esquivel,Argentina,167,64,24,72,74,57,63,57,59,65,46,69,71,64,72,71,85,69,61,83,83,80,56,42,73,59,79,84,71,62,57,5,15,14,12,8,1400000,369
Benedikt Pichler,Austria,184,87,26,67,66,36,39,32,61,66,17,60,52,64,65,62,72,75,80,56,84,59,79,71,70,68,65,59,54,64,53,11,10,12,9,13,1400000,315
Juli√°n Navas,Argentina,182,76,29,60,63,61,63,57,65,64,64,62,58,60,59,55,73,74,64,69,69,70,58,50,57,49,51,35,39,41,32,10,13,11,14,8,77500,131
Williams Tortolero,Venezuela,180,75,20,15,8,15,16,26,58,8,13,26,33,13,25,27,20,24,55,45,22,27,58,11,44,7,7,12,13,18,9,55,56,56,58,63,18000,173
Alexander Fransson,Sweden,183,82,29,71,68,62,64,70,72,66,70,69,73,62,68,68,66,79,71,78,67,76,71,60,70,60,69,64,58,47,62,10,10,7,11,11,1400000,8
Johan Rojas,Colombia,176,67,20,62,66,50,53,55,61,63,50,64,55,51,63,59,62,63,57,70,66,65,70,55,55,59,58,55,60,55,45,7,8,6,7,5,35000,367
Hampus N√§sstr√∂m,Sweden,190,85,28,56,40,55,60,58,56,43,57,42,56,38,60,57,52,68,82,56,51,44,58,61,56,28,32,38,42,42,38,10,7,14,10,14,23000,325
Sa√Ødou Sow,Guinea,184,75,21,63,59,70,71,66,68,42,70,49,68,43,64,59,62,48,77,57,64,51,76,71,49,38,40,52,27,44,28,6,10,5,10,9,1500000,16
Ignacio Laquintana,Uruguay,172,70,24,69,68,28,20,25,54,63,41,55,49,60,64,63,88,76,37,68,88,87,48,61,61,65,40,48,44,57,67,7,7,11,13,6,1400000,463
Joel Ideho,Netherlands,175,70,20,63,67,46,36,43,49,49,22,62,54,63,57,43,79,52,48,68,76,71,46,46,66,50,45,56,45,47,48,7,5,9,10,8,35000,58
Kieran Cruise,Republic of Ireland,176,75,19,50,50,53,55,52,53,46,50,41,43,41,41,35,68,57,49,41,62,53,61,42,29,31,25,31,28,35,26,11,13,11,7,11,9000,564
Fabian Holland,Germany,172,74,33,71,69,72,75,71,71,47,67,54,71,71,68,66,75,83,66,82,62,77,78,63,65,38,54,64,59,55,48,8,11,13,13,13,2200000,541
Alexander Milo≈°eviƒá,Sweden,191,82,31,57,53,70,72,75,68,51,71,56,67,43,69,65,50,72,82,53,53,58,56,71,70,45,56,43,39,57,46,8,10,11,12,10,1500000,13
Victor Lekhal,Algeria,187,72,29,64,58,65,64,66,64,55,66,61,65,46,70,68,78,81,80,58,73,80,92,62,68,47,48,45,35,64,27,15,9,16,9,8,1100000,305
Luca Pellegrini,Italy,178,72,24,77,76,73,75,75,70,68,68,47,69,77,75,65,82,67,54,70,74,71,58,61,65,46,60,63,39,49,57,6,6,9,11,5,6000000,370
Marco D'Alessandro,Italy,173,65,32,75,77,29,36,38,60,61,31,60,74,72,70,58,87,69,38,83,85,89,43,44,68,54,62,73,59,58,68,6,14,11,11,9,1600000,413
Benjamin Verbiƒç,Slovenia,179,72,29,75,77,35,40,71,72,74,36,68,70,57,72,66,83,65,67,78,79,78,71,65,72,71,69,63,63,64,65,6,15,11,13,12,3100000,452
Ethan Boyle,Republic of Ireland,180,78,26,54,54,55,56,72,55,45,53,40,48,53,53,48,70,73,76,55,75,66,84,58,55,22,40,47,23,24,27,10,6,13,7,14,25000,257
Jonathan Hogg,England,176,73,34,67,64,65,72,84,66,54,69,54,69,56,68,63,58,76,72,72,51,64,82,64,64,51,50,46,41,41,47,14,6,8,13,11,80000,317
Emmanuel Gigliotti,Argentina,187,81,36,75,65,24,35,71,68,79,35,68,70,51,66,46,53,74,87,53,46,61,75,76,78,74,70,57,51,63,73,13,11,9,14,6,1000000,421
Alaa Bakir,Germany,179,71,22,67,69,24,26,48,61,54,30,59,52,62,65,58,74,70,55,81,72,82,62,43,57,55,51,58,44,49,57,11,7,12,9,6,57500,391
Guillermo Balzi,Argentina,175,64,22,65,62,53,52,58,59,56,52,61,63,48,67,64,67,62,59,74,67,70,51,45,65,59,48,56,48,55,47,7,11,6,9,12,37500,428
Ismael Benegas,Paraguay,182,82,36,56,38,58,67,65,55,23,63,24,52,40,65,58,32,62,66,56,34,54,76,71,41,32,17,37,23,37,24,15,16,12,8,11,19000,147
Yehvann Diouf,France,184,74,23,21,13,16,11,26,54,6,15,41,46,13,35,30,45,44,62,38,44,35,65,14,54,8,8,12,13,11,7,73,76,71,72,75,2100000,595
Robin Krau√üe,Germany,179,74,29,61,54,70,67,86,65,52,66,64,65,58,66,64,68,90,71,72,68,72,90,59,57,34,37,57,60,46,40,11,9,6,13,13,1200000,99
Lucas Merolla,Argentina,193,85,28,60,44,72,76,75,74,17,73,45,56,29,65,69,45,75,90,37,49,34,50,73,36,23,24,26,24,26,21,15,14,9,8,12,2800000,320
Youssouf Assogba,Benin,173,70,22,53,40,55,60,54,54,45,51,39,40,53,55,50,77,64,60,82,72,63,64,49,37,26,32,29,33,34,26,9,10,11,8,13,23000,47
J√≥zef Burta,Poland,195,86,23,13,6,13,13,28,46,6,10,41,22,13,16,16,22,22,72,22,31,38,32,10,41,8,9,10,14,18,5,56,58,54,54,57,13000,688
Andr√© Moreira,Portugal,195,85,27,17,12,21,17,27,65,13,19,49,51,14,24,25,33,42,73,45,39,35,51,12,50,15,17,17,15,24,12,68,68,67,66,67,95000,286
Dennis Jastrzembski,Poland,177,73,23,67,67,22,40,45,58,57,13,54,55,62,66,58,83,60,64,77,93,75,70,60,57,59,58,64,58,63,55,15,5,9,8,7,1000000,688
Viktor Fischer,Denmark,181,79,29,72,75,25,35,64,68,69,31,72,67,74,71,68,69,55,62,73,69,76,57,44,66,66,66,71,70,62,67,14,13,14,6,15,1900000,13
Thomas Thiesson Kristensen,Denmark,198,85,21,61,58,62,65,65,61,28,64,45,68,30,64,60,71,68,81,65,69,45,79,67,30,24,24,26,29,30,26,13,13,5,14,8,85000,12
Chris Forino,England,191,83,23,46,41,62,64,68,59,20,62,34,49,31,50,41,68,62,85,53,61,53,76,63,34,19,24,25,21,38,28,5,5,8,8,13,75000,680
Mads Fenger,Denmark,185,81,32,58,46,63,65,70,67,41,64,44,66,44,63,62,50,74,81,50,53,48,82,64,67,32,51,59,64,45,34,6,6,13,10,14,70000,299
Javi D√≠az,Spain,182,75,26,24,25,14,11,23,60,16,17,44,32,13,28,27,58,30,47,45,57,63,68,12,49,15,19,20,23,25,8,63,67,61,65,68,57500,115
Hakeem Odoffin,England,191,81,25,61,58,63,64,66,61,58,63,57,60,54,62,59,66,70,75,41,75,64,56,58,56,43,49,41,36,45,34,8,13,12,5,11,60000,519
Maxime Sivis,France,173,73,25,63,65,61,67,64,52,58,59,56,53,66,61,58,69,62,69,64,75,61,68,60,57,59,56,54,48,52,61,7,8,14,13,13,62500,192
Lee Soo Bin,Korea Republic,180,70,23,67,66,53,59,53,63,60,61,66,57,33,68,68,59,65,59,72,53,59,64,48,47,47,53,50,40,37,33,11,11,12,13,15,50000,340
James Tilley,England,173,69,25,62,63,50,59,56,59,60,52,58,59,62,61,49,69,72,41,80,68,82,40,34,60,59,59,64,64,55,51,13,13,10,12,12,55000,158
Luca Bolay,Germany,176,73,21,52,51,54,56,47,51,52,48,40,39,59,52,43,69,50,39,79,68,73,52,39,36,37,38,45,30,38,32,5,11,12,12,14,13000,546
Fabio Lucioni,Italy,185,80,35,53,42,69,71,75,74,44,72,43,72,35,57,56,54,70,76,54,49,55,91,69,35,33,26,50,47,47,27,16,16,7,7,6,60000,266
David Ungar,Austria,188,78,23,60,54,59,62,63,60,43,58,62,58,50,66,62,61,58,76,51,62,56,59,65,51,29,30,38,38,40,31,8,8,13,14,6,40000,544
Grischa Pr√∂mel,Germany,184,81,28,76,74,72,76,79,78,73,76,70,75,61,76,74,65,93,76,66,66,67,75,77,77,71,71,55,51,51,65,10,8,14,7,6,8000000,613
Mike Frantz,Germany,182,82,36,65,66,62,65,81,75,61,67,68,73,68,68,61,55,60,70,70,52,64,59,51,71,55,61,69,59,57,58,15,15,12,7,8,27500,548
Kameron Ledwidge,Republic of Ireland,177,73,22,50,53,54,55,70,60,34,49,39,50,43,53,44,69,62,50,63,69,68,66,52,42,27,26,41,34,41,20,13,9,9,6,11,13000,570
James Perch,England,180,80,37,60,49,59,60,72,59,52,58,51,59,54,59,57,42,47,65,57,40,51,66,57,51,44,50,47,37,50,43,9,10,7,9,8,4500,397
Edu Borges,Portugal,188,79,21,40,32,66,65,48,55,44,60,33,50,33,38,36,55,68,66,60,55,58,70,61,43,22,26,32,35,38,33,10,13,9,8,13,24000,269
Oliver Arblaster,England,178,73,19,47,48,47,49,57,58,55,41,52,40,44,63,58,67,61,56,67,65,58,56,48,56,30,45,40,38,48,41,13,8,9,14,8,10000,568
Fabi√°n √Ångel,Colombia,180,78,22,60,70,65,70,39,65,59,71,70,58,39,65,63,65,60,45,70,69,72,55,55,46,61,65,47,59,65,39,6,11,12,7,10,82500,428
Dino Mikanoviƒá,Croatia,174,70,29,65,64,65,65,81,61,57,63,49,57,63,57,52,86,80,61,76,86,76,71,47,43,41,33,52,41,40,33,14,14,13,13,9,1300000,295
Ali Bina Demb√©l√©,France,185,80,19,55,57,58,58,55,57,51,54,44,50,59,51,48,68,62,65,56,69,63,55,52,52,38,41,45,42,47,33,6,11,7,10,13,23000,620
Quentin Maceiras,Switzerland,180,75,27,64,66,57,59,59,59,62,58,61,60,60,60,57,77,78,68,64,80,71,74,54,59,56,57,57,45,37,44,13,14,10,9,7,85000,75
Tim R√∂nning,Sweden,201,88,24,16,12,11,10,27,58,9,10,45,36,15,45,47,15,45,59,44,21,29,42,10,50,10,18,32,11,12,20,69,68,70,67,70,1200000,322
Marin Pongraƒçiƒá,Croatia,193,97,25,64,63,76,77,77,70,28,72,54,65,27,67,63,62,55,85,53,69,63,77,76,40,21,22,31,25,30,25,8,6,6,14,5,4200000,371
Elliot Thorpe,Wales,178,70,22,59,53,49,52,68,60,59,49,61,46,52,60,55,68,54,45,59,63,51,59,50,53,46,50,54,48,56,45,11,5,14,10,13,19000,386
Drew Baker,England,185,75,20,46,39,55,57,52,52,22,50,31,47,34,55,48,63,60,62,59,66,57,68,53,33,14,22,37,25,33,18,6,13,8,7,14,10000,260
Raul Bucur,Romania,175,67,20,53,52,19,22,52,53,48,15,49,54,29,46,35,64,64,62,64,66,60,48,45,51,53,45,42,38,52,44,10,6,8,7,10,9000,229
Yegor Matsenko,Ukraine,188,81,21,48,36,54,54,57,52,27,55,35,39,27,57,56,54,54,70,51,55,40,68,59,44,37,42,29,36,39,33,8,14,7,14,13,14000,688
Nildo Reis√£o,Brazil,191,90,27,53,42,76,74,83,70,46,74,52,57,57,71,70,48,87,86,36,56,44,57,51,55,32,45,23,50,55,22,9,16,9,8,7,2900000,65
Aguado,Spain,175,71,27,77,73,64,71,45,71,68,66,74,74,69,78,75,76,90,53,76,74,77,59,53,59,75,73,72,52,55,68,6,12,12,8,11,6000000,482
Oskar Le≈õniak,Poland,176,65,18,56,60,39,31,43,48,37,26,49,45,43,48,47,53,42,41,72,68,54,54,36,52,39,42,44,40,49,44,12,5,5,14,5,4500,465
Ben Davies,Wales,181,76,30,77,70,80,81,81,83,60,80,64,76,71,78,75,68,73,70,69,67,64,78,73,65,58,52,72,48,54,48,7,11,7,6,14,12000000,588
Franck Yannick Kessi√©,Ivory Coast,183,88,26,84,78,78,84,84,81,74,84,76,84,66,83,75,77,93,86,77,79,70,72,68,84,73,78,61,54,88,60,12,9,11,12,10,41500000,207
Callum Wilson,England,180,66,31,79,77,27,40,74,81,84,40,70,80,61,72,62,78,69,79,72,81,73,70,78,78,84,68,63,45,83,71,10,10,15,8,6,20500000,427
Saviour Gama,India,165,59,26,49,52,48,50,53,49,39,48,40,38,47,47,42,75,78,44,87,69,73,52,35,40,42,48,44,35,25,38,13,10,10,10,12,11000,218
Antoine Griezmann,France,176,73,32,86,85,58,61,74,85,89,57,87,89,82,84,81,79,86,67,83,78,88,87,83,84,84,85,87,85,79,85,13,14,8,14,14,45500000,67
Juan Gabriel Rodr√≠guez,Argentina,185,81,29,70,59,71,71,74,69,44,68,53,72,42,73,65,67,71,77,59,69,61,78,73,56,32,35,45,35,48,33,7,13,14,12,8,2000000,615
Matt Ridley,England,196,85,23,34,22,54,56,48,42,32,52,23,45,19,34,26,47,59,78,34,52,33,52,52,38,17,18,27,22,34,22,13,7,11,8,14,10000,604
Jackson Longridge,Scotland,183,68,28,60,58,61,62,63,59,47,61,49,52,55,55,54,64,77,63,69,52,55,73,60,47,27,27,54,27,38,40,8,8,12,12,9,37500,385
K√©vin Rodrigues,Portugal,170,70,29,78,72,77,76,75,73,72,66,70,65,79,80,76,76,58,59,80,70,70,61,74,82,69,79,70,72,50,42,15,11,14,11,16,5000000,24
Andrzej Niewulis,Poland,187,77,34,62,59,63,67,71,61,45,65,53,53,40,65,62,64,71,91,61,53,61,80,64,64,36,29,38,29,27,27,11,15,14,6,12,57500,404
Raphael Obermair,Philippines,182,76,27,69,70,64,68,63,63,59,64,58,62,66,68,56,86,75,65,73,78,73,46,56,69,63,65,62,41,59,56,9,15,7,7,15,1500000,528
Krzysztof Kubica,Poland,192,88,23,66,64,61,63,59,64,59,64,58,58,41,62,63,54,80,84,46,64,54,76,74,70,52,66,45,48,44,39,10,10,8,7,11,90000,84
Frederik Brandhof,Denmark,182,80,27,69,64,61,63,75,62,63,60,65,70,64,69,64,72,86,75,83,76,77,70,61,62,58,61,62,49,48,51,9,8,13,7,10,95000,12
Bernard,Brazil,164,60,30,78,81,25,42,41,74,72,42,72,72,72,73,66,87,54,30,94,73,93,61,59,76,64,66,77,69,61,68,10,6,11,13,12,5500000,452
Nils Fr√∂ling,Sweden,180,80,23,64,68,16,37,81,65,65,37,61,62,59,61,43,74,77,77,82,68,76,81,46,77,66,70,35,46,73,62,14,5,11,15,14,85000,301
Gaston Hormaza,Paraguay,186,81,39,67,61,59,71,74,62,56,64,46,74,51,65,68,57,84,81,51,54,60,57,56,60,46,51,52,48,66,41,9,8,13,8,10,15000,284
Yoel,Spain,186,78,35,14,13,11,15,35,74,13,19,45,57,24,31,35,35,34,70,47,43,40,65,10,53,14,11,25,15,25,19,71,73,72,70,70,1000000,531
Anders Trondsen,Norway,183,78,28,67,65,63,65,70,63,64,68,67,66,63,69,67,75,76,69,73,74,80,56,52,80,60,70,71,68,60,52,7,9,14,7,15,1200000,323
Joan Sastre,Spain,174,75,26,70,68,70,71,58,64,49,67,44,62,68,67,55,75,70,64,60,79,60,57,62,39,40,37,62,40,61,36,15,10,13,15,9,1900000,448
Orlando Tapiano,Bolivia,181,75,31,62,66,43,32,55,71,63,37,65,60,43,63,57,65,59,63,63,65,72,58,58,71,58,63,49,45,62,55,11,7,11,7,9,47500,673
James Norris,England,178,73,20,42,54,65,67,51,51,60,53,42,42,60,55,53,69,59,52,58,68,56,55,50,36,30,36,46,36,43,31,7,10,9,12,14,24000,384
Florian Kleinhansl,Germany,180,72,23,69,71,55,63,49,71,45,56,64,52,64,60,51,78,72,56,80,72,81,73,44,40,35,41,72,45,48,45,8,9,14,13,12,62500,647
Will Collar,England,181,76,26,64,62,56,60,66,61,62,61,60,59,54,64,60,64,81,66,63,68,58,63,47,64,58,60,42,48,44,47,13,14,12,13,6,52500,599
Byron Leito√±ez,Ecuador,185,82,31,61,62,61,62,65,65,56,61,56,63,65,64,64,58,66,68,46,61,59,52,65,81,53,75,66,71,74,53,9,10,9,13,9,50000,418
Nathan Harriel,United States,180,79,22,55,54,61,66,69,60,38,61,35,46,61,58,56,77,75,74,60,78,61,70,60,38,29,28,40,30,38,29,8,11,9,6,14,92500,464
Franco Fag√∫ndez,Uruguay,187,82,23,71,72,20,22,33,61,71,30,60,63,63,73,66,74,66,70,66,72,68,62,69,73,76,75,73,55,63,66,11,12,10,6,13,1900000,421
Ryan Donk,Suriname,192,80,37,68,68,69,73,80,57,65,67,69,79,62,69,72,33,48,91,40,34,33,52,80,79,61,67,59,42,59,42,7,12,12,11,16,42500,355
L√©o Borges,Brazil,179,74,22,63,59,62,62,58,58,57,61,59,64,64,62,64,72,70,67,71,72,66,58,58,54,41,43,64,60,38,48,8,14,11,10,10,77500,469
Matt Baker,Wales,186,72,20,39,31,58,64,62,52,27,56,32,49,25,34,33,51,54,64,53,62,40,68,59,36,21,24,31,27,33,26,13,7,10,13,9,19000,429
Jake Taylor,England,178,77,24,62,62,55,57,54,56,56,54,63,57,55,64,63,74,56,60,77,68,75,64,46,62,58,60,54,49,53,41,10,14,11,7,15,37500,414
Antonio Cambrillo,Bolivia,176,73,35,70,71,19,20,43,72,73,20,64,73,42,65,56,68,64,67,69,67,78,82,70,68,72,69,79,60,74,70,10,9,12,8,9,77500,46
Rashaan Fernandes,Netherlands,170,68,25,63,65,20,21,44,61,59,17,59,52,62,60,42,83,48,57,73,81,83,65,30,64,57,60,72,61,50,61,6,10,11,7,6,55000,282
Florian Ay√©,France,184,80,26,67,66,19,17,59,63,64,19,57,62,36,65,52,82,75,76,61,86,73,75,62,69,69,61,55,48,65,66,10,10,8,15,7,1400000,102
Luciano Acosta,Argentina,161,59,29,80,85,33,47,69,72,77,44,73,77,64,74,71,87,76,40,92,73,88,54,53,71,62,70,72,62,54,67,12,13,9,6,10,7500000,213
Caye Quintana,Spain,180,74,29,68,64,31,33,63,64,67,27,61,56,37,64,54,71,51,59,71,74,73,74,63,63,66,59,38,53,68,59,8,15,11,7,11,72500,688
Vincenzo Millico,Italy,174,68,23,70,69,35,31,45,47,62,22,58,55,65,65,44,62,58,46,83,41,73,39,38,61,62,53,56,56,50,51,12,12,6,13,6,47500,120
Andre Shinyashiki,Brazil,175,68,26,67,73,31,35,48,60,65,30,60,62,54,61,50,76,73,62,70,77,78,70,54,64,66,60,48,36,60,44,11,13,9,9,15,95000,136
Charles Kabor√©,Burkina Faso,183,78,35,66,61,67,68,76,69,51,71,67,69,62,65,68,54,59,70,61,61,59,72,65,70,40,65,42,46,48,30,16,10,15,9,9,47500,430
Anthony Uzodimma,Nigeria,176,79,24,67,65,62,60,69,62,56,53,44,60,49,65,62,73,55,54,60,72,74,58,57,64,50,57,57,47,45,49,15,14,6,10,14,32500,356
Evan Caffrey,Republic of Ireland,182,72,20,57,58,48,53,54,55,54,55,60,58,45,57,54,62,65,62,70,65,68,55,48,56,53,56,55,53,51,45,14,7,8,15,8,16000,570
Mattias Svanberg,Sweden,185,77,24,79,77,61,66,65,73,64,71,77,73,68,78,75,74,76,68,67,79,76,63,32,73,64,77,66,63,57,53,8,7,6,13,12,6500000,648
Danny Ward,England,180,72,32,66,67,32,37,62,68,69,23,64,64,62,64,59,67,72,72,68,65,69,86,68,77,67,70,60,56,67,68,11,13,11,15,8,1000000,317
Lucas Dalsaro,Paraguay,187,85,31,61,62,66,66,67,61,52,66,63,67,61,65,67,65,66,67,55,65,51,61,62,73,56,72,81,77,67,45,7,11,15,8,7,60000,290
Yahia Fofana,France,194,89,23,12,7,14,11,25,65,4,10,30,22,11,15,24,40,26,77,29,43,35,58,14,49,5,6,11,10,11,6,66,70,66,65,70,1200000,50
Rowllin Borges,India,182,72,31,53,49,55,58,61,54,42,59,52,55,41,57,55,59,77,74,54,55,49,64,53,48,38,39,33,47,40,36,5,10,7,6,6,19000,417
Shandon Baptiste,Grenada,175,67,25,74,77,66,68,70,70,69,70,71,74,65,72,66,74,68,69,79,67,72,65,61,60,56,60,51,41,41,58,15,5,13,10,14,1800000,101
Brahian Palacios,Colombia,178,74,20,64,67,37,39,34,62,60,30,59,46,55,58,56,69,64,59,67,68,62,54,51,55,59,51,43,46,54,45,10,15,8,15,8,52500,63
Breno Bausa,Brazil,176,78,27,74,67,60,77,51,71,61,66,67,69,56,69,65,45,78,71,70,44,66,60,66,72,41,76,74,75,74,46,8,14,8,15,18,1500000,128
Arthur Lyska,Germany,188,87,23,14,8,12,9,18,39,7,10,33,34,13,23,21,38,41,66,58,49,44,73,10,44,7,5,8,12,10,5,60,63,60,59,62,22000,665
Song Long,China PR,180,72,34,61,58,56,54,56,54,52,55,40,56,54,63,61,72,71,72,68,63,58,81,65,35,40,30,41,42,44,32,7,9,6,9,14,23000,565
Lorcan Healy,Republic of Ireland,180,80,23,22,21,14,10,41,55,8,33,46,35,14,33,44,50,42,65,56,55,55,65,10,44,22,9,10,38,43,5,50,53,59,58,51,11000,627
Tomi Horvat,Slovenia,176,69,24,70,68,46,53,62,65,66,57,70,68,68,70,68,68,74,64,74,71,73,61,47,68,64,70,68,68,70,66,11,15,14,9,12,1600000,536
Vincenzo Fiorillo,Italy,190,79,33,19,14,10,10,11,66,10,16,48,62,8,28,25,36,31,61,35,42,55,71,9,46,15,6,9,4,22,7,66,70,64,61,70,60000,549
Calogero Rizzuto,Germany,170,72,31,65,67,65,64,75,65,61,58,58,59,68,62,58,81,81,67,87,70,82,76,40,58,44,37,64,48,63,54,15,14,11,6,7,1000000,548
Lehlogonolo Matlou,South Africa,182,74,25,70,66,56,45,52,71,53,46,61,62,61,65,69,76,66,72,60,75,72,73,52,54,57,53,62,52,62,59,14,10,6,11,6,82500,351
Ronaldo Damus,Haiti,180,75,23,63,60,20,17,37,56,58,15,44,54,35,52,35,75,70,69,59,77,67,66,55,57,63,54,38,29,57,46,9,11,10,14,9,40000,270
Steven Alzate,Colombia,180,75,24,73,76,61,66,64,72,65,67,72,74,65,75,67,69,73,68,81,68,78,57,45,60,61,59,61,54,55,50,7,9,6,6,6,2100000,597
George Dragomir,Romania,179,68,20,51,55,45,36,54,49,48,41,45,45,56,54,40,76,51,40,55,82,71,58,48,48,45,35,38,35,54,38,6,7,12,11,10,13000,211
Lucas Mantela,Brazil,183,77,23,23,17,17,18,20,76,11,18,70,48,13,29,18,35,44,85,55,34,36,70,14,64,15,19,16,21,15,19,77,79,87,85,81,27000000,100
Dijan Vukojeviƒá,Sweden,184,84,27,61,64,15,16,55,59,55,16,51,63,53,58,55,82,70,71,72,81,76,72,51,61,64,57,47,45,63,63,9,14,13,9,8,45000,170
Daniele Montevago,Italy,184,76,20,61,60,19,23,63,63,57,16,49,58,46,53,38,67,53,72,57,69,54,57,61,64,62,55,46,35,57,44,13,6,7,8,13,37500,551
Santiago Castro,Argentina,179,76,18,63,62,33,31,65,55,63,33,49,51,33,55,45,77,55,65,72,75,70,83,66,65,66,64,40,44,70,50,12,14,13,9,11,60000,657
Craig Cathcart,Northern Ireland,190,83,34,57,44,69,69,73,72,33,73,52,70,39,67,64,34,54,76,50,35,49,67,71,56,29,41,39,39,28,30,9,8,6,12,13,75000,664
Sphelele Mkhulise,South Africa,166,62,27,73,71,35,37,48,63,63,26,64,62,58,72,70,71,64,50,66,72,74,50,38,50,57,56,56,45,45,45,12,11,10,14,6,1300000,394
Leandro Paredes,Argentina,180,75,29,85,81,79,77,87,76,64,76,86,84,77,85,85,67,75,77,75,67,69,65,56,86,52,76,83,78,64,71,9,9,14,6,10,21000000,342
Barrenetxea,Spain,175,74,21,77,81,14,12,35,69,72,17,65,74,68,66,53,81,59,44,84,76,85,80,58,75,73,62,64,43,59,66,5,13,11,11,13,4800000,504
Jackson Travis,United States,172,68,19,56,62,50,49,51,43,45,49,38,40,47,40,36,72,57,43,75,68,72,66,39,33,31,24,33,28,31,31,7,9,12,9,8,9000,150
Sead Hak≈°abanoviƒá,Montenegro,173,74,24,75,75,27,29,37,69,69,28,73,72,68,69,63,76,69,61,81,76,80,78,37,67,65,72,69,65,66,59,11,14,6,7,15,2700000,129
Albin Ekdal,Sweden,186,82,34,76,72,64,70,79,70,70,72,75,75,70,78,76,49,77,70,58,34,55,63,62,72,60,69,74,70,68,66,5,5,5,5,5,3300000,368
Ben Heneghan,England,191,79,29,45,37,64,65,65,62,28,62,35,50,20,56,52,34,72,82,36,51,43,69,66,48,14,25,19,26,24,11,16,11,12,10,10,62500,569
S√©kou Mara,France,183,80,21,68,69,19,23,49,64,69,22,54,68,40,65,46,74,65,73,58,75,67,82,74,68,69,62,48,41,64,67,12,12,6,12,10,1500000,579
Mamady Bangr√©,Burkina Faso,171,65,22,62,66,49,46,55,56,60,51,57,50,60,64,57,65,56,38,80,64,65,61,48,56,45,42,48,66,53,40,11,6,7,15,6,37500,477
Conor Keeley,Republic of Ireland,196,89,25,34,35,55,58,58,43,29,46,26,35,30,40,36,43,61,74,34,45,39,67,65,51,37,38,32,31,39,21,6,13,13,8,7,13000,182
Omar Labrador,Venezuela,170,70,31,57,48,62,64,62,47,54,55,20,52,60,54,41,69,62,30,67,68,65,62,55,39,31,25,49,26,27,22,10,6,13,11,9,27500,193
Kevin Bukusu,Angola,184,77,22,47,41,61,63,62,56,23,61,30,62,32,51,40,67,62,82,47,64,50,65,63,47,20,21,30,31,40,28,6,6,13,14,7,40000,675
Dennis Smarsch,Germany,195,97,24,14,11,11,12,29,47,7,11,27,24,12,18,20,31,27,74,27,32,32,33,12,50,9,9,12,8,15,6,62,64,64,66,64,40000,236
Luca Magnino,Italy,185,82,26,61,58,60,61,75,66,49,61,60,58,54,65,62,71,63,70,68,76,62,71,64,67,48,55,49,50,51,42,8,11,8,9,11,60000,410
Jaume,Spain,185,73,32,32,13,22,12,21,72,16,25,43,56,30,57,55,58,40,68,59,58,60,72,16,56,11,12,25,13,25,18,71,71,74,74,75,2200000,640
Tobias Berger,Austria,185,80,21,60,58,55,58,50,50,46,54,40,54,56,59,55,69,55,69,57,70,74,75,48,65,32,44,54,38,49,30,6,15,6,8,14,23000,522
R√∫nar M√°r Sigurj√≥nsson,Iceland,178,83,33,73,69,49,51,82,64,68,48,73,71,65,71,67,67,78,75,72,65,64,74,57,75,67,74,69,74,75,67,9,10,8,15,11,95000,242
Vagner,Cape Verde,168,67,27,64,64,27,34,55,61,66,24,62,64,59,62,57,81,55,54,77,78,80,79,49,67,65,64,59,69,61,62,9,10,9,15,11,65000,490
Gabri Veiga,Spain,184,77,21,73,70,46,48,46,58,54,42,65,68,55,70,68,73,65,65,68,67,76,57,52,73,69,68,58,54,50,45,6,13,14,13,9,1100000,486
Edgardo Codesto,Bolivia,177,75,31,64,68,33,35,62,67,68,40,66,70,64,67,63,75,63,70,76,73,70,64,64,74,67,71,79,75,73,69,15,12,12,13,13,1200000,46
Christopher Negele,Germany,171,70,18,62,62,37,38,41,53,54,35,56,54,59,58,57,67,64,46,72,67,73,74,53,56,60,59,58,55,56,53,6,9,12,15,6,22000,308
Sergi Cardona,Spain,186,76,24,64,61,70,73,65,57,46,74,55,54,66,63,57,80,80,58,68,73,64,64,60,60,40,29,46,34,44,35,15,6,11,11,7,2500000,630
Luciano Boggio,Uruguay,175,69,24,65,70,52,62,61,65,57,63,66,55,53,72,63,66,73,58,71,68,68,49,38,41,57,62,63,65,48,39,8,12,14,14,9,97500,369
Noah Kruth,Germany,186,78,20,10,8,11,13,21,40,4,13,35,36,13,25,29,25,26,43,32,30,21,40,13,48,8,8,12,12,12,5,63,65,64,64,63,32500,1
Fawaz Al Qarni,Saudi Arabia,183,90,31,17,13,13,14,24,64,16,18,21,46,11,29,39,42,31,52,52,46,50,60,14,46,16,12,20,14,23,13,65,67,61,61,69,57500,38
Markus Schubert,Germany,187,82,25,30,23,10,11,23,67,4,16,52,35,12,45,30,46,28,56,45,30,44,71,10,47,8,9,14,13,12,8,60,67,63,62,67,60000,655
Luca Schuler,Germany,192,86,24,63,63,30,33,55,62,59,31,51,58,29,57,34,84,62,75,52,86,54,69,68,67,68,61,48,38,57,62,10,7,10,15,13,1000000,1
Daryl Horgan,Republic of Ireland,170,70,31,64,65,20,26,40,59,60,16,62,61,65,63,59,83,75,55,90,82,90,81,51,62,57,59,69,67,59,54,12,7,13,15,7,57500,598
Luca Parraso,Uruguay,175,71,31,59,67,28,30,28,58,61,18,60,45,58,50,45,68,48,50,70,68,66,45,40,66,68,62,50,36,53,59,12,8,7,7,10,37500,662
Alberto Flores L√≥pez,Spain,186,80,19,13,10,12,11,28,58,6,10,35,30,12,28,21,33,26,61,35,25,27,55,13,46,5,8,10,12,11,6,60,62,63,61,58,24000,562
Matei Moraru,Romania,175,65,18,57,59,44,45,37,51,44,20,48,48,40,58,52,70,40,39,68,74,69,42,31,53,37,38,47,38,45,40,15,14,8,6,10,4500,238
Luciano Carteldo,Chile,180,75,27,68,50,57,57,68,58,41,58,50,58,75,66,65,75,72,61,57,49,56,59,68,60,45,67,45,75,68,42,14,15,18,11,11,57500,52
Andrej Djokanovic,Bosnia & Herzegovina,177,70,22,60,55,64,65,67,54,38,59,42,53,42,65,59,61,65,61,66,62,55,64,58,55,43,47,38,46,53,32,6,14,5,7,9,42500,390
Tobias Bech,Denmark,189,77,21,69,69,35,35,54,52,66,26,58,66,59,61,56,81,74,69,58,79,75,60,62,65,65,60,59,64,46,48,8,11,14,9,15,1100000,221
Albion Ademi,Albania,173,68,24,67,70,22,29,33,41,42,26,41,46,40,44,38,81,60,53,72,77,84,51,31,51,53,46,64,36,45,43,10,11,7,11,10,19000,325
Scott Wootton,England,188,78,31,56,50,64,68,63,55,43,63,50,48,45,58,54,48,69,83,55,56,53,76,65,48,22,20,23,18,37,32,15,15,8,12,12,57500,666
Marko Iliƒá,Serbia,191,81,25,14,15,14,12,29,67,7,13,45,47,11,17,24,38,32,71,28,39,36,63,11,44,9,7,13,14,19,8,67,74,67,59,73,1400000,346
Lukas Grgic,Austria,183,79,28,64,63,63,64,78,63,48,69,65,63,55,65,61,66,84,85,62,72,55,69,61,56,36,54,34,38,44,29,12,11,10,14,6,1200000,295
Tom McGill,England,185,80,23,19,12,12,12,27,43,7,13,30,34,14,16,21,20,23,46,49,17,29,57,10,44,5,9,13,10,10,8,57,58,56,59,59,14000,103
Fernando Zampedri,Argentina,184,84,35,72,73,22,19,78,67,79,15,56,69,50,64,52,66,52,90,53,69,67,80,79,80,80,73,45,53,78,70,10,5,8,9,15,3600000,634
Marc Cardona,Spain,183,70,28,73,71,12,17,58,71,74,24,65,66,57,70,51,80,80,65,60,78,75,69,71,70,70,67,60,52,75,67,6,8,13,11,8,2100000,630
Maximilian Ullmann,Austria,180,65,27,66,67,64,65,71,65,59,64,59,65,68,66,59,88,90,63,78,85,74,88,63,70,54,63,59,49,74,47,8,9,14,7,10,1900000,1
Colby Bishop,England,183,72,26,65,60,23,28,67,67,68,30,60,65,38,61,44,72,84,80,69,74,66,90,66,65,67,57,47,51,70,61,10,12,14,9,14,1100000,474
Emmanuel Boateng,Ghana,175,70,27,68,72,33,35,69,70,71,37,60,69,57,66,46,92,81,76,80,91,90,93,74,76,73,66,59,53,64,73,14,15,13,13,12,4700000,508
Marcel Franke,Germany,193,90,30,48,42,67,69,70,66,22,65,32,56,27,54,52,50,60,90,38,67,37,55,70,49,24,32,23,24,26,24,15,15,9,11,10,1000000,354
Milan Jevtoviƒá,Serbia,184,77,30,65,65,37,40,63,63,61,41,55,65,62,59,56,77,67,72,68,77,73,64,48,66,61,63,63,54,65,56,7,7,13,13,8,57500,441
Charalampos Lykogiannis,Greece,190,87,29,72,69,69,72,56,66,63,70,58,64,69,70,67,75,72,82,51,87,48,61,52,84,62,74,71,73,58,55,14,9,7,10,12,2100000,94
Gonzalo Mart√≠nez,Argentina,172,75,30,80,81,30,28,50,72,72,26,75,76,74,69,71,83,58,62,87,73,82,53,32,80,65,76,78,73,79,74,12,6,9,13,15,5500000,36
Rarmani Edmonds-Green,England,181,73,24,59,61,66,67,64,66,49,70,50,63,54,63,54,71,59,74,64,73,64,88,65,40,25,27,51,42,40,32,12,14,8,11,14,1200000,317
Tayfur Bing√∂l,Turkey,180,74,30,66,71,58,62,62,61,68,65,59,52,71,71,63,75,74,68,65,76,71,50,48,64,59,58,64,49,64,52,7,7,7,6,15,90000,87
Dario Van den Buijs,Belgium,188,74,27,62,53,65,65,59,64,29,66,44,61,69,63,66,58,63,72,59,62,54,72,66,73,46,57,68,67,70,55,7,10,11,13,7,80000,491
Pierre-Yves Hamel,France,189,76,29,67,64,24,20,32,69,72,24,57,64,57,64,51,57,64,70,68,44,53,87,77,72,70,64,42,46,68,57,13,11,14,13,13,1200000,453
Yannis Clementia,France,188,80,26,22,11,18,15,25,59,8,10,32,41,14,29,31,39,29,65,38,37,44,59,12,47,9,7,21,11,12,6,65,66,64,63,66,60000,538
Javi Hern√°ndez,Spain,182,75,25,65,64,67,69,64,67,61,67,58,67,66,68,64,66,75,73,65,65,69,73,63,69,38,63,66,44,42,36,6,14,6,9,12,1500000,281
Fran√ßois-Xavier Fumu Tamuzo,France,180,73,28,64,65,30,28,38,55,60,40,50,61,56,52,43,87,61,66,77,89,81,67,48,65,55,49,52,48,53,51,8,16,10,14,13,42500,593
Yavuz Buƒüra Boyar,Turkey,190,79,25,16,9,14,10,19,40,6,14,31,33,14,20,29,30,28,63,26,15,25,32,11,41,8,8,13,14,16,5,56,54,53,55,62,11000,304
Moataz Zemzemi,Tunisia,186,73,24,68,69,43,54,35,46,62,49,58,49,61,66,60,69,70,74,64,67,70,54,64,72,61,68,73,63,67,68,13,10,10,9,10,70000,430
Alexander Esswein,Germany,182,85,33,68,69,48,59,72,69,67,48,58,64,66,64,56,73,73,76,63,78,67,75,65,79,66,65,67,54,61,68,12,7,16,10,11,1100000,545
Gabriel Paredes,Argentina,178,70,19,58,59,58,59,59,59,57,57,55,58,62,57,58,72,63,62,64,76,71,58,56,59,52,51,59,46,49,43,8,9,13,11,9,45000,44
Daniel James,Wales,171,76,25,75,72,34,45,79,75,74,42,63,58,71,68,58,96,76,54,82,95,83,74,50,74,71,66,73,54,64,58,15,7,6,11,9,6500000,267
Iker Bravo,Spain,184,79,18,65,68,17,17,45,57,61,18,55,47,42,54,43,68,55,60,63,69,66,73,68,66,72,62,48,54,60,52,6,6,6,7,15,72500,502
Kevin Salazar,Colombia,171,66,27,70,72,37,32,41,55,62,25,66,60,65,64,62,73,72,40,86,71,72,70,34,54,49,57,53,56,62,50,10,6,13,7,6,77500,367
Max Rosenfelder,Germany,186,76,20,39,34,65,65,62,61,38,63,46,49,25,63,57,55,53,62,57,60,56,76,62,28,19,17,23,24,28,18,10,10,10,8,11,45000,527
Reto Ziegler,Switzerland,183,80,37,68,65,69,70,67,63,65,69,70,69,73,73,72,45,72,70,58,48,45,67,66,74,55,68,74,72,68,55,5,4,5,6,4,22000,234
Gabriel,Brazil,190,87,25,67,52,81,84,84,81,44,80,59,74,38,78,74,61,66,87,37,73,51,70,85,51,31,30,47,27,40,28,10,12,8,13,7,30500000,58
Milenko Fierro,Chile,181,80,39,49,51,64,66,63,62,30,60,40,64,57,55,60,53,55,64,50,55,51,67,65,51,41,56,48,45,45,54,8,14,16,9,7,7000,52
Bernardo,Brazil,186,76,28,68,67,71,72,70,70,62,68,58,69,63,66,56,69,74,73,69,74,68,81,65,72,38,68,58,60,43,53,14,15,12,13,12,2300000,485
Walid Ould-Chikh,Netherlands,179,65,23,63,66,52,51,61,56,50,58,60,56,59,65,61,74,62,58,72,67,75,59,49,62,54,55,51,39,42,49,8,5,13,10,11,37500,241
Timoth√©e Dieng,France,189,79,31,65,61,62,64,72,65,64,62,63,64,49,64,62,62,85,82,62,57,56,76,66,62,57,58,47,39,50,36,9,10,10,11,11,55000,277
Gianluigi Donnarumma,Italy,196,90,24,30,28,16,14,30,85,14,26,60,65,12,36,34,50,34,72,38,55,64,72,12,59,12,18,12,14,24,8,85,90,83,79,89,78000000,455
Enzo Chissano,Brazil,165,62,31,69,69,72,74,68,77,44,73,60,78,76,73,68,76,75,65,54,82,74,86,74,75,58,60,76,80,73,69,13,12,7,8,10,9000000,451
Lucas Lima,Brazil,178,72,31,73,70,70,70,66,67,71,70,66,65,75,71,68,70,78,71,72,74,73,77,41,72,42,69,76,74,56,61,16,11,10,12,11,2000000,82
Tom Edwards,England,175,76,24,63,61,63,63,81,63,53,63,58,60,64,63,62,78,76,75,66,75,63,84,60,55,43,44,54,50,46,34,6,10,14,13,7,1300000,600
Ivan ƒÜubeliƒá,Croatia,184,76,20,73,68,52,56,55,57,56,52,66,54,57,67,62,61,58,49,47,73,54,48,51,57,56,61,42,69,63,42,6,13,11,12,10,65000,295
Joshua Brillante,Australia,177,73,30,64,63,65,66,68,64,55,70,63,65,62,66,64,61,93,81,71,53,71,85,56,61,51,65,62,56,51,42,6,12,9,14,11,1200000,400
Abdulaziz Noor,Sudan,174,57,24,56,58,28,30,53,51,54,29,52,49,51,54,52,73,50,49,72,74,60,56,50,49,52,48,47,48,53,36,6,9,6,11,7,19000,41
Mica Pinto,Luxembourg,176,70,30,65,66,63,65,73,62,48,63,57,62,64,66,63,78,74,57,73,76,74,61,48,66,22,29,45,34,33,25,8,10,8,9,6,90000,583
Hayao Kawabe,Japan,178,70,27,71,69,64,68,61,66,70,68,67,60,65,65,66,77,81,69,67,82,72,64,52,68,67,68,66,56,48,50,15,5,10,14,8,1300000,286
Jordi Calavera,Spain,180,76,28,62,62,66,64,71,62,63,61,50,64,66,63,65,75,81,69,71,75,73,71,60,72,45,64,69,50,51,45,12,11,6,10,13,1200000,113
Dante Polvara,United States,195,81,23,57,56,45,54,61,58,54,54,56,42,36,64,62,65,65,67,65,54,55,64,45,54,48,47,35,37,41,36,6,11,6,9,15,19000,21
Nicol√°s Blandi,Argentina,181,76,33,59,62,27,30,49,60,67,43,45,64,55,62,56,54,34,70,53,50,55,64,67,68,65,59,55,54,70,62,15,13,10,15,15,40000,552
Jesus Ferreira,United States,175,64,22,78,71,41,55,57,80,77,31,76,73,68,73,69,76,86,58,88,87,84,78,68,77,76,71,68,47,67,65,13,13,12,12,6,6500000,214
Steve Birnbaum,United States,185,82,32,58,46,62,64,77,68,28,64,35,71,33,59,54,33,90,85,55,34,34,88,71,41,30,25,30,26,35,29,6,9,15,13,15,82500,165
Tom√°≈° Vacl√≠k,Czech Republic,188,85,34,20,14,18,18,29,78,15,23,67,61,15,28,45,42,38,72,56,37,47,72,19,55,14,16,17,16,13,13,82,78,75,73,83,7000000,317
Hugo Ekitike,France,189,70,21,76,78,16,17,61,76,78,18,63,73,51,68,53,74,68,72,67,74,68,74,73,76,80,69,58,48,63,61,10,8,8,7,12,8500000,455
Ali Al Jassim,Saudi Arabia,167,57,22,52,51,27,25,31,42,42,15,44,46,49,48,44,70,43,33,69,71,73,41,35,43,45,39,51,43,38,36,11,9,10,6,7,7000,30
Gustavo Bou,Argentina,175,72,33,75,75,23,28,51,74,77,38,72,75,68,69,63,74,69,75,76,75,73,81,70,87,74,79,65,70,71,69,16,6,6,15,7,4600000,424
Gustav Dahl,Denmark,181,75,27,62,59,56,59,49,61,54,57,55,61,60,61,52,65,55,64,71,70,66,72,50,56,32,32,52,35,28,38,8,15,15,7,8,32500,573
Sebastian Adelos,Paraguay,178,77,27,59,67,56,67,61,71,59,65,67,73,60,73,56,73,77,62,66,70,64,72,66,52,57,41,57,52,64,53,9,13,8,7,14,70000,290
Mads Engg√•rd,Denmark,179,67,19,63,61,57,58,55,57,58,56,56,61,45,65,58,65,53,45,70,63,72,56,38,54,42,39,51,45,42,44,12,11,14,7,5,21000,496
Nathan Bitumazala,France,178,68,20,65,62,60,64,68,56,41,62,49,53,51,65,60,65,34,54,70,63,62,54,54,53,39,36,52,41,45,38,11,7,14,14,11,24000,344
Jhon Mosquera,Colombia,185,72,33,76,77,56,55,85,74,75,52,67,74,75,73,64,77,68,77,51,78,73,75,78,73,69,72,62,68,58,56,14,9,9,6,12,4500000,652
Kim Jung Ho,Korea Republic,185,77,25,12,12,16,12,26,45,10,7,29,34,15,13,12,19,29,52,48,33,22,57,15,38,6,9,12,11,16,10,54,58,58,51,59,14000,272
Jordan Thompson,Northern Ireland,175,65,26,70,65,59,64,68,67,59,62,69,57,62,69,70,70,71,62,79,72,78,61,49,59,51,61,66,57,45,42,13,7,11,13,5,1100000,600
Niclas F√ºllkrug,Germany,188,83,30,78,75,18,35,78,79,83,24,69,76,65,72,55,61,63,84,58,61,59,77,84,84,82,77,72,69,83,73,13,15,9,10,9,17500000,547
Mohammed Al Qunayan,Saudi Arabia,172,65,24,62,59,50,53,56,54,52,52,56,48,38,61,60,71,57,49,80,72,56,61,49,48,37,43,33,33,40,33,7,6,12,11,12,19000,40
Noah Ohio,Netherlands,183,89,20,60,62,22,24,35,53,55,20,47,50,37,51,35,90,55,78,62,89,76,68,57,68,64,59,48,42,50,49,10,14,7,12,9,52500,597
Jon Nolan,England,180,72,31,61,59,57,59,66,57,53,55,59,60,53,61,60,56,59,53,75,63,78,69,46,60,54,62,64,52,51,59,4,5,4,14,9,22000,624
Oberdan,Brazil,175,69,28,68,65,58,63,55,67,68,65,66,62,55,72,65,66,73,53,72,62,60,61,38,75,61,73,49,49,56,40,7,10,10,11,11,1300000,470
Andreas Mihaiu,Romania,179,74,25,62,60,22,21,26,53,61,17,58,57,60,61,50,76,62,60,76,72,72,57,35,62,57,44,42,32,54,50,11,13,12,6,6,45000,10
Saku Yl√§tupa,Finland,170,67,24,66,69,25,30,36,58,59,26,62,64,62,62,50,82,71,58,82,77,78,78,36,57,61,50,64,57,45,56,14,8,8,14,11,70000,352
Denis Kolinger,Croatia,199,92,29,50,38,59,66,78,60,32,65,26,53,28,62,48,40,65,90,44,62,38,69,66,62,25,25,28,35,35,32,9,11,15,11,8,87500,117
Shi Liang,China PR,178,73,34,57,55,52,53,62,59,54,59,54,58,45,53,50,61,70,62,71,55,67,68,55,52,48,56,49,48,44,53,14,9,10,13,15,8000,399
Sergio Barreto,Argentina,183,77,24,58,40,72,71,85,72,35,70,36,55,34,62,55,74,74,82,52,77,66,85,75,47,21,28,31,28,44,28,8,14,9,14,14,4200000,330
Benedikt Saller,Germany,178,72,30,64,64,64,67,64,66,57,64,63,62,67,69,65,75,70,65,74,71,76,70,63,63,47,55,52,40,46,48,10,14,14,7,11,1100000,337
Botelhinonsa,Brazil,183,76,23,62,52,63,71,76,58,48,66,52,61,62,65,53,65,73,71,59,59,50,67,62,71,41,56,54,54,62,47,9,11,8,19,17,1100000,62
Italo Herreras,Paraguay,178,75,31,65,72,55,55,75,63,40,61,57,68,62,66,74,71,58,62,70,73,80,73,67,54,48,58,80,65,55,58,12,10,8,9,13,42500,577
Callum Hudson-Odoi,England,182,76,22,81,82,45,51,51,70,72,44,74,72,77,76,69,86,66,58,78,76,84,64,53,67,71,66,76,71,55,59,15,14,13,11,5,12500000,378
Pedro Chirivella,Spain,178,66,26,78,70,70,71,73,78,55,74,73,73,63,78,82,58,79,64,64,60,72,48,58,68,46,57,62,48,51,54,8,13,14,12,14,7500000,227
Will Mannion,England,186,74,25,19,14,11,11,17,53,9,14,22,30,13,21,22,36,18,44,54,39,32,52,12,41,13,11,13,11,22,13,58,58,56,55,57,17000,121
Alejandro Aranda,Argentina,177,77,28,55,59,22,20,29,59,57,19,47,51,37,45,34,60,54,62,66,61,57,69,71,66,70,61,48,41,67,56,14,6,12,13,8,42500,44
Jo√£o Paulo,Brazil,171,71,32,77,74,67,71,72,71,71,64,77,75,74,81,78,74,77,69,78,71,77,43,54,78,66,71,68,67,57,67,14,15,8,16,9,4600000,578
Filip Stankoviƒá,Serbia,187,72,21,12,9,11,11,24,56,6,11,21,30,11,15,25,18,24,48,37,18,32,43,10,49,6,8,11,11,19,6,65,68,66,65,69,85000,241
Christopher Operi,Ivory Coast,183,78,26,67,65,65,64,63,62,59,54,63,62,64,61,55,72,75,68,63,80,66,56,58,66,41,58,61,60,60,51,14,12,11,9,15,1000000,305
Dominik Furman,Poland,181,72,31,67,63,62,66,86,66,62,64,68,70,67,70,68,66,74,68,71,66,67,73,60,70,62,68,70,70,63,46,11,6,16,10,7,1000000,674
Albie Morgan,England,181,68,23,65,63,54,59,56,62,60,57,64,58,64,66,65,70,73,53,57,71,72,56,41,61,56,59,67,58,54,43,11,7,11,9,8,67500,137
Ricky van Wolfswinkel,Netherlands,185,72,34,70,69,26,38,61,74,76,48,69,73,66,71,64,64,66,75,65,69,61,73,69,74,75,67,69,59,75,69,11,8,12,13,10,1500000,237
Joel Tabiner,England,178,66,19,56,58,47,51,54,53,46,44,57,53,48,59,55,70,52,51,73,70,77,59,40,48,50,54,50,45,45,48,9,6,7,5,6,13000,160
David Mart√≠nez,Paraguay,182,76,25,67,64,73,75,80,71,51,75,72,75,58,72,74,75,75,80,68,81,67,82,71,80,43,54,73,64,52,46,7,8,14,11,7,4200000,509
Moi G√≥mez,Spain,176,73,29,80,78,41,52,52,76,77,54,79,75,79,80,83,72,78,56,73,63,75,64,54,73,76,75,82,59,59,65,7,12,7,16,7,14000000,111
Fin Stevens,Wales,173,73,20,62,61,52,57,64,56,57,57,54,62,64,60,59,65,66,63,74,62,65,65,44,50,43,42,53,38,33,31,11,10,11,6,14,40000,101
Sekou Camara,Guinea,183,70,26,60,61,30,33,70,59,65,38,40,58,45,56,44,81,75,68,70,85,75,90,63,59,62,46,33,31,59,47,5,11,9,6,12,55000,211
Anthony Schmid,Austria,183,75,24,65,67,11,13,31,64,66,10,47,51,32,59,38,68,76,73,63,67,71,72,66,62,66,62,33,52,66,44,14,9,5,14,13,82500,522
Elye Wahi,France,184,74,20,76,77,23,29,57,74,77,28,66,72,61,70,57,84,70,69,71,81,79,76,64,76,78,74,63,58,64,73,12,13,7,5,14,6000000,412
Ismail Jakobs,Senegal,184,75,24,72,75,67,67,65,68,64,66,56,66,68,68,49,86,77,66,67,84,72,49,56,65,64,44,54,30,55,41,7,15,8,10,11,2500000,15
Jaouen Hadjam,France,184,83,20,64,67,58,60,65,58,58,58,60,63,60,62,48,76,75,74,64,78,68,68,52,55,47,49,58,45,43,44,13,6,13,8,6,57500,227
Ronnie Andrero,Bolivia,182,84,31,59,51,63,65,67,63,50,62,64,68,38,59,56,76,64,74,67,68,71,85,60,61,44,46,55,40,49,52,9,7,7,7,12,47500,521
Bartol Franjiƒá,Croatia,186,77,23,70,63,64,67,78,69,50,76,65,64,55,64,73,76,81,76,60,79,58,70,70,64,42,57,39,56,58,39,8,7,14,13,11,2000000,648
Cristian Ansaldi,Argentina,181,76,36,75,68,74,72,72,70,70,66,70,74,74,77,69,62,65,60,70,66,68,69,60,72,57,66,73,47,52,68,8,15,15,11,8,77500,456
Cantero,Spain,184,75,23,71,74,25,24,48,66,68,25,62,62,67,71,60,84,76,67,75,90,77,64,62,74,64,63,45,48,59,64,15,12,14,14,9,1700000,377
Seol Young Woo,Korea Republic,180,72,24,63,62,59,67,61,70,62,60,56,56,68,65,59,76,82,67,65,81,80,59,40,56,40,54,54,49,34,43,7,8,6,13,8,1300000,633
Han Kyo Won,Korea Republic,182,73,33,65,68,51,48,70,63,71,55,65,70,61,61,56,82,64,63,71,80,71,71,62,65,67,66,66,57,67,61,7,7,11,15,12,95000,340
Andrey Galabinov,Bulgaria,192,88,34,65,62,11,15,52,67,73,12,52,68,50,63,50,32,68,90,34,33,39,66,68,71,73,70,62,74,64,64,11,9,5,7,14,65000,507
Adam Phillips,England,180,76,25,64,63,57,58,53,65,64,58,66,63,54,66,65,73,72,61,68,72,72,56,52,64,61,65,61,65,61,46,11,10,13,10,10,82500,79
Washington Mansila,Bolivia,180,71,35,65,63,22,23,57,66,67,34,65,65,61,62,55,73,61,69,56,78,62,55,72,68,69,64,62,63,64,64,16,8,14,12,12,57500,617
Matheus Rossetto,Brazil,180,75,27,70,73,55,51,47,63,58,39,59,69,52,75,73,69,68,58,64,75,71,52,46,68,57,66,56,53,60,50,6,7,10,7,11,92500,64
Pierre Patron,France,191,85,26,12,7,12,12,25,56,5,10,27,38,12,25,19,17,16,59,27,28,35,32,12,44,7,5,13,12,17,5,68,67,64,59,66,72500,580
Filippo Berra,Italy,184,80,28,62,58,65,66,56,57,38,60,35,62,62,62,53,62,70,70,66,63,52,70,51,23,27,17,51,32,39,22,10,12,11,9,8,57500,612
Williams Alarc√≥n,Chile,176,70,22,65,64,53,63,59,59,57,50,63,58,57,68,62,64,72,72,62,64,71,64,48,56,48,52,44,40,51,36,14,14,11,12,7,55000,629
Antonis Makatounakis,Greece,186,74,19,14,9,8,11,22,35,3,6,40,31,11,31,25,18,17,51,37,31,34,51,10,41,6,5,10,10,14,6,56,59,56,55,55,9000,541
Dominique Heintz,Germany,188,89,30,62,58,71,73,77,71,45,72,61,68,47,66,65,52,66,86,48,55,43,63,72,49,23,56,55,32,41,26,9,14,15,7,15,2000000,646
Kim Bo Sub,Korea Republic,183,73,25,61,69,45,45,61,51,67,43,61,52,54,57,52,84,83,67,66,82,80,63,53,66,61,63,51,43,55,45,9,12,9,5,14,82500,327
Samuel Adegbenro,Nigeria,178,75,27,73,74,23,44,64,65,72,26,66,71,61,62,55,91,77,75,91,90,91,90,69,69,70,68,61,63,60,62,7,15,6,15,12,2600000,83
Enrico Guarna,Italy,185,82,38,23,9,16,15,33,64,11,20,31,53,8,37,29,41,34,64,30,41,60,75,9,44,7,16,19,14,23,13,59,64,62,58,66,1500,59
Lucas Noubi,Belgium,180,81,18,58,55,57,59,59,51,16,54,44,48,37,60,55,69,59,80,61,69,62,68,52,33,15,23,34,20,34,20,11,8,8,11,14,19000,597
Leo Bolgado,Brazil,190,84,25,39,34,72,73,60,55,40,66,33,46,35,61,55,60,68,70,48,63,50,70,66,46,32,40,27,28,45,36,11,8,13,13,12,85000,127
Gabriel Kobylak,Poland,190,84,21,19,11,12,12,44,48,9,14,44,38,13,29,32,32,33,67,25,33,25,41,23,45,9,10,12,13,18,10,64,59,62,60,64,32500,494
Frederic Soelle Soelle,Belgium,188,79,17,61,53,33,28,58,53,46,26,43,47,38,59,51,66,58,63,58,65,69,67,62,52,59,46,29,36,56,43,13,14,7,11,8,15000,347
Mario Kr√∂pfl,Austria,182,72,33,64,65,34,36,48,58,61,54,63,58,65,62,55,67,71,65,61,67,65,61,46,68,60,64,67,69,68,43,15,6,15,15,15,47500,614
Agust√≠n √Ålvarez Mart√≠nez,Uruguay,177,75,22,73,64,30,33,50,70,73,31,61,68,48,69,59,72,69,74,74,69,70,80,75,73,73,69,68,54,71,78,14,15,7,10,10,2800000,558
Reece Burke,England,189,81,26,60,62,70,72,67,68,38,70,45,63,50,65,63,65,69,73,48,71,62,68,70,54,27,40,32,23,40,30,11,12,9,7,8,1500000,386
Maurice Cova,Venezuela,173,64,31,68,69,40,55,60,58,69,45,68,62,68,74,79,65,70,69,66,72,75,50,44,68,65,57,74,77,75,52,12,11,9,7,13,1200000,173
Gabriel Osho,England,185,70,25,65,53,65,68,63,62,39,64,29,59,58,64,58,69,68,77,63,71,60,67,68,42,24,21,34,24,46,34,15,9,6,14,6,1000000,386
Mart√≠ Vil√†,Spain,166,72,24,63,61,63,64,58,63,63,56,43,53,63,63,62,68,73,53,59,64,66,57,57,46,37,44,43,40,49,38,6,10,8,12,12,62500,203
Vildan Guerrero,Bolivia,188,84,27,62,58,66,66,63,63,40,64,36,70,56,65,60,49,61,68,53,60,51,51,68,60,30,42,62,49,42,49,13,12,12,12,11,55000,673
Uriel Ram√≠rez,Argentina,173,65,24,60,56,49,48,52,58,56,39,55,48,58,63,57,61,61,40,79,65,67,60,54,62,57,60,49,38,59,39,9,6,12,7,9,27500,44
Giacomo Raspadori,Italy,172,69,23,83,80,21,23,59,78,81,18,76,77,54,78,58,85,65,54,86,77,77,60,69,77,80,75,69,60,76,76,7,13,14,7,9,21000000,422
Denis Odoi,Ghana,178,75,35,72,73,71,69,85,68,64,71,67,77,65,74,69,75,79,66,72,72,78,85,68,70,48,64,59,59,49,49,12,16,8,11,6,1100000,146
Lassana Sy,France,182,75,20,14,11,11,13,23,47,5,13,32,37,12,26,24,17,20,43,43,22,21,56,12,40,8,8,11,10,13,7,51,55,56,53,59,9000,641
Maxime Barthelm√©,France,172,73,34,70,67,69,67,68,70,65,64,73,70,64,67,65,62,63,60,83,69,60,56,64,61,56,66,68,63,58,51,16,8,15,11,14,62500,192
Bas Van Den Eynden,Belgium,186,83,21,60,56,56,58,60,52,48,57,58,46,51,63,61,57,62,80,51,55,52,65,55,57,39,50,45,50,44,45,8,12,12,15,6,25000,347
Junior Diaz,France,193,78,20,50,41,67,69,63,38,21,53,36,40,42,58,51,67,43,52,51,63,62,48,48,42,22,29,34,38,31,32,6,13,9,7,13,15000,227
Ma Xingyu,China PR,181,73,33,58,60,59,64,63,59,58,62,64,53,38,58,56,64,71,65,62,54,59,64,47,54,39,42,33,39,40,31,8,9,13,7,10,18000,311
Michael Martin,Germany,180,72,23,64,64,54,58,59,58,56,65,60,62,41,67,60,64,63,59,67,69,73,60,52,54,53,47,40,41,42,38,6,5,7,7,13,37500,544
Zhong Jinbao,China PR,181,69,28,58,56,47,59,63,61,60,63,62,59,48,61,58,66,86,70,67,66,68,72,47,56,55,44,47,43,48,55,15,14,10,12,13,35000,311
Henri Saivet,Senegal,174,76,32,68,67,59,62,58,52,64,62,71,70,72,68,66,70,48,59,73,61,75,82,65,72,60,65,73,72,66,68,15,10,8,13,11,70000,458
Mikael Anderson,Iceland,180,69,25,70,69,58,64,70,66,66,64,68,70,63,67,65,79,83,68,83,79,82,65,56,68,63,63,63,58,50,62,13,14,14,6,12,1400000,12
Pol Valent√≠n,Spain,178,73,26,58,62,57,58,60,55,66,54,54,59,58,57,57,89,76,63,71,89,88,61,46,55,30,38,61,21,32,30,12,15,8,13,14,60000,480
Chris Stokes,England,184,83,32,52,50,61,62,72,56,44,61,53,58,56,55,50,34,51,73,49,50,58,62,63,56,22,48,42,38,36,30,15,10,14,13,9,27500,358
Sinclair Armstrong,Republic of Ireland,182,80,20,54,53,20,15,63,54,57,19,54,50,39,52,46,74,55,80,59,78,62,69,54,68,58,55,58,40,58,57,9,8,9,8,12,27500,476
DeJuan Jones,United States,180,75,26,66,69,65,69,68,63,64,63,63,59,68,68,68,80,76,76,71,84,85,86,69,65,56,49,62,40,55,47,8,8,10,14,12,1900000,424
Matko Miljevic,United States,175,76,22,72,72,45,50,63,64,64,43,64,71,63,69,58,63,52,50,81,64,69,45,54,62,64,55,41,57,65,55,6,13,8,6,10,1000000,116
Lucas Halangk,Germany,184,74,19,54,55,53,55,54,55,49,56,50,52,53,54,55,74,70,59,60,73,70,65,52,56,46,49,53,44,43,47,8,12,8,12,9,23000,296
David Tavares,Portugal,188,82,24,71,69,64,62,77,70,65,60,61,71,52,68,63,75,68,77,74,70,68,57,47,74,49,55,41,42,48,48,14,5,10,7,12,82500,217
Lazar Markoviƒá,Serbia,175,65,29,77,78,37,39,41,72,70,49,70,72,69,72,64,81,49,49,78,85,89,78,58,65,64,64,79,62,70,68,6,8,9,15,7,3100000,273
Miguel Trauco,Peru,175,62,31,74,75,71,72,79,67,70,68,69,74,73,72,72,73,82,68,74,68,70,71,50,72,46,64,75,64,49,56,10,12,10,12,8,2100000,534
Rico Benatelli,Germany,181,82,31,70,64,62,60,61,64,60,63,63,73,64,71,67,57,65,74,72,37,66,32,55,70,55,65,64,56,61,48,8,7,12,14,7,72500,71
Zhou Tong,China PR,171,66,33,58,62,53,49,53,54,49,51,59,51,64,57,53,76,65,39,66,82,77,34,42,60,49,52,52,46,59,48,11,13,11,10,15,25000,618
Daniel Aguirre,United States,175,64,24,58,55,49,52,57,53,51,45,59,52,39,64,61,68,61,47,79,61,63,58,41,52,34,41,44,40,43,36,13,9,7,14,6,19000,362
Abdulmalek Al Ayeri,Saudi Arabia,175,70,19,60,58,51,52,57,53,50,52,52,53,47,55,53,79,73,60,67,83,65,68,46,44,30,37,39,35,37,36,9,15,10,11,9,13000,39
Taha Ayari,Sweden,175,70,18,61,61,33,29,31,36,46,19,47,48,50,52,46,76,46,38,77,74,83,42,38,48,46,48,45,35,44,45,5,13,15,10,13,13000,13
John McAtee,England,180,75,24,60,61,34,31,37,59,65,40,65,63,60,62,59,80,65,55,71,78,78,64,50,63,60,60,56,40,59,63,11,14,12,5,14,57500,288
Zarek Valentin,Puerto Rico,183,77,32,65,60,62,64,65,60,52,64,57,61,61,60,66,65,68,69,65,67,62,66,60,46,38,46,54,29,37,43,10,10,14,14,9,62500,408
Ignacio Fern√°ndez,Argentina,182,67,33,81,80,67,73,77,81,81,70,84,85,77,82,77,74,82,70,71,75,80,56,65,77,77,80,83,78,73,73,10,7,8,14,12,16500000,509
Augusto Batalla,Argentina,185,87,27,18,13,17,18,26,70,17,23,28,34,17,25,22,43,31,68,43,42,37,58,16,50,14,15,13,17,23,13,68,70,67,66,71,1300000,552
Tom√°≈° Chor√Ω,Czech Republic,200,101,28,72,65,31,26,86,74,79,22,62,68,44,69,55,47,69,96,32,52,38,52,84,75,75,61,41,44,69,72,10,5,6,11,12,3300000,652
Dominik Greif,Slovakia,197,82,26,17,10,11,11,16,66,7,14,34,32,14,25,17,15,17,60,21,22,21,40,10,58,9,5,12,10,14,5,71,70,73,77,70,1900000,489
Adrien Truffert,France,176,70,21,74,75,76,77,67,71,71,72,66,68,77,72,70,74,79,65,75,77,71,71,59,63,52,51,66,53,54,54,6,6,6,6,8,7500000,594
Abdul-Aziz Yakubu,Ghana,187,79,24,68,67,15,12,40,71,75,19,60,61,43,61,45,84,69,81,63,86,72,74,69,69,76,64,51,45,72,62,15,11,8,15,10,2700000,508
Julian Rieckmann,Germany,186,80,23,55,53,62,65,61,63,27,65,41,58,50,64,61,55,60,72,64,53,60,79,65,41,35,35,45,25,36,26,7,12,6,10,6,50000,1
J√©r√¥me Roussillon,France,175,80,30,77,76,71,70,72,73,66,74,66,75,69,72,70,83,73,72,81,83,77,71,61,75,63,65,75,56,51,57,8,9,7,13,15,4900000,635
L√©o P√©trot,France,188,81,26,55,51,73,72,67,64,42,67,35,50,57,52,40,63,62,80,55,65,58,67,68,28,33,30,37,38,44,34,11,15,8,7,7,1300000,16
Charlie Cresswell,England,191,77,21,62,46,64,67,71,55,24,65,33,60,33,69,60,54,65,83,53,51,37,80,73,39,23,23,25,30,39,24,10,11,11,13,11,1100000,407
Ryder Matos,Brazil,182,70,30,73,72,26,28,54,60,67,24,58,68,60,68,52,75,71,64,76,74,77,88,59,68,63,62,64,60,57,62,7,12,7,7,11,1000000,461
Pol Lirola,Spain,183,70,26,73,69,71,72,70,72,63,67,65,68,76,73,66,75,75,66,71,71,68,64,63,65,60,66,69,61,57,58,9,12,12,5,13,4400000,190
Shane Ferguson,Northern Ireland,175,66,32,64,63,62,63,61,61,58,59,63,57,69,61,60,68,78,64,77,74,79,68,59,55,57,54,70,61,55,57,9,7,6,7,9,87500,519
Reda Benchaa,Algeria,188,78,21,51,42,49,58,48,46,27,56,26,56,29,57,50,58,57,76,54,68,48,70,59,40,26,28,24,28,38,25,7,9,11,13,13,20000,178
Eric Mathoho,South Africa,190,76,33,56,46,69,73,66,61,39,61,46,67,34,59,57,57,70,77,40,66,41,77,75,36,42,22,25,22,42,31,10,13,12,6,10,77500,351
Ali Alipour,Iran,181,74,27,63,62,13,17,45,70,72,17,54,68,42,64,52,78,72,68,64,77,73,80,70,71,71,63,51,48,63,69,6,11,14,11,14,1500000,276
Sonny Kittel,Germany,179,76,30,74,74,20,24,39,67,66,37,73,64,74,72,71,78,71,53,82,74,85,34,43,74,68,73,74,75,62,64,16,11,14,7,14,2300000,298
Marcus Coco,France,184,78,27,69,68,49,62,49,69,71,54,66,67,72,74,64,79,50,65,68,81,81,62,59,72,64,66,59,46,59,68,7,12,6,15,7,2000000,227
Du≈°an Kuciak,Slovakia,194,87,38,24,11,11,11,34,60,13,21,44,59,11,21,14,41,36,70,44,32,39,70,11,44,11,11,11,11,13,11,71,69,65,59,71,3500,373
Jairo Mairdela,Peru,175,71,31,66,58,57,63,62,63,56,68,66,54,44,63,58,75,55,61,74,73,72,65,47,59,52,52,62,58,57,46,9,7,13,16,10,50000,584
Charlie Taylor,England,185,70,29,71,73,74,74,78,72,59,73,65,74,72,71,68,67,76,78,66,68,67,76,71,63,46,59,69,61,45,43,13,13,6,14,8,3800000,109
≈Åukasz Sekulski,Poland,187,78,32,65,64,23,18,65,64,68,19,45,64,31,56,33,69,75,75,53,68,69,72,69,62,68,55,34,34,68,64,7,8,14,14,12,72500,674
Lasso Coulibaly,Ghana,176,70,20,66,68,47,36,63,56,62,21,57,65,49,61,56,90,54,60,82,90,83,57,44,56,55,40,49,37,49,39,9,8,15,9,7,65000,228
Kobbie Mainoo,England,175,80,18,60,62,56,59,65,59,58,56,61,63,46,62,60,77,63,68,82,75,76,72,61,64,55,48,52,41,51,52,5,14,11,10,9,27500,396
Iba√±ez,Brazil,185,73,24,75,45,87,83,83,85,32,86,34,74,34,63,40,85,83,77,62,82,69,69,79,45,27,25,32,35,46,29,6,12,7,10,12,26000000,512
Michael Baidoo,Ghana,174,70,24,63,62,50,49,55,59,61,48,61,47,47,62,58,82,61,58,82,80,84,71,49,57,57,50,43,40,55,38,12,7,8,9,15,55000,322
Ibrahim Salah,Morocco,185,75,22,71,71,23,28,61,56,60,27,53,59,52,61,43,67,66,71,57,71,69,65,55,64,64,52,46,45,56,51,15,8,11,6,7,55000,594
Alex Greive,New Zealand,178,73,24,65,64,11,14,40,60,60,10,54,57,40,60,39,77,69,58,70,81,67,67,60,60,66,60,46,39,59,54,14,12,8,13,9,55000,590
Dani Fern√°ndez,Spain,178,70,26,64,61,64,62,57,64,53,66,38,54,62,62,52,66,63,58,66,63,56,56,59,32,31,35,43,38,44,38,11,8,9,9,12,72500,479
Leon Deichmann,Germany,186,83,26,60,44,58,64,58,61,20,58,27,59,25,58,52,64,70,80,56,66,57,80,64,40,18,24,28,28,32,29,6,8,8,11,11,47500,644
Gregori Anangon√≥,Ecuador,180,71,25,64,68,60,67,58,63,56,60,64,49,67,65,58,80,74,72,80,82,74,58,59,70,40,62,55,41,52,56,12,8,10,13,6,1300000,626
Mads Sande,Norway,181,73,25,65,62,44,54,59,60,60,57,62,44,39,65,64,73,80,62,65,73,62,57,53,55,54,48,39,38,45,39,6,12,11,9,6,55000,250
Oliver Valaker Edvardsen,Norway,175,70,24,65,66,50,48,77,58,67,50,58,65,60,57,54,90,79,70,92,85,87,92,54,59,66,55,60,44,50,55,9,12,6,6,12,1200000,282
Josh Blunkell,England,181,71,20,17,8,9,12,21,40,6,10,24,27,13,22,28,43,24,49,51,46,48,65,13,40,6,9,11,10,15,8,50,54,52,53,51,6000,680
Steven Caulker,Sierra Leone,191,76,31,63,40,70,74,70,66,25,69,48,75,45,67,65,54,77,88,51,56,63,76,73,42,28,23,59,25,50,17,7,14,15,7,15,2500000,672
Kwasi Wriedt,Ghana,188,82,29,64,63,21,27,64,66,69,21,57,64,60,59,43,68,65,86,64,62,59,60,66,73,70,56,59,64,68,63,13,8,9,15,11,1300000,315
V√≠ctor Salazar,Argentina,175,67,30,65,67,69,71,76,66,58,64,43,55,60,66,61,86,84,62,74,90,90,62,52,55,47,49,47,35,36,35,7,13,16,8,13,1600000,444
Adam Dƒôbi≈Ñski,Poland,183,70,19,60,49,54,57,52,56,50,52,59,60,40,60,58,60,55,55,60,61,62,59,55,38,36,40,42,40,40,30,9,6,10,14,12,11000,671
Alberto Perea,Spain,177,74,32,76,75,26,34,59,68,71,28,68,70,66,70,67,71,57,58,68,72,79,72,56,67,70,73,76,79,55,64,6,13,9,8,6,1600000,285
Fran Supayabe,Bolivia,176,76,27,61,68,60,61,49,60,45,68,44,48,65,60,45,71,80,61,65,71,62,60,59,30,38,40,46,59,52,31,11,15,14,7,11,1000000,289
Alexandru »öigƒÉna»ôu,Romania,179,74,33,54,43,61,62,53,62,57,62,50,58,63,61,60,69,80,70,72,75,71,78,49,70,38,61,50,58,52,44,12,12,5,11,15,50000,211
Tom√°s Durso,Argentina,185,80,24,11,14,10,13,21,49,8,8,25,37,12,17,29,33,23,46,48,15,29,59,13,43,5,5,10,14,10,9,62,62,58,57,61,21000,279
Oleksiy Sych,Ukraine,185,75,22,58,60,60,61,63,57,48,56,41,43,63,62,60,74,65,63,70,77,66,59,53,36,25,25,57,32,35,30,14,10,7,13,12,52500,346
Lee Tae Hee,Korea Republic,188,87,28,19,12,12,18,25,59,17,22,35,59,17,29,21,42,31,67,50,46,33,53,12,44,16,19,35,13,30,18,62,62,61,59,64,37500,327
Jo√£o Moutinho,Portugal,182,71,25,66,67,66,70,58,66,41,66,52,58,69,66,61,66,71,70,62,69,67,73,64,60,19,55,66,61,34,28,8,13,12,7,15,1500000,368
Pedro Ib√°√±ez,Peru,174,67,22,60,31,60,62,52,60,28,63,40,58,63,62,50,70,60,63,43,70,70,51,53,36,32,35,42,37,40,40,13,8,7,6,14,62500,202
Franco Soldano,Argentina,180,79,28,65,62,33,47,69,70,73,31,70,70,39,60,51,70,85,77,68,67,70,78,74,68,68,60,61,41,62,64,10,12,10,12,13,1300000,279
Oliver Silverholt,Sweden,176,69,29,60,56,57,58,60,59,46,59,53,59,62,61,66,69,72,56,68,67,61,67,46,55,39,50,61,52,44,49,7,7,12,9,13,35000,642
Daley Blind,Netherlands,180,72,33,83,77,80,80,64,80,66,84,82,83,80,85,84,43,73,71,72,40,71,77,76,74,56,64,84,62,54,66,14,12,9,10,10,12000000,210
Alan Nu√±ez,Paraguay,176,66,18,49,52,51,59,49,47,49,50,48,40,49,54,34,65,55,47,67,69,62,53,48,29,21,26,33,30,33,28,7,6,7,9,5,13000,134
D'Margio Wright-Phillips,England,170,62,21,69,70,34,28,37,55,58,24,49,56,56,53,48,84,59,34,86,83,85,46,43,65,64,50,52,41,53,58,12,7,15,5,7,65000,432
Kevin Tapoko,France,196,90,29,61,58,61,60,70,55,58,57,59,61,33,63,61,45,75,83,38,44,48,49,66,62,54,56,47,31,52,48,12,8,9,12,16,42500,593
Franco Zuculini,Argentina,176,68,32,70,60,63,66,66,63,57,59,60,68,61,70,66,62,60,66,72,64,63,71,57,71,50,56,57,60,46,51,12,15,6,7,7,47500,539
Elione Fernandes,Portugal,184,78,18,56,53,58,60,58,60,47,59,58,53,40,63,57,67,64,65,60,68,65,64,58,58,52,48,33,42,59,50,10,13,10,7,9,27500,187
Julian Brandt,Germany,183,83,27,86,86,48,45,39,82,80,58,84,83,81,85,82,66,83,68,83,69,84,63,54,82,78,79,79,72,54,79,8,11,16,11,9,33500000,97
Harrison Delbridge,Australia,193,90,31,53,39,62,69,90,53,34,65,44,59,21,61,48,54,82,90,33,61,54,85,72,50,24,36,20,26,33,20,11,13,14,12,13,1300000,327
√Ålvaro Jim√©nez,Spain,175,71,28,67,69,32,39,57,66,69,48,68,67,68,66,62,80,81,61,77,79,76,53,48,75,66,65,74,49,48,69,7,7,12,10,5,1700000,630
Obed Vargas,United States,175,68,18,69,70,48,57,60,63,62,55,63,69,54,69,63,71,67,45,75,70,78,61,48,48,35,48,50,44,43,44,7,6,9,11,8,57500,578
Darwin G√≥mez,Venezuela,182,82,31,64,70,20,16,35,59,60,25,59,48,66,60,48,73,54,75,61,80,72,61,59,55,57,58,43,50,62,51,9,10,15,9,16,70000,402
Nasser Djiga,Burkina Faso,189,84,20,44,34,64,66,57,42,24,58,35,46,35,54,52,68,62,75,52,72,54,70,58,40,22,20,27,29,41,25,13,15,9,15,6,30000,435
Jean-Jacques Danley,Haiti,180,75,23,63,61,61,64,66,58,55,59,55,62,52,67,64,66,66,70,68,67,64,71,61,63,39,54,58,45,35,43,9,11,12,7,7,62500,225
Dominik Livakoviƒá,Croatia,187,79,28,28,19,21,20,26,79,11,21,60,64,13,50,60,57,32,75,30,54,65,61,13,53,12,9,12,11,15,10,79,80,76,71,87,20000000,179
Federico Ricci,Italy,175,68,29,76,77,50,50,61,68,68,44,68,70,71,68,59,82,61,34,81,80,80,33,42,63,61,62,53,53,67,60,5,13,11,12,6,2400000,507
Philipp K√∂hn,Switzerland,190,80,25,28,23,14,13,28,68,7,12,54,32,11,35,30,48,28,63,26,43,56,41,12,50,8,7,10,14,16,6,69,73,65,67,74,1600000,485
Luuk Wouters,Netherlands,183,78,24,59,52,61,64,50,59,40,61,32,47,45,60,52,54,61,73,69,66,53,66,62,50,33,31,25,35,38,36,8,10,8,5,9,35000,491
Suwailem Al Menhali,Saudi Arabia,180,75,19,37,31,49,52,48,41,28,45,37,49,32,43,45,62,62,69,64,66,59,75,51,53,22,24,42,44,31,28,6,12,12,13,14,5000,33
Darko Lemajiƒá,Serbia,198,92,30,59,52,16,26,71,62,74,23,61,66,31,58,43,43,60,92,31,46,38,53,80,70,69,58,36,35,70,61,10,8,13,6,12,87500,343
Jozef Pukaj,Kosovo,192,85,23,10,6,14,14,17,41,6,12,30,38,14,24,24,16,27,61,32,25,35,32,10,45,5,9,11,14,17,5,57,63,61,60,62,22000,243
Federico Bernardeschi,Italy,185,77,29,83,84,59,59,54,69,73,64,81,78,81,81,70,77,73,69,79,77,82,50,53,80,61,82,83,80,81,76,13,14,15,10,12,17500000,621
Justin Bijlow,Netherlands,188,76,25,21,11,14,12,22,77,10,10,58,54,10,33,44,58,30,70,32,58,56,67,11,59,10,10,10,10,16,10,74,80,75,78,78,12000000,256
Pascal Struijk,Netherlands,190,79,24,72,62,76,77,76,73,44,79,56,74,42,75,73,58,74,79,54,60,53,74,73,62,31,30,42,32,55,34,10,14,8,8,14,7500000,374
Juan Mahecha,Colombia,174,80,36,66,65,56,63,79,64,64,67,60,61,68,64,67,52,55,59,70,52,69,79,59,70,52,70,58,68,63,66,13,14,9,14,11,30000,367
Marinus Larsen,Denmark,169,63,19,69,59,50,47,53,55,48,26,56,56,44,60,56,69,51,46,86,68,74,58,47,56,46,37,53,50,48,50,13,10,6,10,7,13000,107
Oliver Hawkins,England,198,92,31,65,53,54,55,67,62,66,58,57,58,34,57,46,45,70,86,32,49,34,81,68,63,59,58,39,39,57,60,8,15,13,8,7,40000,277
Kalifa Manneh,Gambia,172,66,24,52,64,22,25,47,63,64,21,61,49,58,53,39,72,63,52,82,79,80,49,33,65,51,53,54,49,54,63,9,9,6,10,11,37500,461
Sander Christiansen,Norway,185,75,22,65,64,64,63,54,60,58,56,63,66,64,66,65,66,62,60,61,63,62,59,58,58,53,45,57,57,50,50,12,9,13,9,14,50000,557
Robin √òstr√∏m,Norway,188,80,21,58,52,55,59,58,55,51,56,44,51,56,55,51,64,66,72,54,69,60,79,56,48,31,35,48,32,34,28,13,9,12,7,10,24000,573
Cao Yunding,China PR,173,70,33,64,72,32,38,64,62,65,35,66,65,71,66,61,83,78,60,80,80,83,72,57,71,60,64,66,65,60,56,15,9,10,9,15,1300000,567
Pelle Mattsson,Denmark,181,74,22,64,58,55,59,55,56,53,54,53,58,50,64,61,58,62,59,63,61,65,62,51,55,45,44,43,43,35,43,12,15,11,7,14,23000,573
Felix Keidel,Germany,178,70,20,58,46,48,46,39,42,39,44,51,41,49,59,56,63,59,51,42,66,54,44,46,52,31,49,37,41,45,29,15,9,5,8,7,9000,221
Michael Gallagher,Republic of Ireland,178,70,23,48,49,52,57,50,55,47,50,45,41,46,53,47,63,60,65,57,60,55,58,51,49,42,41,35,35,38,33,13,7,9,9,10,14000,627
Renato Tapia,Peru,185,80,28,71,66,80,84,79,73,68,77,69,70,65,78,75,69,86,86,77,67,66,76,73,78,62,60,65,54,68,64,15,16,14,7,8,17000000,486
V√≠ctor Garc√≠a,Spain,180,74,29,66,64,63,61,32,61,52,63,59,59,66,64,58,72,74,62,70,69,57,41,62,58,45,54,70,72,58,55,11,14,10,6,13,92500,688
Reed Baker-Whiting,United States,181,73,18,55,54,49,53,50,49,51,49,50,55,43,56,51,65,56,56,61,62,62,56,42,46,44,42,47,39,40,35,6,6,7,6,9,8000,578
Grant Kekana,South Africa,182,80,30,60,57,66,69,57,66,40,66,48,50,55,53,65,65,76,78,66,69,63,80,70,45,36,32,42,35,35,36,12,14,13,12,6,85000,394
Iborra,Spain,190,80,35,76,60,69,71,74,72,75,74,74,80,59,78,74,50,69,89,48,52,45,75,80,75,65,59,66,65,69,66,15,14,11,6,8,1900000,377
Andr√©s Vombergar,Slovenia,187,79,28,68,62,26,18,68,64,71,34,65,57,46,62,55,62,65,81,59,72,51,80,76,68,68,53,52,57,57,55,13,13,12,10,14,1300000,552
Musa Al-Tamari,Jordan,176,66,26,73,78,34,41,63,64,65,54,65,68,61,68,47,87,61,50,88,79,91,83,39,59,60,64,67,58,62,65,7,11,6,12,7,1800000,438
Stefan Saviƒá,Austria,174,66,29,66,66,21,20,44,59,61,30,63,62,56,63,59,76,61,32,81,65,80,56,49,64,59,59,64,58,51,58,8,16,10,11,8,60000,663
Thomas Kastanaras,Germany,186,80,20,61,59,16,14,39,59,66,21,56,59,40,57,43,61,55,66,55,55,53,60,59,65,68,57,53,58,65,56,11,7,12,14,5,45000,645
Hugo Magnetti,France,180,75,25,73,72,67,71,80,68,59,69,70,71,53,73,74,54,70,76,83,51,60,63,50,68,41,49,59,41,46,38,10,10,14,15,12,2400000,592
Sergio Moreno,Spain,178,73,24,69,67,19,14,32,68,69,15,49,59,29,67,48,69,51,57,65,71,64,65,64,63,68,65,44,43,59,60,9,14,13,8,13,1200000,111
Atienza,Spain,186,77,24,70,66,65,69,64,69,67,67,70,57,41,70,68,57,70,70,53,56,59,60,42,47,69,68,32,48,49,27,9,14,13,14,14,1400000,108
Liam McAlinden,Republic of Ireland,185,74,29,58,57,31,38,40,56,57,34,43,58,47,50,40,70,66,72,57,71,59,65,58,58,58,56,34,44,60,57,13,15,9,13,14,23000,677
Oriol Romeu,Spain,183,83,31,71,65,76,78,87,76,64,81,72,75,46,79,74,53,75,83,56,43,54,65,73,78,45,50,57,53,54,52,11,12,14,10,16,12000000,281
Tim K√∂ther,Germany,175,70,22,60,58,54,56,55,53,51,50,58,55,53,63,55,68,63,52,75,67,67,55,44,54,50,50,44,40,37,47,11,10,6,14,12,27500,308
Kacper Kostorz,Poland,187,79,24,56,58,46,48,43,53,55,21,59,61,56,61,49,77,49,58,64,78,56,56,52,58,57,42,47,46,45,51,10,7,14,12,9,24000,469
Tan Long,China PR,185,77,35,68,72,29,26,64,71,71,41,65,59,63,63,58,71,71,79,63,80,72,72,67,76,65,68,48,47,66,64,8,15,9,10,14,65000,142
Tapelo Xoki,South Africa,184,74,28,64,52,70,80,60,63,53,70,46,61,44,55,43,74,73,72,77,75,60,77,59,67,43,65,41,50,63,39,7,14,13,8,9,1300000,446
Felipe Silva,Brazil,193,90,30,70,65,10,18,70,61,73,17,65,67,44,64,58,76,80,91,66,76,67,81,78,78,74,61,65,42,66,73,12,8,11,10,7,3000000,514
Jo√£o Basso,Brazil,187,74,26,60,55,71,75,71,72,35,75,40,53,49,66,67,55,71,70,56,54,51,73,75,62,50,46,39,41,71,40,14,7,7,10,9,2900000,57
Zinho Gano,Guinea Bissau,198,91,29,68,64,16,29,68,72,72,28,57,69,46,62,37,54,67,88,33,54,48,65,82,72,73,65,46,48,70,66,11,12,13,8,9,1900000,683
Quentin Galvez-Diarra,France,188,78,21,18,10,14,14,17,41,8,10,29,36,11,24,24,15,24,37,34,16,37,51,13,41,9,6,10,11,16,6,56,58,60,55,58,14000,458
Joshua Quarshie,Germany,196,91,19,40,36,64,66,50,51,22,61,35,44,34,50,45,60,62,79,35,66,41,60,61,40,21,24,29,29,30,29,15,13,15,9,8,21000,613
Paulson Junqueira,Brazil,177,76,27,69,66,71,73,77,77,48,71,46,69,68,65,66,84,75,64,75,72,79,82,58,64,40,51,65,45,55,40,14,11,14,11,15,3000000,154
Abdulaziz Majrashi,Saudi Arabia,173,63,27,62,60,66,63,60,60,55,57,51,48,44,61,58,63,71,63,75,53,70,68,46,48,25,33,39,35,42,34,8,15,8,10,11,37500,168
Matƒõj Chalu≈°,Czech Republic,189,85,25,43,32,56,62,72,56,22,62,31,47,34,57,49,45,65,92,50,72,41,68,58,46,28,27,29,32,45,33,12,5,14,10,8,47500,219
Lumor Agbenyenu,Ghana,175,67,27,67,70,62,64,75,70,63,64,53,54,63,61,55,74,73,64,74,80,77,82,55,52,45,45,58,22,34,34,10,6,12,7,5,1200000,419
Bjarne Thoelke,Germany,191,84,31,55,52,61,67,65,64,38,68,39,70,37,60,55,34,34,81,41,34,36,55,66,57,24,29,28,29,43,34,8,8,16,14,15,70000,548
Vicente Fern√°ndez,Chile,180,66,24,60,63,59,64,51,57,57,56,55,53,64,64,62,69,71,65,65,71,67,66,54,33,26,32,47,31,33,39,11,12,7,12,6,62500,615
Sebas Moyano,Spain,168,71,26,65,75,40,35,46,55,58,26,60,52,56,61,57,75,56,39,80,71,72,53,37,43,70,44,58,52,49,63,8,13,11,7,13,80000,113
Josu√© Mbila,Germany,178,74,24,60,60,15,14,52,62,62,21,51,55,38,53,39,50,51,53,68,58,59,62,67,63,65,65,42,42,64,53,13,14,14,11,6,40000,206
Ye Chugui,China PR,178,70,28,56,54,50,53,53,61,55,58,55,57,50,58,55,63,65,59,59,65,72,73,57,53,46,52,57,56,64,47,13,14,12,14,11,15000,291
Alexis Mac Allister,Argentina,176,72,24,81,78,62,69,59,78,77,63,80,79,79,82,78,73,80,69,74,66,73,64,61,78,78,81,83,82,81,74,15,7,10,14,10,16000000,103
Dirk Proper,Netherlands,168,63,21,66,67,66,68,64,68,44,66,60,66,51,71,70,75,76,47,84,54,74,47,42,64,49,47,42,31,39,35,7,13,7,8,10,1200000,420
Gon√ßalo Esteves,Portugal,171,73,19,70,69,66,68,62,70,65,69,59,60,67,65,68,75,61,64,68,76,58,67,49,43,38,30,66,43,42,39,10,13,6,11,6,1300000,585
Jorge S√°enz,Spain,192,75,26,62,57,67,65,64,64,47,65,56,71,42,60,59,54,77,76,60,68,55,82,69,52,35,41,32,49,45,46,8,7,14,7,11,97500,112
Josh Coley,England,178,70,25,57,59,18,29,30,51,51,25,52,42,55,51,42,90,50,45,73,87,75,42,36,58,52,47,46,36,49,41,12,13,13,9,7,25000,200
Miguel S√°nchez Tabares,Colombia,187,81,20,13,6,10,11,22,65,9,9,34,35,21,24,22,25,26,59,35,32,36,48,20,44,9,6,8,13,15,20,57,62,60,58,70,37500,175
Wilfried Zaha,Ivory Coast,180,66,30,87,88,36,39,77,74,78,35,70,81,75,75,69,88,78,77,75,91,85,58,47,83,81,72,71,54,76,68,11,15,10,15,10,30000000,161
Marino Defendi,Italy,176,73,38,64,65,55,59,58,63,65,54,59,69,59,66,65,78,74,58,75,71,78,86,58,64,50,64,68,61,62,50,10,13,8,6,7,11000,616
Julio Fierro,Chile,183,87,21,10,9,13,10,21,58,8,6,26,22,14,22,29,18,23,64,44,17,34,59,14,44,7,9,12,13,10,5,60,61,54,58,61,20000,149
Nikola Katiƒá,Croatia,194,89,26,61,54,70,68,80,64,33,67,35,65,29,60,54,63,40,82,35,68,33,73,73,50,27,43,27,26,33,26,14,9,7,12,13,1500000,244
Elias Durmaz,Sweden,178,70,23,62,61,29,26,45,45,51,28,52,54,50,57,54,69,52,52,73,64,72,71,31,53,52,48,44,43,48,43,9,14,10,8,8,19000,13
Barry Cotter,Republic of Ireland,184,78,24,57,61,56,61,53,54,54,52,46,46,55,58,52,71,77,70,64,75,69,69,54,58,50,55,51,56,49,41,8,7,13,9,13,42500,79
Andreas Hansen,Denmark,186,73,28,36,14,18,16,18,59,14,23,63,42,18,42,38,47,36,64,62,48,43,66,14,56,11,17,18,20,24,17,68,67,68,74,70,1100000,228
Alex Cochrane,England,175,70,23,69,65,66,70,65,65,63,62,58,64,70,69,64,72,80,57,75,70,72,72,57,55,41,41,56,59,44,34,14,9,7,7,7,2000000,306
Manvir Singh,India,188,78,27,57,58,31,28,61,59,63,29,50,50,47,47,40,74,72,77,43,84,65,82,61,60,60,51,50,31,56,51,9,12,7,11,15,25000,17
Moritz Bauer,Austria,181,74,31,69,70,67,67,72,64,58,65,64,67,68,64,63,75,65,68,68,76,70,72,61,61,34,57,70,60,52,32,7,14,13,10,9,1200000,561
Gabriel √Åvalos,Paraguay,188,91,32,75,74,29,54,70,69,76,33,71,75,48,65,67,69,81,87,67,72,71,82,76,80,75,65,50,44,64,63,9,13,15,15,13,3600000,55
Wilson Ibarrola,Paraguay,172,74,27,62,50,65,68,53,60,57,60,40,61,64,59,47,80,65,59,55,77,67,71,55,23,29,26,39,35,46,22,10,6,6,14,7,85000,66
Junior Mwanga,France,184,80,20,45,36,68,70,67,65,25,64,30,58,35,61,39,67,68,66,62,68,55,68,64,45,27,23,34,32,47,33,9,14,6,6,12,67500,96
Luke McGee,England,193,83,27,27,14,20,17,26,54,7,14,45,37,15,42,43,33,26,51,45,42,33,52,14,47,13,13,11,13,30,12,61,63,61,62,63,32500,176
Christos Kourfalidis,Greece,178,78,20,63,61,53,56,62,60,56,60,62,55,48,67,65,72,63,57,70,64,55,67,60,57,49,48,48,46,48,34,8,15,5,14,13,42500,120
Nicol√°s Tripichio,Argentina,175,68,27,71,70,65,64,68,65,69,72,62,68,68,73,62,79,82,63,75,78,78,73,65,59,50,45,51,47,49,43,9,15,14,13,7,2300000,169
Bobby Wood,United States,180,79,30,65,65,18,20,58,61,59,36,38,59,62,62,59,75,58,73,73,75,74,81,65,73,66,64,67,62,69,71,16,12,8,15,12,85000,424
Anuar,Morocco,174,70,28,69,71,60,72,67,75,71,74,69,58,61,72,66,79,89,59,85,78,84,75,58,62,68,69,64,47,51,51,14,12,8,7,8,2000000,482
Anthony Brian√ßon,France,185,79,28,58,45,66,71,81,65,48,71,56,67,37,67,65,59,70,86,65,39,51,79,73,70,34,58,42,39,42,40,13,15,7,13,12,1700000,16
Pragyan Gogoi,India,178,75,24,54,49,46,47,51,49,47,46,45,40,43,55,53,65,64,68,68,49,57,65,46,49,35,37,39,37,38,39,10,12,13,14,13,8000,431
Pablo Rosario,Netherlands,188,73,26,76,72,72,75,73,75,64,76,72,75,59,76,71,61,79,81,65,67,68,75,69,76,59,65,59,54,58,57,9,12,12,7,5,7500000,437
Micha≈Ç Helik,Poland,191,80,27,59,46,65,69,72,70,61,74,34,55,41,61,51,59,71,79,59,64,53,91,73,52,52,41,29,40,37,49,12,14,10,9,7,1800000,317
Cody Collins,England,190,70,19,35,32,50,51,58,46,33,49,31,47,31,44,36,63,65,71,59,62,58,70,51,38,29,26,27,27,35,24,5,12,8,8,10,8000,397
Facundo Mansilla,Argentina,190,79,24,54,48,65,70,64,62,26,64,31,48,34,55,49,51,55,69,53,55,49,71,64,43,28,25,30,32,46,32,12,5,5,11,15,72500,428
Agustin Dattola,Argentina,190,84,24,59,56,71,67,74,62,29,64,56,61,32,66,64,73,61,67,70,69,61,75,67,61,26,21,29,28,39,33,11,10,10,10,10,1000000,80
Benjamin Van Durmen,Belgium,185,79,26,62,60,60,62,71,64,66,62,64,62,64,64,61,60,72,72,64,64,63,57,58,66,58,58,49,52,51,52,13,14,12,12,8,65000,247
Benjamin Pavard,France,186,81,27,75,68,81,86,74,81,58,82,66,77,74,77,74,68,78,78,66,68,66,86,84,75,44,59,63,51,51,73,7,9,7,15,15,25500000,210
Alexis Steimbach,Argentina,184,76,21,57,58,57,50,60,51,58,43,53,47,56,67,58,63,64,55,65,60,55,63,51,65,44,45,45,43,58,41,7,12,6,13,10,25000,279
Tommy Thompson,United States,173,71,28,72,70,53,60,64,62,60,61,59,72,55,68,53,69,80,53,75,59,77,46,52,50,52,50,57,45,52,55,7,15,14,6,13,57500,534
Tom√°s Silva,Portugal,172,64,23,70,66,56,55,60,62,63,62,67,60,64,74,70,71,73,34,80,73,62,56,51,65,43,46,60,45,64,53,5,15,12,8,5,92500,240
Diego Alves,Brazil,187,82,38,15,14,15,13,44,71,13,19,64,70,24,33,33,55,41,67,57,54,69,79,20,53,20,12,24,21,24,13,72,80,71,70,77,19000,486
Strahil Popov,Bulgaria,186,77,33,63,61,62,64,68,65,63,66,62,64,65,65,60,69,78,73,54,73,66,69,64,64,42,47,57,54,51,53,13,9,12,14,8,87500,687
Eyram Viegbe,France,178,65,19,54,52,58,52,61,50,38,48,41,39,36,58,52,55,48,44,67,58,55,56,46,45,28,29,38,39,47,29,12,7,9,5,7,9000,641
Mat√≠as Gim√©nez,Argentina,185,73,24,66,70,27,30,47,63,71,34,57,63,58,66,62,73,67,67,62,72,71,51,58,66,69,52,54,55,61,59,9,14,7,11,9,1200000,330
Regan Slater,England,171,66,23,71,71,64,64,71,63,61,63,69,66,62,71,68,71,81,60,81,67,77,74,57,63,57,59,62,56,53,51,6,12,6,9,6,1400000,318
Kevin Paredes,United States,168,55,20,69,72,59,63,56,61,56,48,58,52,64,65,57,80,61,29,91,75,80,43,36,60,54,47,49,35,45,35,9,8,11,13,10,92500,648
Namory Ciss√©,Austria,188,75,20,60,59,25,33,59,55,52,24,46,45,50,58,37,69,59,58,54,71,53,61,65,55,50,54,45,38,50,55,6,12,11,8,13,18000,264
Juan P√©rez,Spain,191,83,27,12,21,20,14,23,56,20,22,30,41,16,26,25,32,28,69,33,35,34,45,18,47,17,13,17,19,24,19,69,69,67,63,73,1100000,532
Dorian Dessoleil,Belgium,188,80,31,59,39,66,70,74,68,34,71,43,76,52,63,63,53,71,80,58,52,57,58,74,72,38,57,59,70,35,22,7,9,16,12,13,1300000,346
Tobias Lauritsen,Norway,194,85,26,63,59,36,41,57,59,68,39,58,60,44,56,46,64,73,81,52,67,56,84,66,66,65,59,52,38,62,56,13,6,11,7,12,82500,583
Josh Martin,England,177,70,21,63,65,35,41,36,58,61,38,60,63,60,59,55,83,56,48,78,85,86,47,30,63,56,56,57,63,48,54,10,12,7,14,7,65000,79
Kim Yong Hwan,Korea Republic,175,67,30,58,67,62,63,66,66,70,58,58,60,61,65,48,82,78,65,78,91,76,60,42,40,38,40,46,35,35,21,11,9,15,6,10,75000,470
Zakaria Aboukhlal,Morocco,179,73,23,71,74,34,43,67,68,68,20,70,67,65,73,63,87,80,72,76,86,85,64,49,74,74,69,70,52,64,55,5,10,6,10,12,3600000,622
Owen Lunt,England,177,66,18,47,49,46,45,56,52,45,40,53,47,33,55,52,64,54,40,70,61,57,55,46,50,36,38,32,29,38,29,9,11,14,11,15,4500,160
Alex Rodr√≠guez,Spain,178,73,21,48,52,60,57,54,60,44,59,36,39,59,44,25,55,54,58,72,64,45,66,52,26,22,29,36,32,36,28,10,14,15,11,15,21000,275
Teddy Teuma,Malta,176,73,29,76,74,73,75,77,73,74,73,78,76,77,77,80,69,80,72,71,68,73,67,51,82,72,77,77,74,78,75,6,8,10,12,9,7500000,481
Bojan Miovski,North Macedonia,189,82,24,67,63,21,26,48,57,71,24,44,66,30,59,43,69,61,72,67,74,64,76,72,77,70,57,51,33,71,54,13,10,12,7,13,1400000,21
Todd Kane,England,180,70,29,65,64,65,64,68,64,63,64,61,60,68,64,60,73,72,63,69,71,69,63,54,64,44,54,68,57,50,35,14,9,13,16,6,1100000,137
Nadir Zortea,Italy,175,70,24,64,68,69,70,66,60,51,66,42,53,69,59,42,73,60,52,63,68,68,56,52,61,32,60,45,41,47,37,7,7,11,6,9,1300000,558
Marco Komenda,Germany,184,76,26,62,57,67,69,71,59,43,71,41,52,57,59,54,70,65,77,64,68,66,81,63,46,37,35,45,42,42,37,11,12,12,13,14,1200000,315
Augusto Villanava,Venezuela,187,83,39,58,64,38,40,61,63,65,38,53,66,40,55,42,58,53,79,42,52,52,38,65,65,68,67,41,49,67,58,6,8,15,8,11,20000,172
Pedro Obiang,Equatorial Guinea,186,75,31,72,70,72,74,70,68,60,70,69,75,68,74,70,57,69,72,63,55,63,72,68,73,50,65,56,62,59,60,6,9,7,7,7,2000000,558
F√©lix Eboa Eboa,Cameroon,186,80,26,56,49,64,62,65,52,38,65,38,63,49,61,60,43,72,84,68,45,56,88,67,55,39,45,45,39,57,31,11,11,12,10,7,70000,192
Ois√≠n McEntee,Republic of Ireland,190,78,22,43,46,57,58,56,53,35,55,36,50,36,48,41,55,62,76,54,62,46,63,59,42,29,23,31,30,41,29,10,13,14,12,9,21000,661
Valent√≠n Pereyra,Argentina,175,73,21,66,68,33,35,32,46,49,33,55,47,57,56,58,69,35,48,67,69,65,58,44,63,57,55,51,48,61,52,8,14,13,12,11,27500,457
Andr√©s L√≥pez Gallo,Spain,180,75,20,45,36,65,72,57,56,33,60,36,43,30,48,36,54,59,56,66,52,43,75,65,46,23,26,31,36,45,37,14,6,15,14,11,30000,113
Papakouli Diop,Senegal,179,77,37,70,63,70,71,82,72,59,74,64,73,58,69,70,32,71,89,67,38,61,84,69,82,57,71,70,69,61,67,13,8,8,9,16,60000,629
Hussain Al Shuwaysh,Saudi Arabia,185,84,34,53,47,59,62,64,57,28,57,34,50,48,55,44,39,78,83,47,35,58,80,62,34,18,24,30,28,33,28,14,13,7,11,6,19000,31
Kevin Kabran,Sweden,185,82,29,68,66,33,41,63,58,66,32,62,62,59,61,57,80,75,76,70,77,71,57,55,64,66,62,57,42,55,58,14,7,12,12,11,85000,650
Jiang Shenglong,China PR,193,80,22,52,53,55,56,61,53,48,51,51,47,51,56,55,70,73,78,65,69,56,71,58,46,40,46,32,32,31,34,9,15,9,9,9,21000,142
Shon Weissman,Israel,174,79,27,70,65,25,30,65,74,80,28,68,76,58,68,60,72,74,73,77,71,69,78,76,77,80,72,63,53,79,79,10,7,10,7,9,6000000,285
Martin ≈†vidersk√Ω,Slovakia,181,70,20,65,60,67,66,65,62,51,59,59,63,57,65,66,68,65,60,58,67,69,54,53,55,37,45,62,43,40,35,8,8,11,14,12,70000,628
Horacio Salaberry,Uruguay,180,76,36,38,33,68,64,73,63,29,75,45,52,33,36,39,48,45,69,62,41,42,79,75,50,27,32,29,44,35,29,8,9,10,8,14,32500,509
Enrique Serje,Colombia,180,72,27,61,59,62,70,70,61,64,68,58,70,35,64,59,65,81,60,70,56,59,70,52,48,43,58,33,36,41,39,6,6,15,8,13,70000,341
Omar Gonzalez,United States,196,94,34,55,37,50,61,71,58,35,60,49,63,35,55,62,30,65,90,30,38,30,83,72,47,31,35,36,27,30,46,16,14,13,10,14,27500,424
Kei Kamara,Sierra Leone,191,86,39,69,69,24,30,69,69,69,34,69,68,64,68,51,64,72,77,64,73,68,90,75,72,70,62,60,42,72,66,6,11,8,11,16,55000,116
Mika Biereth,Denmark,187,78,20,62,59,28,23,62,57,60,24,51,58,49,56,32,71,64,73,66,75,62,68,59,64,64,55,34,33,61,50,15,10,10,11,6,45000,491
Juanjo Nieto,Spain,175,71,28,67,70,66,64,64,67,68,68,66,64,63,66,65,79,83,65,77,79,77,58,55,70,59,66,58,52,49,57,8,9,14,10,14,1500000,532
Ted Bishop,England,178,67,27,67,65,61,56,56,61,62,54,65,70,64,66,64,64,57,64,73,65,75,61,41,60,62,58,62,57,51,51,7,11,10,13,8,52500,382
Musa Juwara,Gambia,170,65,21,69,76,25,29,62,70,67,28,59,60,51,67,47,79,54,43,81,84,76,55,55,64,69,62,39,48,61,48,10,13,10,9,5,1200000,442
Koen Casteels,Belgium,197,86,31,23,14,17,19,33,80,15,16,42,40,15,35,37,44,44,72,43,46,50,58,14,59,15,18,20,13,20,13,84,84,82,79,86,28000000,648
Jordan Davies,Wales,178,74,25,63,61,52,57,61,61,60,56,62,56,58,63,61,74,82,50,83,73,79,65,45,64,60,66,62,68,57,48,10,12,12,13,6,55000,677
Sergiu Bu»ô,Romania,185,85,30,63,58,35,38,59,58,65,43,61,63,48,65,46,61,67,77,63,64,60,81,67,69,64,62,53,61,59,60,7,10,16,7,16,57500,10
Ignace Van der Brempt,Belgium,187,76,21,70,72,60,61,73,63,67,60,66,58,66,67,63,80,69,74,61,83,69,67,52,60,60,45,52,38,43,26,9,5,14,10,14,1000000,485
Jeison Murillo,Colombia,182,78,31,63,58,71,72,86,70,45,73,58,74,56,70,65,67,65,78,67,68,73,88,72,68,37,13,38,26,46,54,11,14,13,8,14,2500000,551
Connor Evans,Wales,180,73,19,54,50,18,24,47,48,54,28,39,44,35,42,34,77,51,47,70,76,71,53,47,48,55,45,44,34,48,49,11,10,11,8,10,10000,160
Mehmet Ibrahimi,Germany,182,73,20,66,69,26,38,31,47,51,22,58,57,54,57,47,69,47,36,67,66,70,47,39,52,53,42,57,38,40,45,14,14,12,8,14,25000,99
Paulinho,Brazil,175,74,26,76,78,68,72,87,72,68,70,71,74,59,70,66,79,87,58,83,75,78,57,43,70,63,61,69,50,52,62,5,10,12,6,11,2600000,31
Maxime Busi,Belgium,182,75,23,68,68,66,68,64,63,57,65,53,59,71,68,60,71,69,65,68,72,69,69,69,54,47,51,63,37,46,42,7,8,14,11,12,1700000,595
Darnell Fisher,England,175,70,29,63,64,71,72,85,65,37,67,42,56,63,56,50,78,77,70,64,79,72,70,59,32,20,26,41,32,35,26,14,12,14,10,6,1400000,403
Bautista Barros Schelotto,Argentina,181,76,23,54,63,61,64,53,59,58,62,57,49,65,65,56,69,59,57,57,74,61,63,51,29,38,35,45,32,48,30,15,7,10,8,6,62500,279
Stipe Biuk,Croatia,182,70,20,72,78,39,37,53,67,68,38,71,59,63,64,60,79,70,60,58,83,68,59,48,66,66,51,51,57,56,46,15,13,8,11,10,2000000,363
Michael Cooper,England,185,75,23,23,13,12,14,24,67,7,12,58,32,10,54,56,30,28,46,43,36,28,59,14,50,8,9,12,11,11,6,69,70,69,67,72,1600000,468
Th√©o Luis Fonseca,Portugal,178,75,23,65,70,14,20,40,60,64,17,56,62,60,60,44,79,70,57,74,77,63,64,67,72,68,64,55,40,67,50,11,5,6,9,12,1000000,217
Rodrigo Cisterna,Chile,173,67,21,64,60,37,35,40,53,53,22,62,56,41,64,56,70,33,36,71,70,62,54,36,43,60,65,40,58,60,38,11,7,7,12,13,37500,686
Jor√®s Rahou,France,176,69,20,60,61,37,42,34,64,53,30,67,63,56,60,61,62,53,49,70,60,54,58,55,62,66,53,50,58,59,54,5,13,6,9,8,25000,440
Aketxe,Spain,174,69,29,70,69,48,50,51,63,62,41,82,66,79,78,76,65,56,65,88,54,84,40,40,88,71,84,84,89,73,60,15,15,14,12,8,2400000,531
Ayrton Mboko,Belgium,179,80,25,58,58,58,60,74,47,45,56,45,51,60,60,53,77,52,69,59,83,65,72,65,52,26,30,35,35,32,23,5,12,6,6,12,42500,211
Bernardo Vital,Portugal,187,80,22,51,38,73,76,67,72,32,71,32,57,30,55,45,65,68,74,56,64,52,72,69,50,22,26,33,29,42,30,13,9,15,7,10,1900000,194
Danny Blum,Germany,184,82,32,73,74,23,34,55,69,70,28,56,67,68,66,61,80,54,73,73,69,77,56,50,76,69,73,76,75,67,61,6,13,10,11,10,1300000,2
Miguel Asterga,Ecuador,166,62,27,61,73,55,58,51,64,57,69,65,73,66,68,58,78,69,31,89,75,87,70,38,67,46,62,70,72,55,61,7,8,11,9,9,85000,418
John Da,France,187,73,23,41,28,60,58,53,47,25,54,32,42,28,42,34,59,58,63,55,54,46,63,51,36,17,24,27,30,37,20,10,5,5,10,13,13000,593
Alessandro Lopane,Australia,170,75,19,58,62,42,45,49,53,55,40,54,58,44,55,50,75,61,51,78,74,78,60,37,52,45,45,49,43,48,44,6,12,11,11,11,17000,659
Valentin Castellanos,Argentina,178,74,24,75,75,39,37,82,79,82,29,74,73,58,77,61,78,88,72,67,78,74,78,74,78,81,68,65,61,73,72,12,15,6,10,8,12500000,281
Kevin Rivera,Ecuador,170,56,23,62,68,44,46,55,55,61,40,62,58,64,62,60,73,58,60,66,81,70,55,52,66,62,55,60,61,62,55,12,11,12,9,13,85000,118
Alex Gersbach,Australia,183,73,26,60,59,59,60,58,57,59,59,54,59,60,57,50,83,71,71,71,81,80,70,53,36,34,34,54,44,33,33,7,10,7,9,11,60000,150
Leonardo Loria,Italy,195,89,24,21,12,19,22,21,49,11,15,25,31,14,26,25,23,15,68,30,29,38,39,17,41,11,11,12,13,11,9,59,57,58,55,58,17000,266
Robert Muriƒá,Croatia,180,72,27,73,80,27,28,53,58,58,25,64,57,59,63,45,70,36,68,72,79,76,34,55,72,55,67,78,65,49,60,8,12,8,8,14,77500,359
Gustavo Vel√°zquez,Paraguay,179,83,32,54,47,68,67,69,66,31,73,35,73,38,62,49,75,75,78,65,74,65,86,69,50,27,21,30,30,40,23,7,9,8,14,7,1100000,428
Ignacio Ram√≠rez,Uruguay,180,75,26,62,55,17,16,43,70,69,17,47,52,38,66,46,67,51,75,69,68,70,80,72,72,73,63,38,45,77,66,9,7,12,13,6,1600000,421
Martin Frese,Denmark,179,75,25,67,66,56,63,55,58,65,55,60,61,62,65,57,77,69,64,73,78,75,74,49,65,55,52,59,40,47,52,7,9,10,12,10,62500,228
Rodrigo Saravia,Uruguay,173,72,23,62,49,65,69,73,68,59,68,63,50,58,61,62,65,78,72,69,67,54,54,61,72,41,41,41,47,42,48,9,15,9,14,11,1100000,463
Matty Smith,Scotland,180,76,26,61,62,24,30,60,56,60,25,55,54,51,58,41,73,76,65,68,71,71,67,52,58,60,57,56,53,59,58,14,12,10,8,13,27500,570
Antonio Caracciolo,Italy,185,83,33,61,58,68,69,71,71,28,72,34,70,41,66,56,66,71,80,69,50,68,89,68,24,38,29,27,30,30,22,11,7,13,13,15,1200000,466
Ayoub Jabbari,Morocco,198,85,23,53,56,19,23,37,56,59,24,49,51,34,50,39,59,51,75,41,55,50,62,55,63,61,55,43,31,59,49,6,5,9,5,9,24000,479
Zhao Jianbo,China PR,180,72,22,41,53,18,14,33,48,55,11,45,48,31,45,32,60,57,59,70,61,58,63,52,50,53,43,29,33,60,36,14,13,15,7,10,7000,167
Marko Jevtoviƒá,Serbia,194,82,30,63,59,67,72,70,67,54,71,59,62,49,69,68,50,72,84,33,47,61,66,73,74,53,73,56,67,76,35,14,6,6,7,15,1400000,273
Zhao Bo,China PR,188,71,29,13,8,15,13,18,46,12,13,38,31,13,16,22,21,26,53,33,16,32,50,13,40,9,7,12,13,15,9,58,60,57,53,67,17000,682
Henrich Ravas,Slovakia,192,87,26,20,11,11,10,35,53,9,11,45,35,19,19,30,36,25,60,29,38,35,40,13,44,10,11,16,11,15,11,67,64,61,59,64,50000,671
Kristoffer Peterson,Sweden,185,72,28,70,69,32,29,52,63,65,39,61,64,63,63,60,80,69,65,72,80,81,72,60,74,67,69,73,61,70,65,6,16,15,9,11,1300000,187
Rafa≈Ç Gikiewicz,Poland,190,81,35,19,18,13,14,22,77,12,12,48,31,18,24,20,27,20,68,40,29,38,66,39,48,13,13,19,12,19,15,77,79,72,64,82,2400000,206
Rauno Sappinen,Estonia,177,73,27,63,58,17,10,34,66,65,17,43,62,31,61,40,62,49,64,80,52,60,70,64,58,65,56,37,32,63,55,14,10,6,10,14,45000,596
Manolis Saliakas,Greece,175,75,26,69,65,71,70,70,67,69,66,54,66,74,70,59,76,72,61,73,75,72,59,44,57,56,55,68,67,50,62,14,15,8,12,13,1900000,236
Pablo Cu√±at,Spain,188,78,21,15,11,13,12,26,62,5,14,56,52,14,29,26,22,19,63,36,29,28,59,13,42,7,8,14,11,11,9,61,65,63,56,61,40000,377
Eduardo Villanueva,Chile,187,76,18,14,6,14,13,19,34,6,9,57,22,13,18,25,17,20,54,34,32,28,62,11,42,5,9,12,13,11,9,58,57,58,56,58,10000,149
Marcus Ferkranus,United States,188,82,20,33,25,51,57,50,48,25,55,27,45,28,49,43,54,47,72,54,48,47,48,41,27,17,22,23,21,29,20,6,15,12,7,12,10000,362
Kostandinos Grozos,Australia,178,72,23,60,57,51,56,39,55,53,53,48,52,46,65,60,66,61,60,66,69,59,70,45,52,54,45,38,34,42,40,6,6,14,15,10,21000,426
Jordan Perruzza,Canada,185,82,22,56,55,14,13,26,52,54,14,47,43,25,43,29,63,56,70,61,65,54,63,56,64,60,57,48,53,59,53,7,8,12,14,5,24000,621
Ryan Tafazolli,England,196,93,31,56,41,69,70,64,66,21,67,31,60,38,54,46,45,69,91,32,42,32,74,73,37,18,39,22,40,32,35,13,16,13,14,15,1100000,680
Dean Henderson,England,188,85,26,35,13,14,14,35,77,8,11,55,60,14,45,48,55,32,64,56,56,61,68,13,58,9,6,13,10,16,5,75,80,78,77,82,14000000,434
Fran Villalba,Spain,172,63,25,67,65,40,50,37,77,72,52,76,68,67,71,69,77,58,38,90,66,86,37,37,62,64,62,76,73,58,56,5,9,10,14,14,1800000,419
Anthony Nwakaeme,Nigeria,185,80,34,82,83,34,53,53,77,79,23,78,83,78,78,70,74,80,92,66,75,76,71,68,83,77,75,79,60,68,69,15,6,10,6,9,11000000,31
Ellis Simms,England,191,73,22,65,66,19,24,60,62,70,21,52,65,45,58,44,68,70,79,66,74,64,67,64,68,72,58,55,51,64,60,11,13,10,14,9,1400000,197
Oscar Johansson,Sweden,178,73,28,65,63,49,50,66,60,63,47,61,59,63,64,59,75,83,62,70,73,74,72,32,60,59,56,64,59,56,51,12,16,10,10,11,90000,325
Patrick McEleney,Republic of Ireland,180,84,30,66,66,47,55,46,61,64,51,69,71,57,66,61,58,57,57,67,60,80,53,56,64,59,60,63,61,61,62,8,7,11,12,15,70000,177
Jayden Reid,United States,180,77,22,52,63,51,46,54,46,41,45,35,43,57,59,51,85,75,61,74,85,78,72,41,46,27,25,37,33,37,27,14,6,15,11,6,21000,506
Nicolas Milanovic,Australia,185,76,21,63,60,38,30,39,56,51,27,52,59,36,52,51,68,66,49,64,71,78,49,38,59,54,42,47,56,39,39,5,9,6,12,15,16000,659
Ciaron Brown,Northern Ireland,185,76,25,57,55,64,65,65,61,43,64,39,55,56,58,55,62,57,73,54,67,61,72,60,64,36,49,46,38,37,34,15,12,8,14,13,72500,447
Ahmad Faqa,Syria,187,83,20,57,55,56,58,49,46,31,55,28,50,21,54,48,59,62,58,64,61,53,74,55,36,28,30,25,20,35,23,7,9,8,12,6,14000,13
Syb van Ottele,Netherlands,185,80,21,47,41,65,70,52,60,28,64,36,56,42,58,52,47,65,75,59,53,49,72,60,44,26,30,30,33,38,36,9,14,13,6,11,47500,684
Gao Di,China PR,179,73,33,54,55,38,42,60,63,58,44,54,55,34,46,36,70,65,73,67,74,62,65,58,61,57,54,52,54,43,54,9,6,11,16,11,18000,682
Domingos Quina,Portugal,173,66,23,73,72,45,47,69,64,64,46,67,62,56,72,71,69,58,34,82,67,76,50,34,73,65,70,63,50,48,54,12,12,11,8,6,1400000,519
Jak Alnwick,England,187,82,30,31,11,20,21,39,62,12,20,52,47,20,29,31,42,41,60,52,53,50,70,17,48,14,12,21,29,44,11,66,67,66,64,67,70000,125
Rui Silva,Portugal,191,91,29,24,18,19,10,19,71,20,27,50,49,13,28,29,31,27,66,24,30,34,63,14,58,20,14,19,20,30,20,81,80,77,77,83,15000000,500
Baek Jong Beom,Korea Republic,190,85,22,12,14,13,12,23,45,9,12,38,35,12,23,25,29,18,55,29,23,35,35,15,38,10,12,14,12,13,13,48,49,50,51,55,5000,233
Ahmed Jahouh,Morocco,188,82,35,66,58,63,61,81,60,55,63,72,68,72,72,74,34,86,83,47,40,56,72,69,72,45,62,69,58,53,51,6,13,8,13,13,80000,417
David Okereke,Nigeria,181,79,26,70,79,15,17,48,70,74,17,64,68,43,68,33,85,73,69,68,88,86,91,68,70,73,56,40,31,62,56,8,11,14,9,8,2700000,159
Andrei Dragu,Romania,171,65,23,59,58,58,57,57,52,50,53,52,56,56,60,47,81,68,54,70,83,81,67,40,57,47,45,55,30,38,35,7,6,9,6,15,42500,211
Fredrik P√•lerud,Norway,181,78,29,56,54,58,59,48,59,44,56,40,45,56,56,55,68,66,70,62,69,61,65,43,52,42,41,51,31,38,29,11,7,13,6,12,30000,553
Alessandro Murgia,Italy,185,78,27,72,69,64,66,58,72,72,73,70,62,56,72,71,45,52,66,57,38,53,51,70,69,60,69,55,55,53,58,8,12,8,7,8,1800000,539
Will Forrester,England,180,73,22,55,50,60,62,54,60,27,59,33,57,36,59,57,64,60,71,64,59,51,75,62,35,19,19,29,28,37,29,10,6,13,7,6,35000,471
D'Mani Mellor,England,187,81,22,56,57,32,44,63,56,56,40,60,57,50,55,36,73,68,60,58,71,72,61,56,60,54,52,47,38,51,50,7,6,13,11,11,20000,510
Genki Haraguchi,Japan,178,72,32,76,77,42,46,39,71,64,37,73,70,65,74,66,76,87,41,84,64,87,65,51,57,67,68,72,54,56,56,11,16,11,11,7,2500000,645
Han Seok Jong,Korea Republic,184,72,31,62,56,57,61,62,55,44,65,58,57,46,63,62,58,72,64,67,60,54,61,55,60,38,51,48,46,38,43,16,10,15,9,7,40000,606
Kayne Ramsay,England,184,66,22,55,62,58,61,61,59,52,59,42,51,59,54,40,75,65,66,67,74,61,62,58,43,33,35,44,34,45,40,6,12,10,9,15,42500,302
Lenny Rodrigues,India,182,64,36,58,52,53,55,65,52,42,55,55,53,44,61,57,69,75,69,66,68,66,52,41,60,39,51,46,42,45,43,9,9,7,13,9,6000,218
Jorge S√°nchez,Mexico,175,71,25,68,71,69,71,76,70,60,71,64,66,64,66,62,85,87,78,84,86,82,79,64,67,44,45,65,40,50,40,12,10,10,12,7,4400000,26
Qazim La√ßi,Albania,175,67,27,69,70,60,66,72,66,63,66,66,69,69,71,65,76,79,70,68,69,83,74,63,69,65,72,67,65,56,61,9,8,11,12,9,1300000,582
Robin Voisine,France,188,77,21,49,35,64,66,76,49,29,54,26,40,30,38,29,62,41,72,30,51,58,33,73,42,28,35,26,24,32,38,14,6,14,8,11,24000,227
Kamil Kruk,Poland,185,79,23,48,33,61,65,63,60,30,64,32,52,33,54,40,55,68,75,73,64,63,68,58,42,48,41,42,31,34,25,8,7,13,10,10,50000,596
Mathias Kvistgaarden,Denmark,175,68,21,63,63,45,44,87,65,65,34,52,58,45,57,43,82,68,62,85,81,81,72,58,65,63,53,46,41,53,60,11,14,9,12,14,67500,107
Pedro S√°nchez,Chile,179,66,25,60,55,10,12,30,59,60,31,60,48,43,55,48,73,58,41,55,76,70,61,55,52,57,50,43,38,57,41,13,6,11,8,8,27500,198
Alexis Sauvage,France,186,82,31,24,10,12,11,27,52,13,23,26,45,9,20,19,45,34,71,34,43,41,58,12,47,9,11,11,15,23,13,63,69,67,63,66,57500,593
Kenneth Omeruo,Nigeria,184,84,29,55,52,69,71,72,70,34,69,34,70,47,61,60,60,72,81,54,68,61,90,68,54,22,31,24,23,35,27,7,9,8,16,15,1400000,112
Jesse √ñst,Finland,194,90,32,25,15,24,18,36,63,8,23,62,42,10,43,45,27,30,75,28,31,32,41,25,49,7,9,35,27,31,20,61,62,63,65,63,25000,294
Emanuel Reynoso,Argentina,176,67,27,80,81,54,57,71,78,83,60,83,80,71,81,77,77,71,64,73,59,84,62,59,70,65,71,73,77,61,48,5,7,11,9,9,19000000,408
Gon√ßalo Ramos,Portugal,185,82,22,76,73,21,42,80,77,80,34,63,74,60,71,65,78,89,79,76,77,78,84,79,83,80,67,60,45,57,74,7,15,9,7,15,17000000,537
Dylan McGeouch,Scotland,178,69,30,68,67,58,58,62,59,58,58,65,69,59,68,66,52,66,69,74,65,69,64,54,66,47,56,52,45,52,42,14,10,11,15,15,57500,262
Bryan Nokoue,Cameroon,180,70,21,58,56,60,60,63,59,44,57,48,57,56,51,46,72,72,66,68,74,59,62,58,44,39,46,46,39,43,42,8,9,7,14,12,50000,16
Andreas Christensen,Denmark,188,81,27,76,67,83,84,75,84,32,85,62,79,51,80,73,59,68,77,60,76,61,79,80,37,36,20,41,39,36,25,6,10,12,8,8,29000000,207
Bart van Rooij,Netherlands,174,72,22,66,63,62,67,55,64,44,62,48,67,62,64,53,77,79,60,72,80,69,51,42,50,32,29,45,37,38,24,9,10,12,13,10,1100000,420
Maximiliano Pereira,Uruguay,173,73,39,62,68,75,75,69,64,67,74,66,74,71,71,71,55,51,72,71,43,54,60,65,68,65,56,70,59,65,60,10,16,8,6,9,30000,509
Goh Young Jun,Korea Republic,168,69,22,62,69,37,33,61,64,57,26,66,57,55,64,60,80,72,34,88,78,60,61,33,59,56,50,57,53,46,41,10,15,13,10,9,65000,470
Giorgi Khabuliani,Georgia,193,77,19,59,60,32,34,47,53,59,17,48,45,40,58,50,68,52,74,58,71,59,61,63,60,65,57,59,41,67,57,14,11,10,12,10,24000,24
Hong Si Hoo,Korea Republic,173,68,22,60,64,25,24,44,46,60,24,55,58,55,60,51,80,58,64,84,81,81,49,44,68,60,50,58,50,52,58,10,14,5,13,11,30000,327
Liam Boyce,Northern Ireland,184,75,32,71,67,19,24,74,62,72,34,68,74,43,67,60,67,73,79,68,68,78,74,69,70,75,67,58,55,71,55,14,11,12,9,13,1300000,306
Mamadou Loum,Senegal,188,80,26,66,70,70,71,84,68,50,72,62,69,42,68,65,42,73,84,42,47,56,75,71,76,42,66,57,42,47,44,8,11,13,11,6,1800000,499
Csaba Bukta,Hungary,176,65,22,63,65,39,43,37,47,55,46,54,48,60,56,42,86,59,33,78,84,81,45,39,50,57,48,54,53,49,51,7,12,9,14,12,45000,530
√ìscar Clemente,Spain,175,67,24,62,61,52,39,45,68,66,31,67,64,66,70,73,68,56,40,77,77,60,58,45,45,60,55,48,42,50,37,8,9,11,7,8,1200000,630
Juergen Elitim,Colombia,169,67,25,66,65,27,24,65,61,50,32,62,58,58,63,56,80,64,50,83,73,77,75,38,57,57,61,60,67,59,46,6,14,8,12,12,55000,479
Bruno Soares,Brazil,194,85,35,47,41,55,62,68,53,26,63,35,55,34,52,42,40,35,89,32,39,34,60,67,62,23,21,32,18,29,18,8,6,9,13,15,19000,543
Konstantinos Triantafyllopoulos,Greece,186,81,30,54,41,65,66,87,60,24,66,35,56,55,55,60,60,72,83,57,63,49,80,69,53,19,24,30,25,39,28,14,9,10,12,7,85000,469
Emmanuele Matino,Italy,186,75,24,29,29,59,64,43,48,26,49,33,45,24,32,29,57,62,57,57,55,48,66,47,36,21,20,29,26,34,29,7,10,12,8,5,8000,78
Basilio Ndong,Equatorial Guinea,173,73,24,59,58,61,58,60,57,46,56,47,57,57,57,55,76,72,81,68,71,59,70,38,45,32,38,54,49,45,46,13,12,7,13,9,42500,636
Sam Baldock,England,170,67,34,68,66,28,28,70,67,69,35,56,62,57,59,41,61,52,53,81,60,74,56,59,67,66,66,63,58,68,65,8,8,14,13,14,45000,447
Enzo Basilio,France,187,75,28,28,17,12,14,21,67,18,21,23,22,13,29,26,44,26,58,65,49,30,54,17,48,13,19,14,18,20,9,63,67,64,64,68,77500,192
Giacomo Cal√≤,Italy,180,74,26,60,56,64,67,70,70,46,67,65,67,46,71,68,67,73,70,70,62,57,64,48,51,35,49,37,35,44,28,12,9,7,14,9,1200000,155
Vitalie Damascan,Moldova,180,74,24,64,64,14,16,51,63,63,15,62,64,51,58,49,74,66,65,67,76,73,54,60,66,64,63,44,67,61,56,14,8,13,8,11,67500,242
√çrven √Åvila,Peru,170,70,33,72,70,20,19,50,70,72,33,66,64,62,62,55,67,62,60,88,65,75,58,64,69,76,67,56,56,73,65,13,12,13,8,14,1200000,586
Cristian √Ålvarez,Argentina,186,83,37,22,13,15,14,25,62,17,24,31,58,14,25,44,44,38,64,53,50,65,60,12,52,11,15,12,14,14,15,74,75,70,69,73,8000,505
Jeong Jae Hee,Korea Republic,174,70,29,61,69,43,42,57,53,66,55,50,63,63,58,56,88,80,62,75,89,87,56,45,69,63,62,61,54,49,48,8,10,12,13,9,1000000,470
Dan Ndoye,Switzerland,184,79,22,70,72,47,48,56,64,67,30,64,63,65,67,53,80,61,64,72,82,74,58,52,70,64,61,58,57,60,58,15,10,14,10,12,1600000,208
Manuel Haas,Austria,180,76,27,62,57,58,58,63,57,52,59,43,56,65,57,53,71,67,66,69,72,64,64,60,53,46,49,49,42,40,43,9,12,11,12,7,47500,647
Tom Knowles,England,183,70,24,61,64,37,43,72,58,59,41,53,56,54,55,50,85,74,67,74,84,77,64,52,67,57,61,56,54,52,53,9,5,6,8,8,47500,661
Andr√© Ramalho,Brazil,182,78,31,68,62,72,75,69,74,45,76,67,72,46,75,76,54,73,79,67,40,68,91,78,76,51,71,58,68,42,42,13,7,12,14,15,4600000,449
Sean O'Brien,Republic of Ireland,180,68,21,54,56,18,10,44,54,54,12,51,51,41,52,43,71,61,64,69,72,70,66,52,54,56,51,42,48,54,47,11,13,12,7,12,16000,262
Manu Garc√≠a,Spain,182,74,37,71,67,65,77,81,72,68,74,74,72,62,75,73,32,68,73,63,45,52,71,67,72,68,67,58,56,71,45,7,8,14,9,11,75000,114
Simon Skrabb,Finland,174,75,28,64,64,52,51,55,65,67,56,63,62,64,61,62,65,65,63,72,67,72,82,54,66,62,63,64,59,49,65,14,14,12,16,14,52500,352
Jorginho,Italy,178,68,31,87,79,71,80,78,83,69,81,84,84,75,91,88,63,86,66,72,47,75,58,56,71,64,62,75,76,89,71,14,14,7,13,8,40500000,58
Sean Gannon,Republic of Ireland,183,67,32,58,57,61,63,61,60,50,59,51,54,55,59,54,67,67,70,60,69,66,67,59,56,52,44,51,35,44,52,9,10,10,15,10,32500,564
Carl Rushworth,England,188,86,22,30,24,12,14,20,59,7,15,47,42,13,40,39,56,29,58,52,54,55,55,14,48,6,9,13,22,10,7,65,65,63,64,66,60000,382
Cong Zhen,China PR,180,75,26,57,56,50,56,63,61,55,50,55,59,51,54,54,71,71,70,70,72,73,51,48,63,55,57,54,59,50,47,12,11,13,10,11,16000,567
Tim Kleindienst,Germany,194,85,28,66,61,22,29,61,69,77,28,55,69,50,63,53,58,89,86,45,75,51,70,76,76,76,69,54,48,68,69,7,7,8,12,14,2600000,308
Clark Robertson,Scotland,188,76,29,58,54,65,65,63,63,50,65,48,59,59,54,49,56,68,75,63,58,61,78,66,35,26,28,51,36,49,17,10,14,9,9,7,62500,474
Nick Viergever,Netherlands,183,77,34,69,65,75,73,74,73,55,74,62,70,62,72,68,66,76,74,66,68,64,80,68,62,56,48,52,39,48,41,7,8,9,11,11,2000000,239
Ezequiel Centuri√≥n,Argentina,184,79,26,21,24,17,11,33,66,7,11,35,43,11,34,24,52,36,69,40,45,45,72,12,50,7,6,20,14,18,16,70,73,67,66,70,1300000,509
Ryan Hardie,Scotland,188,73,26,64,63,18,21,27,64,67,18,45,61,39,57,42,84,73,73,69,88,71,72,61,66,67,59,48,55,65,60,7,12,9,10,15,1100000,468
Cao Xiaoyi,China PR,174,72,20,39,46,53,53,45,53,47,45,34,36,43,30,20,70,45,49,75,70,59,58,37,27,23,22,32,30,39,22,9,13,10,7,14,6000,679
Aleksander Pawlak,Poland,178,70,21,56,52,57,64,52,55,51,58,56,52,58,62,57,69,70,45,69,69,58,61,54,51,35,52,53,39,42,39,9,12,11,6,12,40000,674
Peter Ankersen,Denmark,179,74,32,65,66,63,63,65,62,61,64,56,61,64,64,58,77,75,60,73,74,73,70,47,66,52,57,64,59,51,57,15,13,16,7,13,75000,201
Ezequiel Lorcado,Peru,177,78,23,42,42,63,73,62,70,45,70,62,63,57,72,65,51,67,72,74,50,50,68,47,52,33,41,32,43,53,22,14,15,15,15,14,1100000,72
Santiago Colombatto,Argentina,179,71,26,72,67,63,64,70,68,63,64,72,67,59,73,72,68,76,70,73,63,70,71,58,70,64,72,67,71,52,46,12,7,12,13,10,1800000,217
Conor McCarthy,Republic of Ireland,193,82,25,52,50,67,69,63,58,27,63,43,55,51,55,53,63,86,74,53,55,51,78,65,40,21,32,28,29,33,29,8,7,13,7,8,72500,79
Will Smith,England,184,72,24,45,40,61,62,64,58,32,61,36,53,29,49,43,66,68,76,57,64,58,78,62,36,22,20,31,29,41,29,10,7,14,11,15,40000,302
Louis Samson,Germany,190,81,28,55,55,61,65,70,61,51,60,52,57,44,62,55,52,72,80,37,62,55,46,61,40,39,44,32,37,40,22,12,11,12,5,13,47500,296
Lorenz Assignon,France,181,76,23,69,71,68,69,57,63,52,61,50,53,66,68,51,75,66,59,74,75,71,62,58,58,33,47,58,41,48,31,8,11,13,15,8,1500000,594
K√©vin Soni,Cameroon,183,76,25,70,72,37,42,57,63,65,32,63,59,57,60,55,76,61,73,69,76,75,70,64,58,64,52,57,48,53,57,8,8,12,7,9,82500,304
Juan Foyth,Argentina,187,69,25,77,69,79,82,79,76,53,79,65,67,70,76,69,71,73,78,71,73,69,73,75,56,43,42,61,47,47,43,14,8,15,7,9,18500000,653
Denys Antyukh,Ukraine,183,78,26,60,58,30,45,61,55,56,62,63,44,66,64,56,71,63,64,59,70,63,43,38,54,56,61,53,37,49,46,5,12,7,8,12,45000,186
Ianis Hagi,Romania,182,72,24,76,73,33,31,57,67,72,32,76,71,70,75,72,65,74,60,71,73,79,47,60,73,70,75,80,70,67,66,15,6,9,16,13,3500000,497
Kosuke Nakamura,Japan,185,82,28,18,12,14,13,31,70,6,9,37,40,12,24,23,43,25,61,53,35,60,65,12,56,9,9,14,11,13,9,70,73,65,75,76,1800000,472
Soufiane Bidaoui,Morocco,176,63,33,71,73,40,31,49,60,61,30,55,62,56,67,62,80,82,33,85,74,86,46,48,66,68,57,62,56,55,54,15,11,7,15,5,80000,266
Ignacio Mart√≠n G√≥mez,Spain,175,69,21,69,62,64,62,62,63,41,59,63,56,56,68,65,68,65,48,75,72,66,64,48,57,39,47,55,54,49,43,7,13,8,8,7,57500,480
Ardon Jashari,Switzerland,181,82,21,67,66,58,65,76,71,64,65,65,66,58,67,69,68,74,69,69,64,70,65,56,62,58,65,62,59,60,61,13,8,7,14,5,1200000,224
Manuel Romero,Paraguay,175,74,30,60,23,60,63,60,61,22,66,26,60,30,61,55,54,63,80,64,54,51,71,64,33,20,23,25,26,38,26,11,7,15,15,15,50000,284
He Chao,China PR,178,78,28,58,58,52,61,76,68,61,61,63,61,59,67,68,73,78,73,77,70,81,68,65,63,51,56,54,59,62,37,9,7,13,13,7,62500,678
Hardy Vienda,Ecuador,176,75,27,73,65,61,58,69,57,48,58,52,57,61,65,61,63,72,71,62,63,81,63,62,66,44,67,54,41,76,58,9,9,11,13,8,57500,5
Walter Vendil,Bolivia,185,81,31,16,12,11,8,20,65,9,11,37,61,14,19,16,48,39,65,61,49,50,75,11,50,6,7,9,11,19,8,72,59,47,66,74,40000,521
Ryan Bertrand,England,179,85,34,75,73,73,74,75,69,63,70,64,73,76,75,69,60,54,69,69,67,63,72,68,59,50,54,71,66,52,43,10,11,13,15,15,1600000,376
Stefan Parkes,England,182,78,19,55,51,58,57,71,58,56,64,46,48,44,49,38,63,53,63,52,55,56,57,55,39,32,35,40,38,36,33,5,12,13,13,6,19000,267
Lasse Berg Johnsen,Norway,179,75,24,69,64,65,67,66,67,59,67,61,67,55,71,68,69,87,71,74,65,77,70,55,64,49,49,58,50,50,55,11,8,8,13,13,1700000,496
Fabian Schubert,Austria,194,84,29,62,52,29,25,50,61,57,33,45,53,35,57,46,70,68,90,59,70,58,69,59,70,65,60,51,35,49,41,7,9,13,8,13,52500,235
Tarik Scott,United States,178,64,18,53,51,33,38,39,40,48,28,44,43,45,49,42,73,49,44,66,73,72,47,39,49,44,38,40,35,47,39,8,7,7,13,14,8000,214
Christopher Buchtmann,Germany,175,72,31,68,66,57,58,62,63,60,62,69,67,68,68,68,64,70,57,79,55,75,31,49,73,57,69,72,68,57,56,16,13,6,7,10,82500,644
Malte Amundsen,Denmark,179,81,25,63,68,57,64,66,63,54,67,60,51,73,59,58,72,73,76,66,75,64,64,41,60,39,51,50,35,38,44,6,9,14,5,10,1100000,425
Rik Vercauteren,Belgium,184,78,22,18,13,13,14,26,58,9,7,25,27,9,29,16,17,29,62,28,28,31,31,11,44,8,6,12,10,11,4,54,64,55,59,64,22000,492
Paul Tschernuth,Austria,186,84,21,20,12,12,11,25,41,5,7,21,30,11,24,20,18,24,41,38,17,22,45,12,45,8,9,12,11,19,10,58,60,61,60,60,19000,308
Soner Dikmen,Turkey,179,75,30,60,61,67,64,65,64,48,67,42,52,58,66,67,64,72,66,64,68,67,64,55,65,41,63,41,40,52,48,15,9,9,14,8,75000,359
Mao Kaiyu,China PR,185,80,32,30,44,54,52,42,46,30,53,28,32,30,45,44,50,60,71,50,57,48,71,50,37,34,29,31,32,35,31,11,6,11,6,9,5000,135
Habib Sylla,Ivory Coast,178,75,24,61,66,65,65,60,60,55,57,52,50,67,62,55,72,63,70,65,71,68,60,58,40,32,35,42,40,55,41,9,6,9,11,11,90000,269
Dominik Bilogreviƒá,Croatia,182,74,24,66,65,48,41,45,59,43,24,55,60,51,66,61,55,34,58,64,55,59,50,47,69,55,50,62,48,63,52,7,5,10,10,6,25000,528
Petar Pu≈°iƒá,Switzerland,169,63,24,70,71,55,57,58,64,63,45,64,63,67,61,58,81,70,33,83,81,80,69,52,64,61,50,65,57,45,28,12,8,6,5,13,97500,286
J√©r√¥me Deom,Belgium,175,65,24,70,68,57,59,69,61,62,62,67,63,58,68,63,79,70,31,84,69,81,82,37,59,47,52,56,58,52,43,14,6,8,9,10,82500,344
Haroune Camara,Saudi Arabia,184,81,25,53,56,11,18,42,57,63,23,53,47,42,51,42,71,61,78,67,75,70,82,53,58,59,53,54,45,58,52,10,5,14,6,15,27500,33
Kai Pr√∂ger,Germany,177,73,31,77,77,29,38,63,68,66,41,57,64,61,53,50,90,79,68,78,85,77,34,46,80,68,69,61,65,50,68,8,9,14,11,12,1400000,301
Ben Garuccio,Australia,174,73,28,64,65,60,63,47,62,65,66,64,62,65,62,61,77,84,67,78,76,75,71,46,62,46,52,55,60,49,65,9,12,16,9,10,97500,669
Mario Ses√©,Spain,178,72,21,62,65,42,40,64,52,54,41,53,51,61,60,57,78,55,53,68,76,73,46,45,61,56,52,55,44,65,52,5,15,7,11,13,42500,478
Mat√≠as Pellegrini,Argentina,176,71,23,70,71,50,49,46,68,68,46,68,61,59,62,58,81,66,56,74,84,78,46,52,68,64,50,51,58,69,46,6,13,10,11,11,1600000,425
Veljko Birmanƒçeviƒá,Serbia,179,67,25,68,76,38,35,41,66,67,35,69,63,58,70,62,83,78,58,76,78,88,52,41,65,66,65,65,67,61,58,14,14,11,11,7,1800000,622
Kristoffer Ajer,Norway,196,94,25,74,73,76,76,80,67,54,73,50,75,58,71,64,55,64,90,46,79,52,56,74,64,58,47,58,42,49,41,7,9,9,14,10,5500000,101
Marcel R√∏mer,Denmark,181,79,32,63,60,59,60,75,60,55,62,56,59,54,65,61,53,80,75,66,54,61,62,50,65,46,52,54,50,40,48,14,11,8,8,6,60000,387
Tuhin Das,India,174,69,23,49,45,43,41,53,40,42,42,43,42,46,50,49,68,61,59,58,71,65,64,44,42,31,35,41,35,30,31,9,15,8,7,13,6000,189
Emmanuel Danso,Ghana,170,63,22,62,60,46,48,34,48,46,49,58,50,48,63,62,71,57,34,81,73,82,45,40,42,36,34,48,40,32,26,8,8,13,9,14,17000,602
Lucas Tousart,France,185,83,26,70,71,76,79,82,71,57,78,60,68,56,77,74,52,83,82,66,72,59,80,73,73,42,62,39,45,48,43,10,11,15,16,15,10500000,312
Abdullah Al Khatib,Saudi Arabia,186,72,28,58,47,64,66,56,61,34,60,32,46,30,59,48,66,71,76,66,75,65,77,58,40,19,24,23,24,38,28,9,11,11,9,6,45000,196
Nishan Velupillay,Australia,181,77,22,60,58,21,26,32,41,49,35,53,51,53,55,40,87,44,60,66,88,87,41,37,60,57,45,45,34,44,37,11,8,10,5,15,24000,400
Ben Johnson,England,180,69,23,69,66,72,74,67,66,56,72,50,65,71,69,59,75,75,70,69,76,66,75,65,45,34,37,60,39,39,30,12,10,10,15,9,4500000,668
Michele Castagnetti,Italy,180,71,33,71,66,70,72,70,69,55,72,66,72,65,71,68,61,78,77,72,53,68,73,64,85,65,73,62,68,58,70,8,7,6,9,14,1600000,159
Kye Rowles,Australia,185,80,25,45,33,69,73,71,61,27,67,29,62,26,67,61,62,76,77,64,70,60,84,70,34,16,27,24,22,33,31,10,13,12,6,9,1600000,306
Patric Alejandrez,Peru,178,72,31,69,68,66,58,81,75,64,49,70,58,65,68,60,78,52,66,66,79,77,55,71,53,48,55,63,59,48,50,40,54,44,66,47,97500,584
Tino Livramento,England,181,71,20,73,74,71,74,70,72,60,76,57,66,68,73,57,78,68,57,79,79,74,66,55,47,47,46,64,51,41,41,13,10,12,8,13,4200000,579
Gamadiel Contreso,Paraguay,187,82,39,55,41,70,64,72,64,24,66,45,67,62,63,60,56,61,72,53,53,55,71,66,54,44,52,36,55,61,34,9,7,16,12,11,16000,284
Nilson Alfarinho,Brazil,190,89,39,16,10,15,18,21,67,9,13,70,54,18,36,26,25,31,65,59,48,25,68,9,54,8,12,11,13,41,9,78,68,71,72,77,11000,68
Jes√∫s L√≥pez Soria,Spain,187,75,21,15,8,12,13,25,50,9,15,25,26,12,15,16,34,30,44,32,18,22,51,11,44,9,10,11,14,15,6,59,59,64,58,61,20000,190
Moritz Heinrich,Germany,180,75,26,64,63,45,48,33,58,59,41,55,53,58,55,44,74,70,61,74,76,75,58,49,58,50,43,44,56,50,48,14,7,14,12,6,45000,581
Murildo Kau√™,Brazil,178,78,23,75,77,35,40,45,77,80,38,75,59,74,74,70,81,82,74,66,81,77,41,29,63,68,56,56,55,34,49,14,10,10,11,9,12500000,451
Umut Mera≈ü,Turkey,178,73,27,63,66,65,67,69,62,60,65,53,54,65,65,58,72,79,70,74,74,72,72,53,53,34,43,57,38,45,39,15,6,13,7,11,1200000,87
Marc Hornschuh,Germany,188,80,32,58,54,65,65,55,62,47,63,54,65,61,65,63,34,39,70,49,46,53,73,68,46,36,46,45,36,40,35,14,13,10,15,10,27500,244
Erik Tobias Sandberg,Norway,190,80,23,56,46,58,60,67,56,30,59,33,49,34,56,48,58,62,71,60,60,67,73,58,52,29,28,29,30,37,36,12,12,9,6,8,25000,251
Cristopher Medina,Chile,170,71,22,59,53,60,57,60,58,58,52,39,42,56,55,43,65,62,62,71,69,70,62,39,47,36,22,41,23,30,20,9,8,6,9,6,24000,198
Meng Junjie,China PR,180,78,22,49,45,12,15,32,45,46,16,42,44,26,42,32,60,49,59,53,60,57,72,49,51,53,46,36,26,53,33,14,7,10,9,8,6000,514
Adrian Sandach,Poland,190,85,19,17,7,14,14,23,37,6,7,28,39,12,20,15,18,23,61,27,27,37,30,14,42,6,5,14,13,18,5,55,57,61,56,57,11000,360
Matthieu Dreyer,France,188,81,34,21,16,10,14,21,59,10,19,22,54,10,31,38,47,27,68,40,53,45,76,14,51,10,14,10,13,11,16,69,71,72,68,73,60000,16
Tim Schreiber,Germany,190,87,21,19,14,14,11,28,54,5,13,44,35,14,42,38,29,36,65,25,28,44,55,10,50,7,6,11,11,18,9,65,70,62,66,72,85000,315
Vasilios Barkas,Greece,195,91,29,20,12,13,12,36,65,12,13,58,60,14,31,29,48,39,70,29,45,45,62,14,53,10,9,14,15,20,8,68,69,70,71,70,1100000,239
Greg Taylor,England,186,73,33,54,48,61,65,65,60,46,62,53,62,53,54,53,49,67,73,71,53,61,79,60,48,35,38,43,40,39,38,13,6,7,11,11,30000,121
Nolan Norris,United States,178,68,18,53,56,55,58,57,46,63,40,36,64,42,54,37,68,58,44,71,67,59,59,48,53,60,61,57,58,38,47,5,15,10,9,5,10000,214
Michael Ologo Inainfe,Nigeria,193,80,20,58,45,62,63,55,58,30,66,30,60,27,32,31,70,60,74,53,72,68,73,59,48,21,28,28,26,46,29,11,8,6,8,7,37500,685
Rushian Hepburn-Murphy,England,173,65,25,60,64,23,22,40,56,59,21,48,57,39,54,40,86,44,34,78,87,74,60,58,61,62,58,42,43,60,54,11,14,13,11,7,37500,609
Sean Rea,Canada,171,63,21,64,64,23,29,29,46,50,27,60,64,53,58,44,68,50,36,79,61,81,59,31,55,50,60,58,42,50,35,13,10,14,9,6,25000,116
Wes Burns,Wales,173,68,28,66,68,56,56,44,66,63,54,60,58,64,62,54,92,88,64,87,90,84,76,59,66,64,55,53,46,63,51,8,8,13,13,9,1200000,335
Juan Cala,Spain,185,78,33,62,56,66,69,78,65,36,70,47,59,59,69,65,45,75,79,53,54,60,79,72,72,46,59,66,40,46,47,15,15,8,14,10,1000000,163
Christoph Kramer,Germany,191,80,32,77,74,72,77,72,79,72,81,73,79,61,78,75,52,82,72,54,34,54,51,65,54,48,43,54,58,47,58,6,8,13,9,8,10000000,388
H√°kon Arnar Haraldsson,Iceland,180,73,20,70,69,54,55,70,65,68,57,66,68,61,68,60,73,82,55,82,75,86,58,45,63,63,56,66,61,54,59,14,7,14,10,6,1300000,201
Bernab√©,Spain,189,76,30,20,14,20,14,21,66,13,22,32,48,12,23,22,45,41,60,52,46,33,64,18,48,19,14,16,19,23,17,66,66,68,64,65,70000,43
Arne Sicker,Germany,184,67,26,64,64,59,61,56,56,49,54,56,52,63,60,60,90,81,51,66,88,73,76,50,43,29,27,43,30,28,26,12,5,7,14,9,85000,545
Brian Ocampo,Uruguay,175,74,24,70,79,47,43,62,61,65,62,65,70,76,66,67,85,69,59,77,82,82,56,49,71,64,71,78,74,61,61,9,7,14,9,14,2700000,163
Sandro Schendl,Austria,173,67,20,59,61,52,54,72,49,45,54,48,49,55,57,56,76,54,46,82,77,81,70,37,54,46,45,45,44,37,39,11,9,6,14,6,22000,536
Daniel Ayala,Spain,190,84,32,64,61,67,71,78,64,49,71,59,64,33,58,50,49,58,75,50,52,53,71,73,47,43,32,41,32,37,29,6,15,8,15,10,1100000,89
Rafael Delgado,Argentina,178,70,33,68,70,70,70,87,72,73,71,72,73,65,67,65,77,80,79,79,80,79,79,71,82,55,68,83,64,67,57,14,9,13,7,11,2100000,152
Fernando Torrent,Argentina,173,72,31,66,67,64,67,64,65,57,61,47,55,69,62,58,73,73,68,65,75,72,67,52,62,39,54,52,41,45,42,8,7,13,9,8,1000000,320
Xu Xin,China PR,179,70,29,59,56,62,55,66,58,55,59,54,57,50,62,67,62,75,75,71,69,74,74,62,64,44,58,42,48,45,39,13,9,10,11,10,42500,566
Benjamin Faraas,Norway,180,70,17,56,54,41,44,36,46,48,41,48,45,43,58,56,66,52,34,65,67,68,52,42,45,47,43,42,38,38,40,8,13,10,7,11,8000,297
Nathan Holland,England,178,70,25,64,66,19,21,43,59,61,26,59,61,56,56,52,84,53,41,78,79,76,55,30,55,54,55,52,55,52,47,10,6,13,7,8,55000,389
Wang Dongsheng,China PR,179,67,26,35,57,59,54,48,50,48,49,32,37,45,28,24,64,64,43,71,63,57,61,41,28,20,28,35,26,34,29,9,6,8,5,5,9000,682
Jeppe Tverskov,Denmark,185,85,30,68,57,68,71,66,62,41,68,47,66,40,69,65,47,77,78,56,46,54,77,69,48,44,40,41,33,38,35,10,15,7,10,13,1200000,442
Joe Lumley,England,191,73,28,23,19,20,19,33,64,19,25,53,28,18,21,23,43,38,63,51,46,30,55,19,55,12,16,15,13,17,15,64,71,64,73,72,1100000,499
Onur Erg√ºn,Turkey,185,77,30,65,61,60,67,68,67,63,66,63,69,59,66,65,60,72,73,66,55,64,66,70,70,59,63,61,57,77,54,10,7,5,10,7,87500,304
Gianluca Di Chiara,Italy,186,78,29,64,63,66,64,62,61,46,62,46,68,73,62,60,71,83,76,60,78,63,74,58,54,23,50,65,50,34,29,7,8,11,11,14,1300000,507
Marcel Correia,Portugal,186,81,34,64,58,65,66,67,66,42,65,59,68,63,67,61,59,36,75,67,59,70,91,66,44,38,33,48,33,37,25,10,13,7,12,11,47500,542
Alexandru Crivac,Romania,181,73,21,58,38,51,55,47,37,23,53,54,40,32,55,48,73,58,56,53,70,67,66,41,54,36,33,30,31,27,53,5,12,8,14,12,11000,231
Ryan Alebiosu,England,188,78,21,62,66,62,64,69,57,58,56,55,57,60,64,55,70,72,67,60,67,64,69,57,40,42,40,56,42,30,34,11,13,11,5,5,60000,358
Tomasz Kƒôdziora,Poland,183,77,29,63,63,75,74,72,68,66,67,64,59,74,68,64,74,80,71,67,79,71,73,69,56,38,51,58,37,38,39,10,16,8,11,9,3800000,448
Andreas Cornelius,Denmark,193,91,30,68,63,15,26,75,75,78,31,69,73,52,68,50,64,71,89,52,67,54,72,82,80,77,67,62,55,66,70,11,15,9,8,9,5500000,201
Bart≈Çomiej Ciepiela,Poland,182,75,22,60,59,36,32,48,55,51,24,56,61,52,58,54,65,48,56,66,64,62,51,39,54,48,48,49,41,46,41,14,10,9,14,12,19000,596
Mateusz Matras,Poland,193,88,32,52,45,57,65,77,64,45,64,57,64,47,61,60,32,63,90,33,54,29,62,67,61,44,53,44,37,43,32,13,8,6,14,11,57500,596
Kim Dae Woo,Korea Republic,179,78,22,58,57,50,54,69,57,58,53,52,56,41,58,56,58,61,70,64,62,66,63,42,56,30,49,56,55,41,33,12,11,13,9,11,17000,272
Akieme,Spain,175,70,25,75,67,72,71,71,65,58,69,45,54,69,70,48,78,76,65,82,79,73,83,65,55,40,44,45,36,40,21,15,8,11,14,13,3200000,628
David Ferguson,England,178,76,29,56,57,53,55,66,55,58,54,57,57,60,54,51,71,90,58,79,74,78,77,55,62,40,51,56,60,54,37,10,11,15,13,14,35000,303
Tom√°s Sultani,Argentina,185,78,25,18,12,13,16,19,58,9,17,21,52,18,31,19,45,31,63,45,45,55,62,16,47,17,17,19,15,23,18,71,65,59,63,74,87500,58
Liam Burt,Scotland,173,70,24,64,67,37,39,45,53,61,20,54,60,50,64,61,73,56,46,81,76,72,41,44,63,54,62,39,37,47,36,6,14,10,12,12,45000,564
Juan Portillo,Argentina,182,75,23,68,67,68,70,83,63,57,68,66,55,59,71,70,79,82,75,80,77,76,84,64,65,55,57,43,41,49,47,7,14,5,14,5,2000000,615
Gilles Dewaele,Belgium,182,74,27,60,53,64,66,63,65,68,66,57,53,64,63,59,67,87,64,70,74,62,66,58,68,62,57,49,50,58,37,13,7,14,13,10,1400000,597
Richard Wood,England,191,82,38,50,37,64,65,66,64,40,65,52,64,41,53,43,30,48,85,34,31,29,65,67,45,35,24,22,26,40,26,6,7,14,10,10,15000,519
Kevin M√∂hwald,Germany,182,75,30,74,72,44,70,61,72,69,59,70,72,78,74,72,54,69,68,66,34,66,83,54,84,61,80,79,67,46,74,10,15,13,12,8,1900000,635
Juan Camilo Becerra,Colombia,182,72,25,63,62,20,25,66,63,65,30,55,60,50,60,45,68,66,75,66,66,63,68,72,68,64,57,56,40,66,60,8,7,11,8,7,82500,488
Michael Jacobs,England,175,74,31,66,66,50,52,63,61,62,49,66,64,64,65,64,69,49,59,80,66,76,75,51,63,62,64,69,67,60,59,15,15,11,15,7,70000,474
Moataz Al Baqawi,Saudi Arabia,180,73,25,20,9,12,14,27,46,5,9,39,35,12,35,27,33,23,54,42,30,37,64,14,39,6,6,12,13,11,8,51,57,54,52,58,11000,40
Alan Velasco,Argentina,167,63,21,77,82,52,60,69,71,72,52,71,81,70,70,68,87,73,52,90,79,91,57,55,73,65,72,75,67,56,59,10,8,7,12,7,6000000,214
Tomas Lagardo,Bolivia,188,86,35,38,17,10,7,24,63,10,11,68,20,13,34,37,40,36,66,27,30,35,40,14,50,10,9,14,14,17,12,69,65,63,67,62,15000,617
Damjan ƒêokoviƒá,Croatia,188,85,33,71,66,63,70,75,69,68,63,61,71,67,70,69,62,75,87,50,68,67,70,60,73,60,62,73,64,76,55,10,14,10,8,6,95000,37
Justin Butler,United States,188,89,22,63,58,17,11,29,52,59,18,49,56,39,51,27,79,59,70,69,80,66,57,59,52,60,47,35,32,51,44,11,9,11,8,7,30000,221
Luca Fiordilino,Italy,177,68,27,74,69,62,68,73,74,52,74,67,66,66,74,71,81,77,63,78,84,80,77,57,68,52,63,65,57,58,57,10,13,11,15,11,1800000,612
Dominik Fitz,Austria,174,67,24,67,68,39,42,37,58,69,22,70,59,66,67,66,72,67,48,81,68,82,82,56,67,65,70,69,71,68,59,9,10,12,15,11,1400000,248
Moussa N'Diaye,Senegal,181,66,21,68,70,62,64,75,54,37,53,49,53,60,62,55,75,65,57,68,80,78,76,60,32,26,24,35,29,32,21,8,10,5,8,6,60000,492
Jonathan Ben√≠tez,Paraguay,178,72,22,60,65,23,30,42,55,60,19,60,45,65,58,50,73,55,46,65,74,57,47,38,53,50,39,43,40,49,41,11,13,9,7,10,47500,147
Lukas MacNaughton,Canada,188,83,28,50,50,55,62,63,64,33,62,29,49,20,53,53,50,65,73,49,68,42,76,64,46,22,34,23,23,32,35,14,8,6,14,12,45000,621
Connor O'Riordan,Republic of Ireland,193,84,19,42,36,54,57,56,48,25,54,34,42,29,43,41,61,54,77,47,58,49,54,57,36,19,20,26,21,29,24,6,13,8,9,6,13000,160
Ivo Rodrigues,Portugal,180,75,28,75,76,45,47,67,70,71,39,75,65,73,67,58,78,63,61,70,72,83,82,48,76,66,73,75,64,70,66,11,8,7,16,13,2500000,217
Jeon Sung Soo,Korea Republic,185,80,23,51,55,16,10,40,51,57,12,43,51,31,39,34,58,50,69,52,66,62,60,51,50,56,48,32,30,64,33,8,12,8,7,6,13000,559
Alessio Da Cruz,Cape Verde,186,74,26,71,73,26,35,65,69,72,24,58,64,61,63,58,75,55,65,70,76,74,60,56,75,71,66,71,51,52,58,14,12,15,12,13,1300000,347
Marcin Szpakowski,Poland,182,71,21,60,60,55,56,61,58,58,59,63,59,55,64,64,68,70,59,66,66,71,74,41,55,50,51,59,58,43,42,7,9,6,8,10,37500,360
Luis Muriel,Colombia,179,79,32,83,88,22,24,50,84,83,16,78,82,71,80,55,87,73,72,85,89,85,60,69,81,84,84,79,78,89,78,14,8,10,10,6,25500000,86
Ahmad Al Ruhaili,Saudi Arabia,189,85,28,16,19,11,19,18,58,10,18,31,45,19,25,23,43,33,73,34,43,35,54,17,41,14,14,12,12,18,11,59,62,58,54,57,19000,37
Ali Al-Hamadi,Iraq,187,76,21,53,54,12,14,57,56,58,16,46,56,32,43,32,72,52,63,54,70,63,58,57,53,59,53,38,33,58,39,9,9,5,9,10,19000,11
Rare»ô Gal,Romania,186,75,22,19,6,10,12,17,40,7,6,22,26,10,30,20,26,23,51,33,20,29,46,11,41,5,6,10,13,16,8,52,53,56,54,63,11000,117
Kevin Volland,Germany,174,85,31,80,80,38,50,80,83,85,45,81,84,78,80,74,70,85,86,79,69,73,76,76,87,83,84,79,80,72,85,7,8,7,9,12,25500000,15
Baptiste Santamaria,France,183,81,28,77,74,74,76,71,76,69,72,75,71,61,79,77,50,80,70,66,48,67,71,61,76,61,67,61,59,53,57,7,7,7,13,8,6000000,594
Vincent Pule,South Africa,169,64,31,71,77,34,45,47,55,76,29,65,62,67,63,48,83,54,51,84,82,72,60,61,84,79,71,60,61,65,59,11,11,6,5,14,2300000,446
Nick B√§tzner,Germany,175,63,23,75,73,52,59,53,58,53,58,71,60,66,75,74,76,70,56,81,67,79,63,37,57,60,62,69,56,54,59,7,9,8,12,7,1600000,348
Gary Madine,England,192,75,33,66,59,19,23,79,66,69,33,63,65,42,62,39,41,64,87,51,48,53,82,74,71,64,62,42,40,74,67,14,11,7,12,10,72500,90
Luke Le Roux,South Africa,180,70,23,66,63,58,60,70,62,60,62,64,62,51,66,65,74,82,66,81,76,81,72,52,59,46,46,56,48,55,51,15,13,8,8,14,75000,642
Jacob Ortmark,Sweden,176,77,26,67,66,55,59,54,61,61,59,65,68,57,68,64,68,82,62,75,66,79,81,50,62,56,58,62,59,54,58,10,16,12,15,9,82500,324
Jordon Garrick,Jamaica,179,77,25,63,67,37,43,46,60,60,39,57,56,58,58,44,80,60,65,72,81,76,63,56,72,64,58,53,40,50,56,8,10,12,7,10,67500,262
David Carmo,Portugal,196,89,24,62,45,76,79,80,76,22,78,53,70,31,70,70,53,65,92,32,54,35,36,74,43,23,23,33,25,38,28,14,10,7,9,15,11000000,230
Konstantinos Galanopoulos,Greece,172,72,25,74,70,70,70,77,67,72,69,68,64,65,72,72,77,75,67,77,75,72,59,63,75,71,73,65,48,49,59,6,6,12,9,7,2100000,8
Luca D√ºrholtz,Germany,178,65,30,60,63,56,60,64,64,58,58,59,60,55,64,61,65,79,56,74,62,74,61,58,61,50,53,52,41,40,48,16,6,7,11,8,40000,542
Fin Back,England,188,72,20,58,53,59,55,58,54,41,54,43,60,53,59,50,64,65,57,58,70,65,62,53,46,29,29,39,36,43,31,13,13,15,5,9,24000,126
Leonel Di Pl√°cido,Argentina,176,72,29,72,76,72,70,71,61,59,65,57,58,70,65,63,87,80,66,75,85,79,76,48,69,57,63,59,49,53,55,11,10,16,10,7,2100000,369
Sergi Roberto,Spain,178,68,31,80,78,74,76,67,77,69,76,81,76,81,81,78,71,88,69,73,77,69,41,70,65,63,66,78,60,57,50,15,14,16,11,10,18000000,207
Fernando Ni√±o Rodr√≠guez,Spain,190,78,22,70,67,28,31,52,72,73,31,55,57,52,71,53,66,70,74,61,64,67,73,72,74,72,70,54,51,65,68,8,11,10,8,14,2200000,654
Yuli√°n G√≥mez,Colombia,174,63,26,64,67,63,62,49,63,65,60,66,58,70,61,50,81,72,59,72,91,80,58,60,53,52,54,52,34,45,35,6,5,7,10,10,1500000,329
Abiel Osorio,Argentina,182,82,21,65,63,29,24,83,69,70,23,55,57,27,50,46,73,67,85,80,76,67,79,70,73,67,62,40,40,62,62,10,15,9,15,9,1400000,657
Richard Ledezma,United States,174,64,22,70,72,46,51,44,57,61,52,67,62,60,69,65,75,60,36,77,62,84,54,40,59,61,58,64,60,58,53,11,15,14,11,5,1200000,449
Xavier Mous,Netherlands,188,80,28,19,18,21,21,25,66,12,18,35,31,16,28,22,39,33,56,45,39,36,59,21,50,13,17,14,12,27,19,65,65,68,67,69,95000,684
Leonel Gonz√°lez,Argentina,179,70,29,63,62,70,69,80,65,54,60,49,56,51,60,68,74,75,76,73,72,68,82,59,53,37,39,47,45,60,35,14,12,15,14,15,87500,55
Maxime Do Couto,France,172,62,26,72,73,35,30,36,52,48,32,58,53,57,66,62,75,61,30,84,76,79,63,55,56,68,54,62,35,53,59,16,9,10,10,11,95000,246
Adam St√•hl,Sweden,187,75,28,64,64,57,57,65,60,62,57,55,62,60,62,53,73,74,72,68,77,67,56,50,65,59,52,56,48,56,52,6,11,14,13,13,57500,409
Cai Huikang,China PR,183,82,33,55,56,63,64,72,60,48,66,53,60,41,58,54,61,81,80,74,43,56,76,73,61,51,52,41,40,46,33,7,14,6,8,6,40000,566
Abdulfatah Aseri,Saudi Arabia,167,61,29,70,72,28,30,55,55,57,18,64,55,61,60,60,79,35,41,92,67,83,53,51,64,61,60,68,53,54,62,11,12,8,14,15,60000,36
Dario Oger,Belgium,175,76,21,62,60,53,58,55,48,52,54,58,57,51,61,57,71,58,53,73,66,73,69,41,54,53,56,48,51,52,46,10,7,5,13,14,23000,344
Youssouf Kon√©,Mali,174,71,28,68,70,68,67,76,63,60,68,59,69,70,67,53,74,63,70,78,75,71,70,56,56,42,46,65,42,46,37,14,14,14,10,9,1400000,6
Berat √ñzdemir,Turkey,188,89,25,71,68,65,71,72,69,65,71,69,70,63,74,76,74,85,72,66,68,71,70,68,72,52,68,66,49,49,58,8,13,15,9,7,2700000,196
Luca Kerber,Germany,181,77,21,70,69,62,64,62,67,58,60,69,66,53,69,66,67,81,62,78,71,77,58,44,61,55,45,59,40,43,43,9,13,13,9,11,1100000,548
Alessio Abibi,Albania,196,88,26,15,11,12,13,31,48,5,13,35,38,12,27,26,20,28,51,31,22,32,43,14,41,9,7,12,9,11,9,55,55,53,54,56,10000,461
Milo≈° Veljkoviƒá,Serbia,188,83,27,66,51,73,76,69,75,37,75,44,74,43,68,62,39,69,78,64,34,58,84,76,45,27,31,31,24,37,30,11,15,7,15,11,4000000,547
Jonathan Villagra,Chile,183,69,22,57,34,67,70,66,64,29,66,30,59,25,63,49,64,65,77,64,68,45,80,64,32,21,18,23,25,32,22,8,8,14,8,12,1200000,638
Bruno Fernandes,Portugal,179,69,28,84,79,65,73,82,91,85,67,90,79,86,89,87,75,93,66,79,69,78,71,64,88,83,88,86,85,90,87,8,12,14,15,14,72500000,396
Andrea Cagnano,Italy,180,83,25,56,52,59,57,54,62,39,64,40,44,56,63,51,66,72,75,62,68,67,54,48,31,30,35,37,42,46,34,9,7,9,7,11,50000,153
David Cawley,Republic of Ireland,178,76,31,57,58,53,56,58,54,53,55,58,57,52,59,60,52,75,65,70,47,64,68,54,62,53,56,51,57,53,38,6,6,11,11,10,19000,576
Rosaire Longelo,England,184,72,23,56,59,41,46,42,46,49,41,48,55,56,48,36,83,53,60,73,82,76,50,41,59,52,48,57,48,42,40,10,6,8,12,11,19000,23
Jeong Tae Wook,Korea Republic,194,92,26,53,42,62,71,69,57,51,66,46,51,32,58,55,39,61,91,36,67,34,77,79,38,31,18,35,34,36,29,14,9,11,8,15,1500000,340
Andr√©s Herrera,Argentina,178,75,24,68,76,70,72,77,71,77,67,60,75,65,65,57,79,75,65,69,81,77,62,62,70,60,60,44,47,49,44,14,11,14,10,12,2500000,509
Fabricio Dom√≠nguez,Uruguay,177,69,25,68,72,57,59,62,61,62,63,58,50,69,65,63,82,86,58,72,84,78,64,54,63,52,51,48,47,48,44,14,10,9,11,9,1600000,55
Salva Ferrer,Spain,184,73,25,59,58,69,62,70,61,50,65,51,56,70,59,52,71,69,72,66,68,66,67,63,48,25,33,57,35,48,38,13,7,10,11,11,1100000,368
Simone Bastoni,Italy,181,74,26,73,72,72,73,61,73,72,69,70,71,71,74,71,67,77,68,67,68,68,59,64,65,52,65,73,61,52,45,8,13,12,13,11,2600000,368
Pablo Goz√°lbez,Spain,170,65,22,71,70,44,43,54,55,64,52,68,52,53,67,66,61,49,46,79,55,66,61,61,65,70,65,63,61,55,53,10,11,10,12,5,1000000,640
Lluc Matas,Spain,186,75,21,15,7,12,12,22,52,7,6,21,31,10,20,22,29,25,40,39,25,38,52,14,47,9,5,10,13,18,9,59,66,61,62,60,27500,281
Romain Alessandrini,France,173,79,34,78,74,34,52,75,76,77,33,74,76,65,72,67,80,67,61,81,80,83,68,53,83,75,80,77,76,73,75,16,11,12,9,9,2700000,571
Lee Hodson,Northern Ireland,174,71,31,58,58,60,61,62,59,51,54,48,55,56,59,54,68,74,57,79,63,65,57,51,52,42,43,48,33,33,42,6,10,14,9,13,35000,358
J√∫nior Neg√£o,Brazil,187,75,36,76,70,34,33,74,64,74,23,57,62,51,66,58,73,75,86,56,81,62,57,73,76,83,57,68,55,69,74,16,13,7,6,9,2400000,135
Reece Welch,England,197,78,19,35,22,55,60,59,41,25,52,25,42,20,42,30,44,52,74,43,70,39,73,59,39,17,22,24,21,36,23,7,10,6,10,15,13000,197
Juanpe,Spain,190,80,32,63,40,70,71,72,64,32,67,55,66,35,69,63,53,69,83,28,55,35,74,78,55,35,30,30,30,40,15,8,11,8,11,13,1300000,281
Sauli V√§is√§nen,Finland,188,77,29,56,51,64,69,71,65,34,66,49,61,55,60,52,54,53,74,56,55,56,72,66,61,35,39,49,31,36,45,8,8,16,7,13,87500,155
N√©lson da Luz,Angola,177,74,25,74,75,30,35,44,65,63,44,61,60,61,65,54,81,76,64,73,76,74,44,46,75,64,60,58,44,64,61,6,6,7,10,5,1600000,656
Jozy Altidore,United States,185,79,33,60,62,17,34,72,64,68,32,64,65,46,61,50,64,51,85,53,63,59,69,71,76,68,66,68,69,70,61,12,16,9,14,12,82500,424
Jorge Marsiglia,Colombia,183,72,24,54,50,61,68,66,69,46,66,36,62,55,58,50,75,72,78,62,75,70,74,63,44,25,28,33,26,42,22,5,14,5,5,15,85000,175
Ola Solbakken,Norway,186,79,24,72,72,28,32,58,63,70,44,66,66,67,68,60,84,83,66,71,86,82,57,40,68,70,65,66,48,61,51,7,9,12,13,11,2700000,512
Johan Bengtsson,Sweden,178,67,19,57,58,15,23,30,53,50,15,56,49,39,47,41,68,60,46,73,61,57,54,46,58,59,54,46,33,61,49,12,14,13,6,11,13000,270
Houssem Aouar,France,175,70,25,81,81,58,64,68,75,72,68,80,75,65,81,76,72,69,66,81,71,82,65,59,69,67,71,80,72,74,68,7,14,6,11,10,12000000,439
Anthony Partipilo,Italy,181,74,28,70,65,35,40,50,72,70,45,78,67,64,71,67,80,80,66,73,88,71,41,67,63,68,72,73,58,62,62,15,11,9,15,7,2500000,616
Olivier Kemen,France,177,76,27,71,72,69,68,75,72,62,66,71,70,55,69,69,77,81,82,76,76,75,88,64,74,69,66,52,53,57,51,11,16,9,6,9,1800000,356
Viktor Boone,Belgium,191,81,25,57,47,64,66,66,59,28,63,47,54,34,61,59,58,63,71,45,68,53,63,67,42,21,24,27,29,32,25,11,5,7,9,9,72500,481
V√≠ctor Moreno,Colombia,180,78,28,64,48,68,72,71,58,49,66,49,56,38,65,55,72,72,80,55,71,64,83,66,56,33,46,38,36,44,31,8,11,11,10,7,1500000,329
Souffian El Karouani,Morocco,178,74,22,63,66,63,64,67,66,52,60,60,66,66,64,58,76,82,59,71,77,73,61,52,49,39,41,53,33,45,34,10,10,9,10,5,1300000,420
Can Co≈ükun,Turkey,173,71,25,60,63,55,59,53,60,58,57,61,58,64,61,62,81,80,56,83,71,81,56,45,53,53,49,61,55,49,36,11,6,12,7,5,62500,252
Albert Vallci,Austria,191,82,28,54,58,73,73,75,67,63,70,52,60,62,64,55,73,79,81,44,73,56,78,77,71,48,66,63,69,63,32,14,8,11,8,7,1900000,235
Anthony Knockaert,France,172,69,31,72,71,34,39,78,69,65,45,67,68,71,69,62,72,54,56,80,66,82,65,56,72,61,68,73,71,68,62,11,14,14,8,8,1300000,317
Steven Bradley,Scotland,187,74,21,62,63,31,22,51,52,59,24,55,56,60,54,45,72,60,53,62,70,69,57,55,63,58,56,58,50,54,57,8,6,9,13,5,37500,385
Phoenix Patterson,Scotland,178,70,23,56,59,43,41,49,53,48,33,55,59,53,60,53,78,36,41,67,76,64,55,47,60,48,46,59,50,56,50,8,10,12,10,9,24000,260
Armindo Sieb,Germany,175,75,20,75,72,11,18,49,61,65,24,57,59,47,58,46,80,67,59,80,79,81,59,49,61,67,58,48,33,60,59,11,13,10,7,15,80000,268
Pablo Villarronda,Peru,172,76,35,68,63,75,72,69,68,40,76,43,70,53,67,75,68,74,68,65,64,67,78,53,60,49,68,45,48,60,50,8,14,16,9,7,55000,143
Justin Steink√∂tter,Germany,184,75,23,58,57,17,21,57,62,60,20,50,52,50,60,40,81,64,58,70,80,71,71,61,66,62,56,48,38,58,56,9,7,12,8,6,47500,548
Oussama Haddadi,Tunisia,185,76,31,60,64,67,71,70,66,56,69,54,68,64,67,57,69,73,76,58,74,55,65,62,58,34,36,55,34,41,42,9,6,6,14,14,1000000,268
Onurcan Piri,Turkey,190,82,28,10,8,9,11,18,59,8,9,10,34,9,33,18,21,26,53,22,22,23,33,13,47,7,7,10,9,28,8,66,67,67,62,66,65000,280
Casper Andersson,Sweden,184,76,18,11,13,14,12,20,33,8,14,31,33,20,26,30,31,29,52,45,30,28,53,12,41,9,12,14,20,21,14,52,57,55,54,58,8000,352
Flavien Tait,France,176,73,30,79,80,65,69,70,77,74,69,77,77,72,78,75,74,82,60,78,67,72,53,52,72,70,75,76,68,61,65,8,12,15,14,9,10500000,594
Abdul Rabeeh,India,169,65,22,48,50,44,46,40,40,45,42,45,40,52,45,45,72,60,38,76,76,74,60,36,51,42,39,49,39,44,45,9,8,12,10,6,7000,321
Seny Dieng,Senegal,193,90,28,20,10,14,9,24,72,6,11,50,44,7,45,45,39,26,63,33,41,34,66,20,53,9,5,31,8,8,8,69,70,68,71,75,1800000,476
Uran Bislimi,Kosovo,183,78,23,66,66,57,54,75,62,56,52,56,60,54,68,67,70,76,67,67,69,66,66,56,58,55,50,61,50,44,41,8,11,5,14,9,55000,223
Rubem Esteiro,Brazil,179,77,35,76,76,60,49,45,72,68,60,75,64,84,71,68,77,80,57,77,75,80,62,51,66,67,59,67,65,62,62,13,8,14,13,14,3500000,451
Brandon O'Neill,Australia,179,78,29,63,59,66,67,73,65,61,63,64,65,62,66,66,57,82,70,75,61,70,74,58,65,57,62,63,63,63,55,12,15,11,7,7,90000,426
Cristopher Gazalio,Bolivia,176,72,31,64,67,26,28,56,61,57,25,41,62,43,52,38,85,50,64,78,87,86,75,60,70,66,58,43,46,58,68,12,13,10,7,9,70000,617
Anders B√¶rtelsen,Denmark,190,78,23,54,41,61,62,57,60,27,61,33,48,21,56,48,61,66,78,46,62,46,77,60,36,21,19,26,25,29,25,7,15,12,11,13,50000,250
Linus Hallenius,Sweden,185,75,34,62,57,26,29,67,65,70,33,55,65,48,63,47,71,70,79,58,71,65,69,63,72,68,65,45,48,57,57,11,15,6,6,8,65000,270
George Baldock,Greece,175,67,30,68,68,68,69,74,67,58,64,60,64,69,67,58,78,80,67,73,75,78,82,55,46,50,44,54,37,45,33,10,13,13,6,15,1600000,568
Chang Feiya,China PR,177,74,30,55,60,35,28,39,55,57,15,57,52,56,55,57,76,71,58,61,74,83,57,59,55,59,46,52,48,57,50,13,9,6,12,7,24000,291
Chris Maxwell,Wales,185,74,33,26,13,12,12,25,62,14,25,35,35,18,23,16,39,30,60,50,45,45,62,15,51,11,16,16,13,20,17,70,67,66,68,66,65000,90
Samuel Bastien,DR Congo,175,75,26,75,73,58,60,66,70,64,65,65,69,68,73,71,78,83,64,78,69,74,82,53,73,61,71,73,62,67,66,7,8,7,9,8,1800000,109
Nicolas Kristof,Austria,187,85,23,14,12,12,12,23,44,4,19,38,27,12,21,20,26,19,64,30,17,30,43,11,48,8,7,10,13,14,8,64,70,65,64,67,62500,542
Dirk Abels,Netherlands,181,77,26,63,60,64,66,72,66,45,69,40,65,63,64,52,57,83,71,66,65,57,70,65,51,38,52,48,33,34,23,6,11,7,7,11,1200000,583
Rolando Aarons,Jamaica,175,76,27,68,72,34,38,41,54,60,36,62,65,71,68,60,77,52,56,76,78,76,46,51,70,61,59,69,54,59,57,10,15,6,10,7,1100000,317
Ethan Robson,England,178,73,26,63,61,60,59,60,60,58,58,63,60,59,64,64,65,70,63,57,62,66,53,54,65,55,58,56,60,49,52,7,7,8,15,12,45000,389
Jack Hamilton,Scotland,189,75,29,24,13,13,14,16,56,15,19,45,44,16,30,18,46,32,48,65,46,44,58,16,45,13,14,15,16,23,18,61,62,61,60,62,27500,385
Taylor Luvambo,France,180,75,24,63,63,17,19,81,45,50,11,51,57,54,49,42,87,41,64,74,77,75,52,38,42,56,42,51,63,49,48,7,9,7,9,7,24000,192
Dennis Praet,Belgium,181,78,29,80,81,60,67,66,77,77,64,79,79,74,82,78,68,70,62,67,65,72,61,62,76,70,78,75,67,56,70,14,6,6,10,10,14000000,376
Andr√©s Bassedi,Peru,173,69,27,70,65,74,75,70,68,48,45,53,56,59,61,57,81,64,44,75,82,73,52,51,49,44,47,66,46,67,47,70,60,48,75,71,1400000,584
Simon Tibbling,Sweden,175,74,28,65,66,45,50,52,64,60,57,64,64,62,65,62,65,73,60,75,62,72,46,45,57,52,52,60,50,52,55,9,13,15,12,14,75000,557
Kwon Seok Joo,Korea Republic,179,70,20,29,46,53,57,53,48,34,50,44,51,42,46,43,52,60,41,70,55,56,53,45,22,26,23,36,32,40,23,10,14,9,9,12,6000,272
Matteo Meisl,Austria,188,80,22,57,38,58,62,62,56,28,61,36,58,42,55,52,58,65,78,50,61,48,62,63,45,24,26,31,32,30,23,13,9,5,12,6,40000,248
Adri√°n Mar√≠n,Spain,181,73,26,72,68,73,71,69,69,58,72,57,68,73,72,70,71,72,70,60,73,70,72,59,63,43,42,65,40,42,50,8,9,14,14,8,3100000,276
Korede Adedoyin,Nigeria,180,73,22,59,64,31,40,58,49,54,20,47,52,48,51,46,68,57,68,65,75,61,63,52,59,61,55,52,51,49,51,13,9,13,14,6,24000,23
Kebba Badjie,Gambia,179,71,24,67,67,31,32,33,54,59,28,52,53,51,56,49,84,66,52,73,80,77,50,51,67,63,53,50,43,54,56,6,13,10,8,7,57500,644
Tom Fellows,England,181,73,20,60,60,14,18,35,52,53,18,47,48,48,51,42,84,52,44,68,82,73,41,40,60,55,54,51,46,52,50,13,9,7,13,14,25000,158
Keylor Navas,Costa Rica,185,80,36,30,24,14,14,32,84,16,22,64,63,11,40,37,54,39,75,61,53,60,70,11,56,15,13,21,15,25,11,87,87,84,75,87,9000000,434
Marco Verratti,Italy,165,60,30,92,91,84,82,89,87,78,86,89,94,82,90,89,65,75,53,93,55,90,66,57,60,60,58,85,64,64,64,15,12,12,15,10,77500000,455
Salman Al Faraj,Saudi Arabia,180,64,34,75,70,57,71,70,68,68,69,77,81,76,78,79,49,64,66,67,53,81,61,57,74,63,63,82,66,66,73,15,13,16,11,11,2400000,32
Julian von Moos,Switzerland,181,77,22,64,62,12,16,38,51,61,12,52,51,46,57,42,79,72,67,82,82,81,69,59,59,62,53,46,34,61,45,14,11,13,12,8,47500,235
Alassane Sidibe,Ivory Coast,178,73,21,64,62,59,58,67,58,68,48,53,44,49,66,65,62,58,53,69,66,58,63,58,61,40,44,50,46,55,45,7,6,8,5,9,27500,59
Arturo In√°lcio,Brazil,170,60,23,80,78,62,66,45,69,74,71,77,60,63,85,83,80,74,35,74,86,90,55,46,80,70,75,54,48,45,68,9,10,13,14,11,16500000,259
Dom Ballard,England,178,74,18,58,57,18,16,51,55,56,18,48,50,46,51,42,70,48,52,65,68,76,59,59,60,62,54,42,37,74,49,11,7,14,15,13,21000,579
Facundo P√©rez,Argentina,170,65,24,70,68,69,67,72,67,58,65,73,56,61,74,71,69,75,55,77,70,78,65,57,75,57,65,45,55,49,45,9,9,7,14,8,1900000,369
Manuel Rivera,Chile,176,74,27,66,66,17,13,29,58,62,22,64,55,48,66,59,68,58,48,57,67,71,44,39,65,57,66,50,66,61,48,14,7,13,9,6,65000,686
Santiago Arzamendia,Paraguay,172,72,25,70,65,70,71,70,62,54,63,35,53,70,67,69,74,68,51,79,76,74,52,40,65,51,71,58,60,45,37,9,14,7,6,11,1500000,163
David Udogu,Germany,182,75,20,56,52,54,55,44,47,31,49,37,39,49,54,42,69,52,59,51,66,48,53,41,39,33,33,26,31,33,29,10,6,14,9,7,13000,221
Budu Zivzivadze,Georgia,189,76,29,64,61,21,34,59,65,67,22,58,65,29,67,44,62,61,75,54,66,62,64,61,67,68,58,48,40,66,66,13,14,14,10,9,87500,354
Alexandro Bernabei,Argentina,169,65,22,70,77,64,64,72,64,66,59,60,63,75,68,63,86,83,59,81,93,88,73,39,71,62,70,76,71,60,54,11,13,9,10,5,1700000,129
Mark Travers,Republic of Ireland,191,82,24,19,13,14,15,23,69,11,13,47,47,16,50,44,41,30,60,47,38,39,63,15,53,14,13,14,14,18,13,73,73,69,70,76,2600000,9
Canales,Spain,176,65,32,84,82,62,74,69,84,84,77,90,80,81,85,85,84,81,71,81,83,83,39,50,78,78,84,85,84,80,67,13,15,12,16,12,35000000,500
Bashir Humphreys,England,187,79,20,43,47,67,70,57,53,29,58,37,50,43,48,44,67,56,60,72,61,59,61,59,45,23,32,39,36,43,32,13,13,7,12,14,23000,528
Nouh Al Mousa,Saudi Arabia,169,68,32,65,65,60,63,53,58,58,60,66,66,60,65,66,47,78,69,64,53,67,75,48,56,53,59,55,57,37,30,9,12,15,12,11,40000,30
Jhonder C√°diz,Venezuela,191,85,28,69,70,24,31,70,70,70,24,55,70,46,64,44,59,75,77,48,65,61,70,71,72,72,56,38,35,68,66,9,9,10,7,6,1500000,217
Michal S√°ƒçek,Czech Republic,178,72,26,73,74,65,67,75,70,67,69,71,74,67,75,71,77,78,66,78,72,82,74,61,69,59,66,63,60,61,64,12,12,14,14,5,2300000,336
Sergio Ramos,Spain,184,82,37,78,63,83,82,90,85,69,84,71,86,63,78,80,66,56,81,65,55,66,91,88,79,65,64,72,75,90,69,7,11,8,9,11,7500000,455
Moussa Doumbouya,Guinea,188,79,25,63,65,20,13,35,60,64,11,53,47,30,60,40,72,64,70,66,71,66,74,56,63,67,55,44,30,58,55,6,14,6,12,8,67500,221
Manu Silva,Portugal,189,83,22,56,55,66,61,59,60,29,51,54,41,52,69,61,57,48,81,46,53,50,58,57,54,38,32,42,46,49,40,14,13,14,7,9,35000,656
Gary Boylan,Republic of Ireland,179,72,27,53,52,55,56,65,52,56,53,42,47,49,46,41,64,66,63,62,63,64,71,52,52,26,26,53,28,35,23,10,15,14,10,14,16000,576
Kristoffer Olsson,Sweden,178,70,28,76,73,65,70,69,73,70,70,74,73,67,79,72,67,78,54,70,68,85,69,55,68,60,64,70,68,50,52,11,10,6,9,7,4500000,226
Sebasti√°n Viera,Uruguay,185,85,40,23,8,8,9,31,64,16,22,55,61,44,14,18,40,28,60,51,37,45,69,10,53,7,8,69,74,22,14,75,71,73,71,76,11000,341
Frankie Amaya,United States,163,64,22,71,67,61,72,80,67,60,63,69,61,54,73,69,73,80,54,77,71,83,59,38,68,48,53,62,48,45,46,14,13,7,15,11,1600000,506
Emil Kornvig,Denmark,187,70,23,65,61,52,60,62,67,59,59,64,66,61,66,58,67,71,63,67,65,62,54,54,65,56,56,55,50,45,55,5,11,12,14,12,55000,155
Rui Gomes,Portugal,175,74,25,65,64,36,41,36,65,66,36,70,48,64,63,58,67,65,63,74,75,74,47,39,56,63,61,61,52,54,58,7,7,8,14,7,97500,472
Martin Reg√°li,Slovakia,176,60,29,66,71,31,26,45,50,64,40,62,60,70,61,50,70,63,50,79,68,74,50,45,60,64,42,50,41,51,54,10,5,8,7,13,72500,346
Rohan Luthra,England,195,80,21,10,8,10,14,16,47,4,11,29,21,12,20,26,20,25,60,25,31,32,42,10,35,6,6,13,12,12,7,53,50,49,47,59,8000,125
Kenny McLean,Scotland,183,70,31,75,70,62,68,72,71,64,68,68,70,56,74,71,74,84,68,61,62,71,80,64,78,66,68,68,70,75,56,14,8,14,15,9,2000000,433
Semir Telalovic,Germany,187,78,23,60,56,27,30,43,60,63,30,53,58,42,53,46,58,64,68,60,62,59,59,64,64,65,61,53,53,65,59,11,10,11,12,10,47500,388
Enzo Le F√©e,France,170,58,23,82,78,60,65,50,73,76,63,79,77,68,83,80,58,64,39,89,62,68,62,45,60,49,61,68,71,58,51,13,8,11,14,10,9000000,222
Ahmed Hegazi,Egypt,193,96,32,60,53,75,77,79,79,20,79,41,60,21,67,72,44,81,90,41,48,42,76,80,27,17,15,35,29,30,23,10,14,14,5,8,7000000,33
Sven Michel,Germany,177,78,33,74,74,22,31,68,74,75,32,64,67,67,72,54,76,78,72,74,72,76,73,54,78,76,69,72,59,63,74,7,11,11,11,11,2600000,635
K√©vin Testud,France,180,66,31,66,65,48,50,33,54,63,45,56,57,66,66,65,69,48,56,66,59,58,41,40,53,68,42,61,58,64,64,8,10,10,9,9,57500,204
Gino Infantino,Argentina,179,74,20,69,71,40,38,52,58,61,23,57,64,61,64,61,76,58,54,74,74,73,61,48,67,64,63,63,57,54,53,5,8,11,13,7,92500,515
Florian Flick,Germany,190,79,23,70,63,61,68,66,64,57,66,67,58,52,74,70,53,68,76,52,68,51,67,60,62,45,51,42,28,38,33,9,13,11,7,14,1500000,2
Joselu,Spain,170,69,32,63,63,35,42,74,63,64,52,52,64,58,66,55,82,86,75,87,80,75,75,68,71,65,65,62,68,73,68,14,10,14,8,9,85000,113
Jake Doyle-Hayes,Republic of Ireland,175,68,24,68,63,64,65,68,63,59,63,64,65,61,69,66,70,76,60,72,72,73,59,59,61,58,59,63,54,50,57,10,8,10,6,7,97500,313
Fabian Greilinger,Germany,175,68,22,67,66,59,58,47,53,54,57,44,55,62,62,56,82,80,56,85,78,85,52,39,46,53,35,40,37,45,42,13,10,6,10,14,62500,4
Dario ≈†ariƒá,Bosnia & Herzegovina,180,70,26,70,65,49,51,73,72,66,47,72,72,56,73,66,65,80,58,71,68,70,63,58,72,60,64,64,65,58,60,6,13,14,11,9,1300000,450
Christopher Cvetko,Austria,182,74,26,65,63,58,63,67,68,59,66,63,62,52,67,65,65,87,72,62,55,58,63,62,68,55,62,59,60,50,52,6,10,7,13,5,95000,71
Sai van Wermeskerken,Japan,178,72,29,64,66,62,61,61,65,56,61,62,62,62,66,66,76,72,62,77,73,78,58,45,42,36,34,64,34,42,30,10,13,11,8,10,77500,525
Gabriele Corbo,Italy,186,79,23,55,45,68,68,60,50,18,61,27,58,36,63,53,52,55,66,60,51,54,75,64,52,14,36,32,28,38,30,7,15,5,12,6,60000,94
Caio Chissano,Brazil,173,74,35,68,71,73,74,53,71,54,72,60,55,70,71,66,77,68,63,75,73,71,67,55,37,43,29,43,39,47,34,15,12,11,6,8,1100000,611
Chiquinho,Portugal,175,68,28,75,74,51,60,64,75,72,58,73,79,75,77,75,75,78,66,80,73,79,36,36,76,66,72,78,71,74,71,5,5,12,6,8,3300000,537
Bandile Shandu,South Africa,180,72,28,63,63,58,59,70,63,70,53,64,66,69,67,67,73,70,66,77,76,74,63,57,67,65,59,53,50,64,45,9,7,10,15,13,1300000,446
George Lapslie,England,180,74,25,64,62,53,58,65,61,59,59,62,60,55,64,63,68,73,61,81,64,66,80,60,65,60,60,47,48,55,54,11,11,14,9,15,55000,277
Luis Alejandro Munesos,Bolivia,180,77,31,73,74,42,43,52,63,67,44,66,65,73,74,61,64,65,61,73,62,73,72,59,69,65,54,73,71,75,62,11,13,16,11,13,67500,521
Manuel Polster,Austria,183,69,20,62,66,25,30,40,43,57,30,56,48,59,51,41,84,55,54,63,84,74,45,45,65,63,57,58,45,56,62,13,7,8,13,9,35000,248
Zeki Amdouni,Switzerland,185,79,22,74,74,45,42,59,52,63,47,71,62,58,68,53,70,69,70,68,69,70,72,65,73,74,75,62,60,62,65,14,6,9,8,14,1700000,208
Jos√© David Romero,Argentina,176,73,20,60,62,22,15,47,64,66,17,47,64,38,47,39,62,55,44,60,55,66,62,55,61,68,64,49,43,67,53,8,7,14,8,8,37500,615
N√©lson Semedo,Portugal,177,69,29,80,78,76,77,81,76,73,76,64,78,75,75,65,82,77,68,79,81,80,80,58,74,50,58,63,34,38,42,14,16,12,10,12,12500000,676
Brenner,Brazil,175,70,23,77,76,22,32,35,77,77,24,63,70,57,71,59,78,70,58,75,82,79,62,69,70,75,65,60,60,66,68,14,13,6,9,8,5000000,213
Robbie Cundy,England,189,82,26,49,42,63,64,60,62,30,64,36,52,23,54,43,53,60,79,62,56,49,74,66,39,22,21,32,20,37,21,10,10,12,9,10,70000,79
Amirhossein Hosseinzadeh,Iran,178,80,22,71,71,41,47,57,61,62,26,56,65,57,67,62,69,55,71,65,69,68,70,63,72,60,69,61,61,65,73,6,14,7,9,8,85000,580
Tiago Casasola,Argentina,189,80,28,70,67,74,72,71,58,72,64,68,65,70,71,68,64,73,82,50,63,63,75,70,48,58,38,48,41,47,35,13,13,13,11,11,1600000,461
Arnaud Kalimuendo,France,175,79,21,77,76,17,21,64,75,78,23,63,76,51,65,48,83,58,72,85,80,75,57,72,76,77,73,67,55,66,75,14,9,12,9,8,8500000,594
Ezequiel Bullaude,Argentina,184,80,22,76,76,25,33,44,65,69,27,69,58,55,70,59,73,71,72,71,83,70,55,59,74,70,69,66,47,48,60,6,11,6,14,6,2200000,256
Kevin Sessa,Germany,175,70,23,71,73,65,68,64,67,58,55,67,65,67,72,68,85,75,45,80,84,85,72,58,63,57,59,60,55,47,60,13,6,13,12,11,2200000,308
Musa Araz,Switzerland,173,63,29,69,71,44,48,58,65,66,52,65,61,56,67,62,76,80,40,90,74,85,42,39,65,62,63,59,60,45,58,10,7,14,11,11,72500,234
A√Øssa La√Ødouni,Tunisia,183,81,26,75,72,68,71,81,72,66,80,64,81,58,76,70,66,87,75,71,57,70,64,47,58,55,65,51,44,62,33,14,10,11,13,13,5500000,635
Rodrigo Muniz,Brazil,185,79,22,71,67,26,28,64,66,69,32,61,65,46,62,52,69,65,78,66,71,73,71,69,75,71,66,58,41,65,68,11,12,13,13,12,1900000,403
Melvin Ramusoviƒá,Bosnia & Herzegovina,184,79,22,59,58,62,63,59,56,41,57,52,54,56,64,60,55,58,68,64,63,61,56,57,59,47,44,45,40,46,38,9,8,8,9,7,35000,308
Alfie McCalmont,Northern Ireland,175,70,23,64,62,55,57,58,61,57,61,62,62,47,64,63,68,74,58,90,65,81,32,49,56,59,64,57,62,50,44,13,7,12,6,6,55000,126
Aramide Oteh,England,176,73,24,57,58,19,20,59,59,58,16,51,59,42,51,42,80,64,70,67,76,69,74,54,59,57,50,41,30,63,46,11,6,5,6,6,27500,158
Filip Loftesnes-Bjune,Norway,176,73,18,55,53,49,50,55,44,50,48,51,37,40,58,56,60,50,43,75,64,66,54,46,45,40,36,42,40,34,40,10,9,14,8,7,8000,553
Daniel »òerbƒÉnicƒÉ,Romania,181,76,27,50,33,60,63,58,63,47,55,46,57,56,60,54,63,70,70,63,71,65,59,43,48,31,34,38,33,35,37,8,14,9,11,5,40000,119
Marco Gr√ºll,Austria,182,74,25,74,76,21,22,32,63,65,21,66,63,64,65,60,84,86,71,67,87,77,63,52,74,70,72,68,73,66,61,10,7,9,11,9,2700000,535
Tom Smith,England,188,81,21,12,13,10,12,23,53,6,8,26,27,13,25,22,32,28,60,36,38,30,45,11,41,7,6,15,11,16,8,54,55,53,55,57,12000,148
Bart Schenkeveld,Netherlands,185,83,32,71,62,73,77,77,70,59,73,58,70,54,69,67,71,75,80,64,73,64,68,67,55,34,35,53,33,53,24,16,8,11,15,9,3500000,452
Antony Robic,France,181,73,37,64,62,25,37,58,65,65,59,65,64,55,61,54,65,67,69,62,66,71,47,53,61,60,54,53,67,63,47,9,8,7,6,14,14000,523
Cedric Diomand√® Gondo,Ivory Coast,187,75,26,64,59,11,11,54,55,65,19,48,48,39,50,38,64,62,69,52,56,56,65,68,69,69,58,44,33,64,48,9,14,5,13,7,65000,59
Douglas Carvalheira,Brazil,174,74,35,69,73,67,73,66,70,57,66,39,60,71,69,66,90,79,65,65,90,77,80,59,60,32,37,62,31,39,27,9,6,14,15,10,1500000,259
Fran Tudor,Croatia,173,68,27,72,70,65,67,73,67,63,66,65,70,71,64,63,91,88,67,84,85,81,81,63,63,60,57,68,45,64,51,5,11,6,14,10,2600000,495
Chris Lotefa,DR Congo,172,73,19,51,50,25,26,40,40,46,23,49,48,50,49,42,68,49,47,65,72,66,52,41,49,49,38,48,42,47,42,6,12,8,13,15,8000,93
Robert Taylor,Finland,182,78,28,66,71,52,51,68,59,61,43,60,61,62,63,59,79,76,63,62,80,70,72,40,72,62,67,62,57,55,43,12,8,13,8,10,90000,333
Georgios Giakoumakis,Greece,185,84,28,70,62,19,24,70,74,78,17,52,70,36,64,39,66,69,84,64,73,64,82,77,78,75,62,57,45,73,75,7,9,8,14,13,3300000,129
Danny Vukovic,Australia,187,95,38,18,11,11,15,41,68,6,17,36,33,11,25,12,53,32,74,58,47,41,68,16,47,17,13,15,13,37,11,68,67,65,63,69,3000,70
Leon Guwara,Gambia,184,84,27,63,64,62,64,70,62,55,67,45,52,69,63,55,80,68,75,62,72,67,64,55,42,28,32,47,35,42,31,9,14,11,7,13,1000000,337
Till Schumacher,Germany,177,66,25,64,61,61,61,63,59,49,61,52,53,59,60,52,75,70,40,75,66,73,74,53,55,46,48,47,38,34,22,7,13,12,12,6,62500,71
Tim Civeja,Germany,180,74,21,65,60,43,54,54,60,52,47,61,56,47,67,64,64,63,59,69,54,68,58,47,47,41,51,49,50,50,35,14,11,12,10,11,37500,221
Gonzalo S√°nchez,Peru,182,72,23,64,61,15,19,53,45,65,23,51,49,28,55,40,66,62,65,67,54,60,62,63,61,63,59,32,40,59,53,15,5,10,14,7,40000,215
Joe Worrall,England,190,90,26,54,35,76,75,72,68,27,73,30,63,39,68,68,52,65,82,46,52,43,76,76,34,20,22,27,29,35,30,9,11,11,5,14,4100000,434
Frederic Ananou,Togo,183,78,25,61,62,64,67,66,65,56,60,30,54,63,57,40,79,69,77,63,78,68,80,64,45,30,43,39,32,45,41,11,9,10,9,13,1100000,301
Roko Jureskin,Croatia,188,80,22,65,68,64,61,54,68,62,59,57,65,60,67,65,80,78,61,52,82,80,52,49,55,48,51,58,52,50,57,11,6,8,7,11,1100000,84
Luk√°≈° Kalvach,Czech Republic,183,77,28,73,72,72,73,77,76,66,74,74,78,68,76,76,66,82,76,78,63,72,73,69,70,59,70,69,73,61,59,6,5,5,14,11,7000000,652
Josip Drmiƒá,Switzerland,183,81,31,69,68,40,37,69,66,72,35,57,75,65,68,61,74,63,73,71,73,66,72,72,75,74,68,76,51,77,72,8,7,9,13,13,1900000,179
Germ√°n Mera,Colombia,187,86,33,53,33,65,69,83,60,24,72,35,61,30,47,45,34,67,91,34,49,31,59,74,37,23,19,25,23,39,29,9,9,14,14,11,1000000,175
Christos Wheeler,Cyprus,171,67,26,67,49,65,59,48,70,41,54,36,60,59,58,41,67,64,42,80,67,59,58,56,25,25,25,50,29,30,22,7,10,13,14,7,47500,53
Zubeldia,Spain,181,73,26,73,67,75,78,86,80,63,81,72,73,65,82,77,56,81,76,74,72,69,79,72,75,62,60,73,65,51,47,10,6,8,9,13,13500000,504
Kian Fitz-Jim,Netherlands,174,60,20,72,72,60,63,51,64,58,59,70,71,60,70,68,69,47,40,74,68,73,59,50,58,56,54,55,54,54,48,8,10,13,14,6,87500,26
Paddy Barrett,Republic of Ireland,183,92,30,49,46,57,59,70,54,25,59,36,52,27,57,62,54,52,75,49,53,55,71,62,52,40,49,37,31,37,28,11,7,6,11,15,27500,570
√Ångel,Spain,172,68,36,75,74,20,23,72,75,77,26,62,70,56,72,49,69,51,68,75,69,71,75,70,76,76,72,62,57,69,77,14,6,13,8,11,1800000,489
Marius Cioiu,Romania,181,74,23,61,60,34,35,49,54,58,37,54,55,58,60,55,71,69,54,73,72,74,45,48,61,57,56,58,53,57,45,10,6,7,8,11,30000,211
Zheng Kaimu,China PR,186,80,31,58,49,60,60,67,62,51,61,59,51,31,60,59,67,80,80,52,67,60,78,64,49,54,51,40,38,39,34,15,14,8,15,15,22000,123
Ben Reeves,Northern Ireland,172,67,31,63,64,57,61,38,62,52,55,60,54,60,64,61,66,67,62,85,62,84,83,44,58,56,65,56,58,61,41,10,9,9,11,12,37500,277
Jack McGlynn,United States,180,73,20,67,64,54,60,55,65,59,55,65,63,53,72,68,71,66,56,72,69,68,60,48,53,48,59,66,72,31,41,13,5,7,12,5,75000,464
Vincent Vermeij,Netherlands,196,90,29,59,60,23,22,36,68,71,37,59,69,50,64,62,41,74,90,36,41,40,69,79,71,75,60,35,37,62,61,13,9,9,9,11,1300000,527
Edin Omeragic,Switzerland,195,90,21,12,14,11,13,21,39,6,13,34,38,15,23,17,29,19,62,26,24,28,36,11,40,7,9,13,14,12,6,55,60,50,53,55,9000,561
Kouadio Manu Kon√©,France,185,80,22,82,84,70,74,71,75,69,67,78,76,70,78,77,75,75,73,76,67,76,70,68,74,71,68,70,50,54,55,9,11,10,11,10,12500000,388
Takumi Minamino,Japan,172,67,28,78,81,29,33,64,74,74,49,71,78,65,72,63,84,73,55,86,73,89,76,50,71,77,73,73,69,72,72,15,9,12,8,14,6000000,15
Nicolas Gavory,France,183,79,28,72,70,70,71,67,68,65,66,68,68,74,68,71,69,80,68,67,63,72,82,69,74,56,64,75,68,65,59,9,12,16,7,16,2300000,187
Emanuele Ndoj,Albania,189,83,26,68,69,66,67,64,70,65,64,68,68,62,69,62,75,70,75,63,74,66,67,61,69,67,65,61,60,58,51,7,11,6,6,10,1100000,102
Welliton Helmes,Brazil,172,69,23,71,72,30,35,51,64,58,31,61,63,58,66,51,72,65,53,81,70,73,59,40,62,65,63,66,62,63,53,17,13,10,18,12,1000000,334
Douglas Ferdiz,Peru,182,73,23,58,25,76,72,32,64,43,73,53,56,52,56,54,52,60,71,44,59,50,56,47,38,23,35,43,42,44,33,7,13,9,14,15,50000,72
Tom Eastman,England,191,88,31,49,40,62,62,60,53,22,56,46,52,44,54,53,39,69,80,43,45,52,52,61,45,31,42,24,37,44,15,15,15,16,13,13,20000,302
Darren Randolph,Republic of Ireland,188,78,36,33,14,14,14,29,70,11,18,35,36,11,33,34,41,34,57,43,44,50,61,16,50,14,14,15,14,30,16,70,74,70,66,73,25000,9
Jan de Boer,Netherlands,199,95,23,18,9,10,10,27,61,5,13,26,30,14,29,28,18,21,75,27,19,22,38,13,44,7,9,12,10,13,9,60,59,58,58,56,22000,219
Fallou Diagne,Senegal,185,78,34,62,61,62,64,78,63,50,64,50,64,51,62,62,63,65,78,58,61,68,84,69,55,34,38,44,45,54,40,12,11,15,6,11,65000,140
Hamza El Kaouakibi,Morocco,185,80,25,59,63,64,66,55,50,41,59,39,51,61,56,43,67,65,65,55,66,54,61,58,43,31,35,54,29,41,26,10,10,10,10,7,50000,84
Moussa Djitt√©,Senegal,180,75,23,71,73,16,14,48,65,71,29,60,61,56,66,42,81,79,75,76,82,87,83,64,68,70,62,46,29,65,61,15,8,8,6,13,1900000,6
Dawid Wiƒôckowski,Poland,181,78,21,52,55,55,59,52,55,49,54,41,42,53,42,33,70,66,54,65,67,65,58,49,25,31,34,36,33,38,32,8,6,8,13,5,21000,360
Tanguy Zoukrou,France,189,78,20,35,31,69,68,51,56,28,59,32,45,38,46,39,49,59,66,51,51,35,73,54,42,29,25,33,34,48,34,6,10,12,8,14,21000,188
Afonso Sousa,Portugal,174,64,23,75,75,56,59,58,72,72,56,72,65,59,71,67,77,69,47,80,74,72,46,47,75,58,59,69,42,59,54,14,5,14,14,7,1600000,372
Ellis Taylor,England,182,72,20,52,52,42,47,33,32,46,40,50,46,49,50,45,72,50,41,60,70,72,40,33,48,41,42,36,37,42,44,8,13,7,5,5,9000,603
Sondre Rossbach,Norway,189,80,27,23,17,17,18,30,59,11,18,65,48,13,29,18,48,44,65,55,50,50,70,14,49,15,19,16,21,15,19,63,67,62,65,68,57500,170
Arvin Appiah,England,175,63,22,68,72,26,29,35,51,59,19,61,63,59,54,42,92,46,40,79,91,91,60,44,61,64,58,45,41,67,50,14,9,10,8,11,85000,419
Cucurella,Spain,173,66,25,80,81,77,80,76,82,77,77,78,77,81,79,79,78,88,66,83,74,78,77,57,73,68,65,78,57,59,55,10,13,7,9,11,27000000,138
James Ward-Prowse,England,173,66,28,81,74,65,74,76,75,68,67,82,79,90,85,84,66,91,64,76,54,75,65,57,81,70,79,93,94,77,51,15,12,12,10,15,27500000,579
Nicolas P√©p√©,Ivory Coast,183,73,28,81,85,30,34,43,74,77,33,74,75,76,75,66,87,66,68,75,88,86,66,57,80,76,76,81,79,85,70,6,11,14,11,8,18500000,437
Josh Vela,England,181,70,29,66,64,61,64,90,64,63,61,66,67,59,66,65,65,92,74,62,59,63,74,53,60,58,61,58,56,49,56,12,14,9,9,15,85000,260
Andy Delort,Algeria,181,83,31,74,76,25,37,80,75,81,27,75,78,71,74,64,79,78,85,72,84,71,78,82,89,81,77,69,69,72,82,8,10,14,10,11,20500000,227
Malek Al Abdulmunem,Saudi Arabia,185,77,25,56,59,12,12,46,54,58,17,45,43,34,43,31,73,55,62,63,77,70,75,55,54,59,48,34,32,49,57,11,9,12,11,9,24000,31
Abdullah Al Yousef,Saudi Arabia,172,60,33,57,56,58,57,61,53,50,55,49,46,55,54,51,74,60,57,72,72,63,65,44,47,42,50,56,62,55,28,6,10,12,8,8,17000,27
Robert Skov,Denmark,185,81,27,74,74,67,69,72,75,71,64,70,71,85,74,70,76,69,67,74,79,76,49,52,86,72,82,87,86,78,73,13,15,16,15,11,5500000,613
Joaqu√≠n Novillo,Argentina,190,85,25,50,46,67,68,66,67,38,66,36,67,33,60,45,63,73,85,48,65,45,77,73,54,27,29,26,28,43,31,8,9,9,9,11,1200000,320
Li Shuai,China PR,180,75,28,63,63,65,66,66,60,67,61,60,62,57,63,53,77,80,71,70,80,82,72,49,45,37,39,49,48,39,36,13,6,7,10,14,97500,566
Jos Badamontes,Paraguay,171,63,35,67,70,23,13,41,61,65,31,60,76,62,68,63,72,67,48,88,72,75,44,44,53,65,61,56,57,61,55,14,9,7,8,10,47500,577
Nicky Devlin,Scotland,183,73,29,57,61,62,62,83,60,53,61,50,57,59,57,59,79,84,74,67,84,73,76,59,57,50,45,53,43,50,40,11,10,9,8,14,77500,385
Kyle Walker-Peters,England,173,62,26,79,77,75,79,70,75,65,73,61,70,78,73,62,77,83,64,78,76,74,75,65,45,41,45,56,31,32,30,11,9,8,7,12,14000000,579
Dom Telford,England,170,72,26,63,64,12,13,56,63,66,22,47,67,39,56,43,77,75,58,90,77,86,70,60,62,64,61,62,44,65,59,13,13,13,15,16,65000,158
Rub√©n Pardo,Spain,181,69,30,71,70,73,75,57,74,72,73,73,69,65,73,74,54,30,58,72,49,70,70,48,70,68,72,78,81,69,42,11,7,13,8,7,1600000,112
Francisco Gerometta,Argentina,175,72,24,70,70,66,64,74,62,65,63,53,66,64,58,54,78,90,59,77,78,75,59,49,57,47,49,49,41,49,33,9,8,11,9,14,1500000,637
Arkadiusz Wo≈∫niak,Poland,184,73,33,60,63,51,57,60,63,63,56,61,63,63,63,57,62,65,68,71,66,66,70,68,65,64,53,60,55,55,50,8,14,15,15,10,37500,681
Sota Kitahara,United States,170,66,20,56,52,48,49,50,59,51,48,51,55,61,52,49,63,54,50,73,64,63,57,40,44,41,33,53,38,39,32,14,14,9,12,15,8000,578
Claudio Mouria,Brazil,183,78,31,71,72,41,30,43,58,70,31,58,56,71,68,66,59,60,73,63,66,70,62,59,68,66,73,60,66,72,63,10,9,7,13,8,97500,555
Math√≠as Su√°rez,Uruguay,182,80,27,64,61,70,61,81,59,53,66,44,61,67,66,58,72,69,69,69,76,72,72,64,60,32,49,44,50,50,29,7,13,13,13,11,1200000,412
Valentin Gheorghe,Romania,175,65,26,66,65,40,40,55,66,61,45,64,65,65,65,62,86,79,62,80,81,84,62,51,70,66,66,70,68,61,60,11,7,5,13,7,1300000,687
Martin Baturina,Croatia,172,68,20,80,81,57,59,64,67,58,58,74,77,67,74,71,78,73,56,75,73,77,60,49,71,59,72,64,69,63,67,10,7,5,7,6,2000000,179
Bikoro,Equatorial Guinea,185,72,27,61,50,63,64,64,55,51,62,62,56,58,62,62,67,66,74,62,62,56,65,50,50,46,42,44,40,44,36,8,8,6,11,15,57500,553
David Savic,Germany,182,74,18,56,54,55,57,54,56,49,57,47,56,57,56,50,68,64,59,61,68,64,59,49,44,39,35,46,49,55,30,10,6,13,11,13,22000,187
Gavin Whyte,Northern Ireland,175,67,27,65,67,34,39,33,60,60,30,64,58,60,63,55,78,60,42,80,78,77,46,47,62,57,53,55,48,59,51,10,13,9,7,13,77500,125
Dany Mota,Portugal,180,74,25,79,77,28,28,42,70,74,22,70,70,54,74,59,79,75,69,75,81,73,69,72,72,76,68,68,51,68,72,6,13,10,14,7,4900000,413
Rodrigo Bentancur,Uruguay,187,73,26,85,85,78,83,78,79,72,82,83,86,76,85,83,73,86,72,78,70,72,73,62,69,66,65,71,68,64,71,14,8,7,14,12,33500000,588
Aimen Moueffek,France,179,71,22,71,70,65,67,70,65,63,64,67,66,58,68,66,69,58,63,66,66,76,56,60,59,55,56,47,47,50,39,11,14,7,9,14,1000000,16
Gassan Ahadme,Morocco,188,77,22,63,61,20,26,55,59,63,28,55,58,38,56,47,65,66,77,54,68,59,66,66,59,63,55,51,39,64,59,12,9,9,11,8,57500,110
Alex Hunt,England,170,60,23,60,60,53,54,44,55,53,50,57,58,42,60,59,64,51,33,83,61,85,52,39,56,53,55,48,39,45,39,6,9,12,6,9,19000,288
Martin Hansen,Denmark,188,85,33,23,13,14,14,24,69,15,24,45,56,8,12,11,51,33,67,51,48,48,67,12,48,20,16,14,13,14,13,66,67,65,64,69,60000,442
Patrick Osterhage,Germany,184,75,23,74,73,64,68,63,68,59,71,69,62,59,70,69,70,69,67,68,78,69,67,66,56,48,54,59,39,42,41,6,12,5,12,6,1600000,646
Ioan Filip,Romania,187,80,34,60,58,62,65,71,65,43,64,63,60,46,66,62,37,74,75,51,50,49,66,60,53,40,35,36,37,45,29,7,6,6,16,15,42500,238
Cheon Seong Hoon,Korea Republic,190,79,22,63,58,25,30,42,53,58,25,48,45,34,53,29,55,53,64,48,55,54,66,66,51,61,47,39,29,56,45,10,5,6,7,14,24000,327
David Morgan,Northern Ireland,173,68,29,62,61,59,62,66,58,56,60,59,56,49,64,61,57,68,60,79,56,71,56,52,59,53,57,52,45,53,46,14,15,9,8,11,35000,23
Marc Mateu,Spain,180,71,33,68,67,65,63,52,68,65,66,72,66,76,66,68,63,75,71,68,65,71,54,57,74,72,68,75,78,74,67,15,8,11,8,15,1300000,532
Scott van der Sluis,Wales,185,82,22,14,9,13,14,19,47,7,14,48,21,11,18,24,27,22,59,48,26,22,59,13,39,5,9,10,14,12,6,53,55,55,52,53,9000,570
Harrison Smith,England,183,71,18,49,38,17,18,52,45,53,24,44,45,29,41,27,61,58,69,65,64,54,64,56,53,50,46,30,26,56,44,14,10,8,11,14,6000,598
Brad Williams,England,180,70,18,51,50,51,48,52,48,54,44,49,47,43,56,52,69,70,52,68,68,63,69,49,52,30,40,44,40,42,39,9,7,6,5,10,6000,302
Na Sang Ho,Korea Republic,173,70,27,68,72,36,26,65,70,73,32,58,59,66,65,53,86,77,70,81,88,85,80,62,71,66,63,65,51,66,62,15,15,7,7,9,2100000,233
Zian Flemming,Netherlands,185,84,25,75,73,51,59,77,73,75,49,73,73,65,75,70,69,82,77,70,74,67,78,73,78,74,76,75,75,68,68,8,13,7,7,9,4900000,407
Faf√† Picault,United States,173,64,32,66,73,26,25,57,64,63,42,65,67,66,63,55,89,58,36,81,85,78,93,63,71,67,59,65,43,59,64,9,9,9,7,6,1200000,423
Dino Islamoviƒá,Montenegro,190,87,29,66,61,19,16,48,64,68,42,63,70,41,63,54,53,69,89,59,54,54,69,65,78,68,68,64,58,62,68,10,10,11,16,10,1000000,272
Jamille Matt,Jamaica,194,92,33,63,58,16,22,69,63,67,12,53,64,40,59,43,55,75,92,31,51,43,76,66,68,67,56,56,40,64,61,13,11,13,15,12,57500,661
Javier Burrai,Argentina,189,82,32,19,20,14,15,27,71,14,27,60,45,19,24,24,47,36,62,55,40,41,73,12,53,19,16,15,14,29,17,74,76,72,70,75,3000000,77
Dorian Ciezkowski,Poland,191,80,22,10,10,14,12,17,44,5,9,37,30,13,24,18,22,18,61,27,27,33,31,10,37,8,8,14,13,16,8,47,48,55,49,55,5000,159
Ante Roguljiƒá,Croatia,180,70,27,67,66,30,31,46,59,64,38,66,59,62,66,62,69,51,53,68,74,70,50,48,65,65,63,60,63,50,47,15,7,12,10,7,92500,636
Diego Rodr√≠guez,Argentina,184,80,34,20,14,15,20,21,70,16,22,47,42,19,32,28,44,36,60,58,46,48,69,14,54,18,20,30,22,70,16,68,71,67,72,74,60000,283
Ragnar Ache,Germany,183,81,25,66,67,22,19,53,65,65,17,54,68,41,60,45,80,66,81,69,80,67,90,78,72,66,58,47,34,60,56,12,6,12,8,10,1600000,268
Dimitrije Kamenoviƒá,Serbia,188,78,23,56,55,67,65,60,58,46,56,39,54,53,63,58,71,67,65,56,73,60,62,47,40,31,34,44,47,42,41,12,12,12,13,8,52500,582
Yanis Merdji,France,175,69,29,62,64,13,15,73,50,58,16,57,60,54,62,51,78,78,73,80,81,80,81,64,70,59,64,45,39,61,61,7,9,14,8,10,47500,430
Rodrigo Gomes,Portugal,175,69,20,71,72,51,49,52,74,67,54,58,64,53,63,59,80,70,42,75,78,79,58,52,69,62,55,56,41,56,45,14,10,13,10,10,1300000,524
Alberto Paleari,Italy,193,88,31,19,11,12,13,22,64,8,12,40,55,14,33,29,31,30,58,22,33,49,31,16,52,8,7,10,13,15,12,73,73,70,69,72,1600000,84
Isaac Tshipamba,France,180,64,22,54,56,39,42,41,52,50,31,49,57,49,53,52,65,56,42,66,63,63,56,42,53,50,43,52,46,48,41,5,11,7,6,7,15000,477
J√∂rg Siebenhandl,Austria,183,81,33,30,13,23,24,22,66,13,22,48,28,13,31,20,45,38,66,59,48,61,80,14,56,11,17,21,10,15,10,69,71,68,75,73,92500,536
Ephron Mason-Clark,England,177,78,24,64,67,23,29,61,56,58,24,55,63,55,53,36,83,71,68,85,83,87,57,50,61,57,58,53,47,56,58,12,13,12,14,8,40000,462
Carlos Rivas,Colombia,176,87,29,59,62,19,17,57,60,59,29,61,60,64,58,55,76,80,80,71,81,72,54,61,75,58,59,73,59,58,64,15,8,16,14,16,60000,367
Bader Al Enazi,Saudi Arabia,178,70,24,16,11,10,13,30,42,9,8,48,38,14,41,35,42,26,44,45,41,38,58,12,42,8,15,21,13,16,8,56,56,52,56,59,11000,40
Julian Hettwer,Germany,184,72,20,62,60,28,29,61,55,62,30,49,55,45,54,49,89,70,55,74,86,74,49,45,62,61,59,47,38,55,47,14,12,14,12,7,37500,391
Charles,Brazil,187,81,27,67,64,60,64,65,62,67,63,64,66,55,67,64,74,78,69,65,78,71,61,64,66,53,60,58,51,50,57,13,10,14,7,7,77500,226
Giacomo Ricci,Italy,180,75,26,63,59,70,69,53,61,51,62,49,60,63,60,57,63,74,64,66,66,65,67,48,35,31,33,38,32,43,44,9,8,7,12,13,1000000,78
Charlie Lakin,England,183,76,24,63,62,54,56,60,59,58,56,64,65,62,63,62,69,70,63,69,70,68,56,58,63,52,60,54,60,52,54,13,14,13,10,9,45000,181
Ivan Ordets,Ukraine,195,88,31,61,38,71,75,74,71,38,77,34,72,41,66,61,54,74,90,38,65,48,60,74,73,46,57,39,46,34,59,13,15,14,10,11,3500000,646
Maxim Dekker,Netherlands,190,80,19,52,45,65,67,67,64,44,63,43,56,45,63,65,64,65,73,50,62,54,76,68,42,35,29,33,29,50,33,10,12,9,13,7,77500,18
Amadou Mbengue,Senegal,180,75,21,55,51,69,67,74,60,31,66,34,50,45,53,54,75,65,66,67,80,53,76,64,42,26,29,30,34,44,26,6,11,9,5,12,85000,499
Ricardo Pepi,United States,185,74,20,69,65,24,30,32,69,72,41,52,67,34,65,57,70,75,70,63,72,66,65,69,70,73,53,59,51,66,62,10,11,14,9,10,1500000,219
Rafael Hornos,Uruguay,186,75,18,15,7,10,10,26,63,8,14,25,38,11,17,35,22,22,49,35,30,22,52,14,51,7,7,13,13,14,8,59,63,57,68,58,23000,384
Conor Coventry,Republic of Ireland,175,68,23,67,65,60,64,68,63,56,63,68,70,52,70,68,66,76,59,77,63,80,68,56,59,47,60,51,50,64,42,12,11,9,13,7,1000000,519
Jason Mbock,France,174,67,23,56,65,15,22,32,60,49,11,57,47,41,59,46,78,51,34,73,74,74,56,45,63,60,59,53,38,62,56,10,15,9,14,15,20000,50
Cui Ming'an,China PR,180,70,28,52,46,49,52,50,56,50,53,56,45,46,62,59,59,63,70,57,57,68,59,50,60,29,51,53,45,41,38,13,7,10,9,11,13000,167
Mario Dalendo,Venezuela,178,78,23,60,45,65,56,67,68,49,63,47,64,67,63,56,68,67,63,57,74,64,44,57,44,44,55,68,55,40,48,8,7,13,9,9,92500,172
Jordan Amissah,Germany,198,97,22,13,14,14,10,17,46,4,14,34,35,13,16,24,21,28,60,32,27,37,35,13,44,9,6,14,14,14,5,47,59,54,59,45,7000,110
Daniel Jebbison,England,190,78,20,63,62,25,28,53,56,63,31,50,57,42,57,47,82,73,78,66,84,69,70,61,66,65,58,54,40,58,55,11,14,14,12,9,75000,568
Mamadou Mbacke,Senegal,188,74,21,58,52,66,69,62,67,57,70,35,62,28,66,60,64,72,78,59,72,62,80,73,39,35,22,30,25,35,24,14,14,13,13,14,1400000,654
Filip J√∏rgensen,Norway,178,74,21,65,64,53,55,60,61,64,61,65,68,48,66,63,74,77,59,79,73,80,70,52,54,50,48,46,39,45,42,14,12,14,6,10,65000,441
Dennis Kempe,Germany,187,86,37,60,59,63,61,70,64,49,64,54,62,59,61,58,62,70,81,59,67,58,73,61,64,29,56,57,49,50,31,6,11,15,11,6,13000,665
Fortune Makaringe,South Africa,181,72,30,71,66,48,60,62,58,66,28,67,51,61,76,67,76,71,65,58,72,58,62,58,68,62,60,64,66,55,46,9,11,13,13,13,1200000,446
Pablo M√≠guez,Uruguay,183,81,36,61,61,64,70,73,60,58,65,62,64,53,65,67,58,68,78,55,58,55,59,65,63,54,54,53,35,53,40,7,8,6,16,8,27500,45
Luis C√°ceres,Paraguay,180,77,27,55,23,65,68,55,60,28,65,33,44,29,61,43,53,63,70,62,65,49,70,68,39,39,25,33,44,58,40,13,9,9,6,6,55000,444
Jasper L√∂ffelsend,Germany,180,75,25,65,62,58,60,64,65,53,64,51,59,64,69,66,63,75,63,69,65,61,63,54,55,35,38,46,39,43,36,14,7,13,10,5,72500,503
Park Min Gyu,Korea Republic,175,69,28,51,45,56,58,64,55,41,62,41,55,61,48,41,70,83,65,75,76,72,71,45,42,26,28,45,23,38,29,14,10,6,7,10,40000,278
Ryan Bennett,England,188,78,33,47,24,69,71,81,66,22,68,31,54,27,60,56,33,49,77,33,35,30,71,69,43,20,22,22,25,28,16,8,6,16,12,12,90000,121
Leo √òstig√•rd,Norway,185,81,23,61,58,70,73,86,71,35,69,34,58,48,62,55,67,69,84,61,69,67,91,74,52,33,32,46,24,42,33,8,13,10,13,6,3100000,422
Yoane Wissa,DR Congo,176,74,26,76,77,18,23,61,70,75,31,68,73,71,65,60,83,71,68,73,87,82,76,58,75,76,72,56,53,71,70,8,14,7,6,15,6000000,101
Brandon Fleming,England,174,71,23,62,66,63,64,58,61,47,62,45,53,70,60,51,76,64,56,80,73,76,64,53,46,32,36,63,54,43,31,11,12,7,5,13,92500,447
Vic Chambaere,Belgium,190,77,20,11,9,14,14,28,46,6,11,28,37,11,16,27,32,26,38,45,22,33,60,10,44,5,8,10,11,15,6,57,63,58,58,62,18000,345
Diber Cambindo,Colombia,183,83,27,66,64,18,20,50,65,71,18,43,59,37,53,42,68,72,90,71,70,70,70,77,71,78,62,42,40,63,70,13,7,9,14,13,2100000,329
Jackson Muleka,DR Congo,180,77,23,69,74,23,36,65,65,75,26,62,73,58,61,45,82,71,70,73,81,82,81,73,72,73,67,63,53,66,68,14,7,15,6,11,2800000,87
Douglas Friedrich,Brazil,194,88,34,11,11,13,10,24,59,7,6,30,21,12,24,24,15,26,68,25,31,31,34,14,43,7,5,12,14,15,6,69,71,70,57,76,52500,34
Rony Jansson,Finland,183,72,19,46,45,54,55,45,43,22,55,42,42,35,50,45,64,55,59,61,63,50,64,50,28,20,24,29,30,35,23,10,11,11,13,14,8000,352
Valent√≠n Carboni,Argentina,178,70,18,64,60,57,54,47,58,51,26,66,63,56,70,69,58,52,49,69,61,47,58,51,62,45,44,61,50,59,45,13,13,8,11,7,25000,332
Amrit Gope,India,181,80,23,13,6,14,11,24,48,4,14,37,25,13,25,16,30,23,54,44,18,35,56,10,39,6,8,13,10,18,6,49,51,48,52,46,4000,85
Peter Abradanel,Brazil,187,85,39,16,15,19,15,25,58,11,29,47,29,11,26,23,60,32,54,50,48,35,56,11,43,15,19,12,14,21,15,59,61,66,57,68,1500,48
Dami√°n P√©rez,Argentina,168,67,34,64,65,68,65,80,69,57,63,47,58,65,66,62,78,81,58,84,74,83,87,58,69,44,53,54,47,48,46,10,14,16,11,14,82500,330
Akin Odimayo,England,183,75,23,57,55,61,63,64,58,24,60,37,54,52,56,53,73,68,72,67,72,68,80,57,37,21,25,30,20,28,21,9,10,10,5,11,40000,432
Ron Berlinski,Germany,182,74,29,63,64,28,30,58,62,66,27,53,61,60,60,49,85,66,66,69,81,71,77,56,67,67,56,57,42,65,58,6,8,6,6,8,77500,518
Lucas Esquivel,Argentina,183,77,21,62,64,66,65,70,59,55,58,45,54,63,64,58,79,83,63,71,81,73,72,59,71,35,45,73,64,48,33,6,8,6,8,7,1200000,637
Pawe≈Ç Chrupa≈Ç≈Ça,Poland,180,72,20,57,58,51,52,56,48,52,50,51,56,54,53,38,66,62,57,62,67,64,52,49,55,50,52,52,55,41,42,10,10,13,8,10,14000,674
Lo√Øc Bessil√©,Togo,183,82,24,60,64,65,68,66,61,30,66,40,61,58,58,50,73,66,77,69,77,66,74,71,62,26,35,52,34,42,35,8,10,10,5,13,1000000,344
Romain Spano,France,182,76,28,69,65,15,18,38,60,70,21,56,61,52,61,48,72,60,62,53,69,60,56,65,65,65,58,54,56,70,62,10,15,12,6,8,92500,204
Gaetano Letizia,Italy,173,63,33,65,67,69,70,64,69,55,69,49,69,69,65,68,90,82,63,88,83,84,80,54,74,45,67,58,44,45,51,15,15,8,9,9,2100000,84
Jonatan Kotzke,Germany,184,81,33,58,47,60,66,69,61,39,63,55,65,53,60,54,42,70,75,54,55,48,60,63,53,39,51,48,50,64,42,11,14,16,15,8,32500,293
Patrik W√•lemark,Sweden,183,73,21,74,75,23,29,50,63,70,35,70,65,67,68,60,76,73,63,69,77,84,45,36,68,70,67,73,64,49,55,14,8,10,12,5,2600000,256
Kaoru Mitoma,Japan,178,71,26,80,84,54,59,58,73,74,57,76,77,67,72,59,89,70,62,75,79,87,65,52,67,75,68,69,62,63,69,14,10,13,10,9,11500000,103
Nawaf Al Subhi,Saudi Arabia,180,74,33,45,47,64,63,71,57,43,63,39,52,54,53,52,54,68,77,48,62,54,82,67,70,30,63,66,40,39,27,10,11,11,12,15,37500,27
Reinaldo Lenis,Colombia,181,76,31,70,73,32,36,34,67,68,38,67,65,66,68,66,81,76,70,69,80,74,32,64,67,65,58,64,43,59,59,11,16,13,12,11,1800000,27
Luca Connell,Republic of Ireland,177,75,22,67,65,59,60,68,64,49,62,65,64,63,69,68,68,73,60,69,65,65,48,37,64,48,59,66,54,56,55,14,6,12,6,6,75000,79
Laurence Wyke,England,185,82,26,41,29,58,56,60,45,21,52,29,38,23,39,22,60,57,65,54,58,44,69,52,34,18,24,21,24,37,22,6,14,12,8,11,10000,423
Roni Gameira,Brazil,180,76,31,71,73,24,25,44,77,74,44,55,77,61,61,52,78,58,70,65,82,78,64,76,73,77,71,55,56,72,76,8,7,7,9,10,4100000,62
Stefan Mitroviƒá,Serbia,189,84,33,61,51,68,75,82,72,31,73,43,70,38,70,65,30,73,86,34,31,33,73,75,59,22,38,29,33,35,28,15,9,8,8,16,2700000,275
Erik Zenga,Germany,181,78,30,72,70,66,68,76,70,63,66,69,63,60,72,68,79,65,68,69,77,72,75,59,58,56,55,59,48,45,47,12,8,8,13,11,1400000,545
Gustav Granath,Sweden,191,82,26,55,28,58,63,48,58,28,59,31,48,54,64,57,62,59,75,48,64,46,72,64,40,22,25,45,24,34,27,9,7,11,14,13,37500,170
Abderrazak Hamdallah,Morocco,179,75,32,72,77,20,25,57,78,78,20,74,77,66,72,60,67,74,79,45,72,76,71,76,77,79,70,74,72,68,72,15,9,11,9,10,6500000,415
Hubert Matynia,Poland,182,73,27,55,53,61,62,56,57,38,59,45,54,55,57,37,69,67,60,69,67,70,69,55,50,45,40,52,46,46,42,15,11,13,15,8,40000,404
Abdulaziz Makin,Saudi Arabia,168,59,22,54,53,38,40,39,51,46,37,47,50,47,50,46,66,48,33,70,68,64,50,36,43,47,38,41,43,42,43,12,13,14,10,9,9000,168
Martin Posp√≠≈°il,Czech Republic,178,78,32,66,66,59,62,59,68,59,63,69,68,63,70,66,76,79,65,84,68,84,80,54,57,50,59,69,62,67,50,8,11,9,11,13,82500,336
Luka Bogdan,Croatia,195,85,27,53,44,67,69,64,47,30,61,36,60,27,55,50,33,48,87,34,53,60,56,66,41,28,33,36,23,36,32,12,10,6,8,6,67500,616
Aitor Ruibal,Spain,176,75,27,78,76,60,61,63,67,72,60,64,66,76,71,65,83,63,68,69,85,74,34,62,77,73,73,51,54,61,57,15,9,14,7,8,6000000,500
Jeremy Dudziak,Tunisia,176,70,28,73,73,65,66,71,66,66,68,74,71,69,72,61,82,77,58,84,65,89,78,55,66,60,60,73,62,59,58,7,13,12,6,13,1700000,304
Sander Moen Foss,Norway,185,80,24,45,38,61,63,59,60,26,64,33,59,34,52,48,66,59,72,64,51,52,83,62,33,20,24,27,24,32,28,9,14,12,9,13,47500,553
Jalil El√≠as,Argentina,175,69,27,71,66,70,68,73,70,66,70,69,71,66,72,69,70,82,66,74,67,70,70,61,65,50,63,58,53,57,47,9,9,6,13,13,1700000,552
Michel Ange Balikwisha,Belgium,178,71,22,74,74,38,43,67,67,66,44,71,68,69,72,68,87,78,51,84,84,84,81,42,70,68,68,64,56,55,66,13,14,6,6,10,5000000,520
Puado,Spain,177,69,25,77,76,39,44,66,76,76,39,68,73,67,75,60,85,83,75,77,83,82,81,76,75,75,72,63,55,74,63,8,8,9,11,13,8500000,488
Marash Kumbulla,Albania,191,78,23,60,52,73,77,75,78,22,75,54,63,45,61,58,42,68,81,58,54,51,82,79,50,26,31,30,26,30,28,14,9,8,15,7,6000000,512
Simone Scuffet,Italy,193,75,27,21,13,18,24,35,68,12,20,35,61,20,30,34,50,40,65,45,50,60,70,18,45,20,16,20,22,18,20,70,70,67,60,75,1500000,117
Marcelo Weigandt,Argentina,175,72,23,68,69,69,73,79,67,65,66,34,69,62,65,50,77,77,73,76,77,73,65,58,37,40,35,38,32,40,33,10,8,9,14,15,2000000,92
Alex Paulsen,New Zealand,183,78,21,41,22,16,18,21,65,18,14,53,55,25,40,44,47,45,52,52,52,59,69,16,48,19,16,31,23,24,16,58,63,58,64,69,37500,666
Jasmin Buriƒá,Bosnia & Herzegovina,193,80,36,22,11,13,12,26,59,15,21,43,57,11,30,35,22,22,54,38,27,41,62,14,45,13,13,13,18,15,15,63,63,63,60,62,5000,681
Richard √Åldarez,Uruguay,191,90,31,12,12,16,16,26,57,6,12,28,38,15,20,16,22,35,33,35,30,35,31,22,47,6,12,14,12,11,6,68,61,64,62,71,57500,133
Georgios Kanellopoulos,Greece,185,75,23,66,63,47,50,45,62,58,50,58,60,49,66,63,68,67,57,74,69,70,66,42,56,56,55,54,53,47,45,12,5,13,14,10,37500,294
Iv√°n Mart√≠n,Spain,178,70,24,75,76,38,42,53,66,66,45,74,72,71,72,66,76,63,47,69,75,77,54,47,63,68,60,66,65,70,63,6,13,6,11,6,3500000,281
Ashley Hunter,England,178,67,27,61,63,44,47,44,57,60,45,59,61,61,60,55,81,73,51,75,74,83,39,49,61,54,57,60,57,59,52,7,13,13,14,12,52500,414
Nawaf Al Aqidi,Saudi Arabia,186,83,23,25,8,12,11,19,57,4,10,29,37,15,31,22,30,23,46,44,32,38,65,14,43,7,8,14,10,14,9,58,62,59,57,51,18000,36
Oleksandr Syrota,Ukraine,193,78,23,55,34,70,74,66,67,29,69,26,60,24,66,45,73,81,73,67,66,76,74,74,40,24,16,23,22,36,25,6,7,6,12,9,1900000,186
Pedro Bigas Rigo,Spain,181,78,32,66,55,72,77,82,69,61,72,45,67,68,76,69,63,61,72,64,62,62,78,73,62,49,47,46,43,48,44,13,15,14,9,11,2900000,190
Fraser Hornby,Scotland,195,85,23,67,62,19,21,65,61,64,16,59,58,35,63,44,53,60,87,34,66,34,65,74,75,68,67,59,70,69,58,8,6,15,11,13,1200000,348
Leandro Gonz√°lez Pirez,Argentina,185,89,31,70,65,72,70,85,69,60,71,59,70,42,72,74,67,78,80,57,73,63,78,72,59,42,49,55,39,49,42,12,14,8,8,13,2500000,509
Melker Hallberg,Sweden,180,68,27,66,64,61,63,71,65,65,64,65,63,65,66,65,67,73,63,71,65,70,64,52,75,58,65,69,67,60,64,8,15,8,8,6,77500,589
Li Guangwen,China PR,175,74,32,56,52,56,58,65,61,49,58,60,39,47,55,53,67,74,58,74,52,77,76,35,54,31,54,31,46,33,28,6,7,7,12,15,12000,135
Andrei Girotto,Brazil,186,79,31,76,66,78,79,80,74,59,82,54,66,65,75,69,63,70,71,54,54,63,75,77,81,55,80,63,71,55,51,6,11,7,9,12,8500000,227
Samkelo Zwane,South Africa,182,62,21,55,65,48,40,31,52,58,30,56,48,41,64,61,73,65,35,75,70,58,56,38,51,25,40,36,38,35,40,8,10,10,6,10,14000,351
Jonas F√∂hrenbach,Germany,184,81,27,63,64,68,69,62,64,42,69,48,57,61,63,54,66,73,74,60,85,62,87,63,61,29,41,46,39,42,27,13,10,11,7,7,1600000,308
Ulrich Meleke,Ivory Coast,181,76,24,60,60,63,67,72,61,55,65,52,61,32,62,52,77,74,83,81,69,67,91,58,41,19,17,20,24,36,29,13,14,6,5,10,1000000,242
William Balikwisha,DR Congo,173,67,24,73,76,30,36,51,69,58,49,63,65,61,68,64,80,64,51,75,75,87,80,49,59,55,58,62,48,53,47,6,9,14,9,11,1400000,597
Felix Luckeneder,Austria,190,73,29,50,40,66,69,72,65,28,70,29,63,29,49,44,48,76,75,52,44,33,54,70,41,28,23,31,27,38,27,6,10,13,6,6,87500,364
Jack Connor,England,185,75,19,49,40,31,33,60,49,52,32,44,47,32,37,34,60,59,68,49,60,49,65,53,49,59,49,45,42,55,50,14,14,8,8,11,8000,432
Mark McKenzie,United States,184,83,24,66,59,71,75,72,69,40,72,33,68,25,71,68,78,75,79,65,82,67,81,67,34,37,40,26,24,30,28,11,9,11,10,10,3100000,345
Adam Davies,Wales,185,80,31,16,12,13,16,31,68,8,15,40,47,12,25,13,40,29,47,40,40,39,46,16,50,11,15,16,18,23,13,70,71,67,66,71,1100000,568
Lewis Cook,England,175,71,26,78,77,68,72,77,73,65,69,74,73,70,77,77,66,68,61,83,55,75,68,50,66,61,65,71,65,61,57,15,6,15,12,13,4600000,9
Piotr Wlaz≈Ço,Poland,184,69,34,66,61,60,63,78,62,57,64,56,68,61,68,66,47,72,72,73,54,64,82,59,62,58,67,62,65,68,56,9,11,11,15,7,50000,596
Wei Zhen,China PR,188,78,26,57,42,65,68,63,60,41,63,53,52,41,65,62,66,69,74,68,66,60,51,55,41,32,31,30,36,41,31,8,9,8,7,9,57500,566
Talles Magno,Brazil,186,70,21,84,79,25,46,38,69,70,24,66,72,64,65,43,84,70,69,72,81,81,71,54,68,65,56,64,44,61,57,6,8,10,12,12,3400000,425
Onel Hern√°ndez,Cuba,172,76,30,70,70,17,38,72,64,71,17,67,63,63,63,52,87,66,76,85,85,81,45,50,74,62,61,61,52,50,62,11,14,13,10,11,1400000,433
Kamil J√≥≈∫wiak,Poland,176,70,25,68,73,35,44,45,62,63,33,62,62,64,63,56,85,70,68,81,84,85,52,41,60,58,45,61,34,52,49,9,10,14,8,13,1600000,136
Matteo Gabbia,Italy,185,78,23,60,53,74,77,73,69,23,72,41,59,41,58,50,56,79,69,51,55,55,74,74,54,22,41,47,28,42,34,14,11,5,12,14,2400000,406
Lauro Rev√©z,Peru,182,78,35,70,71,42,45,42,68,69,41,66,66,66,64,50,69,58,73,38,69,68,61,62,60,64,55,63,46,62,58,71,68,60,74,75,47500,584
Miguel Puche,Spain,180,75,22,66,70,38,44,46,62,62,38,65,61,62,64,58,72,62,60,66,74,67,63,57,67,62,66,53,48,59,58,7,11,13,10,13,1000000,505
Vladyslav Vanat,Ukraine,182,69,21,59,61,20,22,64,55,60,20,55,57,43,53,51,70,60,58,63,71,62,52,54,61,63,56,35,36,63,55,9,13,14,9,13,27500,186
Jean-Victor Makengo,France,177,75,25,75,74,74,78,69,69,67,69,68,70,69,78,74,69,73,69,70,63,65,62,70,75,61,69,66,59,59,69,8,8,9,9,9,3500000,222
Burak Ince,Turkey,181,72,19,68,71,29,27,35,58,57,27,52,50,42,64,53,74,52,57,73,76,78,60,41,48,53,46,45,58,39,42,9,13,9,14,10,42500,56
Joseph Lopy,Senegal,181,68,31,66,62,63,67,66,67,63,69,63,66,55,65,66,73,91,78,58,70,75,89,64,62,68,62,47,53,56,42,11,15,16,12,10,1200000,435
Connor McLennan,Scotland,182,69,23,63,64,43,47,33,54,60,43,63,62,62,58,55,81,70,70,76,81,61,66,50,60,59,58,39,41,62,59,8,6,15,7,5,57500,589
Yan Couto,Brazil,168,60,21,75,76,65,66,66,65,62,65,57,58,74,71,65,83,77,48,83,82,84,74,51,64,55,53,67,43,55,45,8,9,6,13,11,2600000,281
Ronaldo Cabrais,Brazil,177,75,31,83,85,33,35,62,84,82,40,83,81,83,83,82,90,88,68,71,87,86,69,64,82,74,78,86,78,77,76,15,12,12,13,13,35000000,100
Rhyan Grant,Australia,174,74,32,66,63,65,66,72,65,65,66,64,68,66,67,59,75,84,76,73,70,70,82,55,61,58,59,59,48,56,53,7,16,15,16,10,1000000,610
Lamine Diack,Senegal,186,79,22,63,67,65,68,74,60,62,70,57,59,56,66,61,75,77,74,63,74,72,68,59,65,55,60,58,49,60,54,9,5,13,13,14,1100000,390
Edinson Cavani,Uruguay,185,77,36,76,70,39,48,81,85,91,54,73,82,65,72,52,58,58,75,57,63,63,87,85,86,85,73,76,74,84,86,13,12,5,13,10,11000000,640
Jordan Mari√©,France,177,73,31,70,68,66,70,64,71,63,68,68,71,61,70,66,44,63,56,61,31,68,63,47,65,48,58,61,53,33,39,7,15,16,7,11,97500,178
Alexander Lundin,Sweden,187,86,30,16,14,20,20,22,54,10,16,24,20,13,20,21,29,40,74,32,19,40,60,11,42,12,13,14,17,18,17,58,56,58,56,57,14000,409
Pedr√£o Tofico,Brazil,190,88,27,69,51,75,81,80,74,37,77,59,66,65,71,72,54,71,93,51,62,51,72,78,45,21,26,27,32,34,26,13,8,10,8,10,13500000,100
Robert Navarro,Spain,178,69,21,72,74,38,34,57,71,68,40,71,68,55,65,60,78,68,64,74,72,78,61,49,58,70,58,42,61,71,59,15,11,9,12,14,1800000,504
Ale≈° Mandous,Czech Republic,188,85,31,19,14,11,12,23,66,7,13,41,33,11,33,35,20,25,73,33,18,21,42,13,59,9,5,12,13,13,8,73,76,75,79,77,3700000,575
Warren Kamanzi,Norway,177,70,22,64,64,59,59,58,58,53,56,57,59,59,57,48,78,75,60,76,78,80,71,53,56,50,42,52,36,42,40,13,12,6,12,9,62500,622
Ryan Manning,Republic of Ireland,173,72,27,71,72,66,69,69,69,65,72,71,65,69,68,66,66,81,65,78,67,73,76,57,63,58,63,67,67,66,36,12,12,6,11,12,2300000,607
Nathan Patterson,Scotland,183,66,21,69,70,69,69,66,53,55,65,54,58,63,65,58,75,75,68,74,79,72,73,62,62,41,41,56,31,35,41,7,7,13,9,8,1400000,197
Juan Manuel Ramos,Uruguay,180,72,26,68,68,67,61,69,68,63,71,53,68,64,60,68,60,73,64,61,73,68,76,60,61,53,43,54,44,58,42,10,7,11,9,14,1400000,463
David Strelec,Slovakia,185,75,22,65,64,28,32,49,64,64,29,57,59,38,63,53,57,54,62,59,53,50,62,70,66,68,57,49,40,62,47,9,15,7,11,6,70000,507
Lukas G√∂rtler,Germany,186,80,29,72,66,51,55,74,72,70,60,81,67,74,74,79,65,91,75,68,68,70,78,64,67,63,63,67,48,64,62,13,11,15,14,14,3000000,235
Lautaro Mart√≠nez,Argentina,174,72,26,86,84,44,31,90,89,87,45,80,86,58,76,73,86,80,84,89,80,86,89,84,80,88,76,78,54,74,90,8,11,8,8,13,79500000,332
Blondy Nna Noukeu,Cameroon,184,76,22,11,8,14,10,19,42,7,9,34,30,13,26,18,18,19,47,41,15,32,60,11,41,7,9,10,12,19,5,52,59,55,54,64,14000,600
Kieran Sadlier,Republic of Ireland,178,66,28,62,65,52,55,58,59,56,53,61,62,62,57,51,76,67,65,76,75,73,67,54,69,59,65,65,66,64,58,8,11,12,10,9,50000,379
Loret Sadiku,Albania,181,72,32,63,53,62,68,72,66,53,67,55,69,36,71,65,47,70,62,67,34,69,80,58,77,46,64,60,46,65,51,6,16,15,14,14,1000000,299
Mohammed Al Dawsari,Saudi Arabia,170,70,24,60,59,58,57,60,53,48,59,48,46,55,56,50,76,71,56,73,79,73,64,45,40,28,31,48,35,37,31,6,12,13,11,7,42500,37
Marley Marshall Miranda,England,175,67,20,58,56,55,59,64,52,49,56,53,57,48,61,55,72,69,62,82,70,73,44,43,55,53,54,55,53,48,48,10,11,9,6,15,22000,148
Boban Nikolov,North Macedonia,182,79,29,66,65,55,62,63,61,59,60,66,66,64,65,64,64,72,64,68,62,66,62,53,66,52,64,63,63,46,55,12,12,11,11,13,55000,245
Mauro Arambarri,Uruguay,175,74,27,79,72,80,81,83,77,60,79,74,65,63,79,78,63,78,77,75,59,59,53,62,83,55,77,69,70,50,43,15,7,13,13,7,20500000,275
Archie Collins,England,175,63,24,66,64,59,64,56,66,57,64,63,66,57,66,64,68,90,61,81,74,83,87,48,61,55,62,62,57,51,47,6,7,14,12,9,1000000,200
Daniel Gordon,Jamaica,194,85,38,51,49,63,68,64,61,44,61,57,68,52,55,57,36,33,83,39,58,32,85,74,63,46,50,57,48,49,39,15,15,15,15,14,15000,354
Danny M√¢ndroiu,Republic of Ireland,180,73,24,68,65,52,53,58,59,61,45,69,68,63,64,59,68,63,62,68,64,73,64,52,68,60,68,63,69,64,56,11,5,7,8,10,82500,382
Mikey O'Neill,England,184,70,19,60,62,18,20,33,50,49,26,53,49,41,54,50,69,50,58,70,65,70,43,40,65,58,54,51,52,54,52,14,11,11,13,12,17000,288
Matty Cash,Poland,185,74,26,74,75,78,77,82,78,71,76,67,72,77,73,71,79,87,68,74,80,78,77,49,77,67,64,66,48,44,48,13,15,16,13,8,18500000,60
Greg Bolger,Republic of Ireland,180,73,34,57,53,59,60,75,58,52,59,56,58,54,63,58,46,58,70,49,44,46,54,46,58,41,51,54,56,58,58,15,8,12,8,15,20000,576
Claver√≠a,Spain,175,70,27,60,58,65,72,75,61,70,72,65,65,60,63,60,75,88,74,77,75,71,79,49,71,59,62,66,66,41,58,8,8,16,10,15,77500,113
Donny van de Beek,Netherlands,184,74,26,84,76,71,72,76,77,78,73,78,80,65,80,76,63,69,70,69,67,69,70,69,82,75,78,76,65,61,78,10,7,12,8,14,15500000,396
Malik Tillman,United States,187,71,21,73,73,27,41,48,67,65,14,66,63,39,71,62,82,58,70,67,80,68,62,73,70,66,60,44,38,58,51,12,9,11,11,9,1600000,497
Rodrigo Garro,Argentina,174,70,25,66,70,45,47,41,50,61,34,77,60,65,74,73,68,51,44,72,66,65,45,35,77,63,75,66,71,72,48,6,13,13,13,7,1400000,615
Ben Killip,England,188,74,27,20,14,19,17,22,57,19,23,28,27,14,31,39,42,27,53,36,44,40,66,19,43,11,15,24,15,20,13,61,61,61,57,60,25000,303
Onur Atasayar,Turkey,184,74,28,60,63,59,62,58,56,65,58,51,58,62,60,51,74,65,68,60,72,66,61,56,61,59,58,57,41,48,48,10,10,9,7,8,47500,687
Riki,Spain,175,70,25,68,67,51,66,55,65,64,62,69,68,60,69,66,72,62,50,77,68,77,54,44,61,64,67,64,66,63,58,13,9,6,9,6,1200000,43
Finn Azaz,Republic of Ireland,185,73,22,66,67,51,59,56,62,64,59,65,68,58,66,63,67,75,69,80,74,74,51,52,68,62,65,67,55,56,57,6,11,15,9,12,1000000,468
Osame Sahraoui,Norway,170,65,22,74,75,47,46,50,58,62,48,67,71,61,66,60,85,77,45,92,74,93,57,29,56,56,55,69,44,49,45,14,14,14,9,8,1900000,684
Riccardo Orsolini,Italy,183,73,26,82,81,24,26,44,74,70,40,73,73,77,75,67,79,67,72,76,79,83,59,54,79,65,75,80,70,71,73,6,11,11,14,12,6500000,94
Guillaume Restes,France,186,82,18,17,8,14,16,18,45,7,8,33,23,17,31,29,31,23,61,39,35,31,44,12,47,9,7,13,13,15,7,60,61,60,62,63,17000,622
Wahbi Khazri,Tunisia,176,82,32,77,75,30,46,74,76,77,53,76,80,78,75,67,66,69,70,77,69,77,34,54,81,76,77,79,78,83,72,11,6,7,11,6,4800000,412
Nikola Vasilj,Bosnia & Herzegovina,193,89,27,22,12,14,10,30,68,8,15,42,55,10,40,38,36,21,72,23,30,40,64,12,48,9,7,14,11,16,6,71,68,66,64,71,1300000,236
Ra√∫l Garc√≠a,Spain,184,83,37,84,80,57,59,86,83,85,69,83,83,80,84,82,38,74,87,61,33,51,92,90,85,81,86,78,68,85,73,16,14,16,14,15,9000000,61
L√©o Leroy,France,187,82,23,71,70,59,62,57,63,61,60,69,66,61,73,69,55,73,67,60,60,61,60,56,68,52,57,61,59,52,42,9,9,10,12,11,1400000,412
Hampus Gustafsson,Sweden,190,80,22,17,13,13,13,24,39,10,17,36,37,13,30,28,42,25,54,36,40,44,51,14,40,10,10,14,13,15,11,53,56,53,53,55,9000,325
Enzo Loiodice,France,175,71,22,76,73,70,71,72,68,63,67,75,69,43,77,73,64,80,57,82,67,71,63,58,69,51,71,67,69,58,39,6,14,9,5,15,2500000,630
Francesco Cassata,Italy,183,76,26,68,65,48,59,74,64,57,49,63,59,62,68,66,59,57,56,60,34,60,33,29,55,40,70,52,58,40,39,7,10,7,5,10,55000,616
Adri√°n Gonz√°lez,Spain,188,80,23,14,15,13,14,18,57,5,7,24,22,15,23,21,16,27,56,33,23,28,51,11,45,6,9,12,15,18,7,56,58,59,60,63,22000,562
Wei Minghe,China PR,182,77,20,25,30,51,56,46,48,24,46,31,35,29,48,29,58,63,59,61,57,48,72,40,38,19,16,25,27,31,21,7,9,14,15,11,4500,292
Jo√£o Victor,Brazil,187,77,25,58,53,74,76,78,70,38,72,42,65,40,64,60,71,73,78,52,84,62,82,79,55,51,48,42,40,49,43,11,12,5,8,12,5500000,227
Yassine Bounou,Morocco,195,78,32,12,20,15,18,25,84,10,12,62,57,15,39,44,38,43,69,29,37,47,48,14,59,14,19,12,19,24,13,84,83,83,78,85,28500000,562
Jos√© Fonte,Portugal,191,81,39,68,61,77,82,83,83,48,81,63,79,47,74,69,31,76,82,48,31,37,72,84,60,42,43,51,32,43,36,10,7,11,16,6,3800000,366
Bernardo Avileda,Peru,178,82,27,75,53,24,21,68,62,74,22,75,65,52,75,69,63,65,68,64,65,51,55,59,65,68,63,58,54,51,52,10,17,16,13,19,1100000,72
Christian Dahle Borchgrevink,Norway,182,75,24,61,57,62,63,58,60,54,59,56,55,64,64,57,72,75,61,70,69,65,67,55,61,43,58,62,61,47,39,7,9,10,12,7,75000,658
Samed Onur,Turkey,175,67,21,63,66,31,27,47,47,56,27,56,49,60,62,57,69,45,38,76,66,71,37,39,63,61,59,68,69,64,42,10,10,9,13,12,27500,353
Unai Dufur Espesolin,Spain,187,75,24,53,20,65,68,58,58,36,62,34,47,21,60,37,65,58,57,62,62,61,68,63,39,23,21,24,25,31,29,9,6,7,11,13,40000,111
Igor Drapi≈Ñski,Poland,183,78,19,33,28,56,55,51,49,29,53,30,38,27,41,33,55,64,71,62,60,41,74,51,37,23,26,29,33,36,30,12,7,9,15,15,11000,674
Mitchell Dijks,Netherlands,194,90,30,68,65,68,72,78,73,61,69,52,73,69,69,67,55,60,90,41,64,47,32,68,61,30,36,64,42,44,39,13,11,9,12,13,1400000,655
Ivan Peri≈°iƒá,Croatia,186,80,34,82,83,68,75,67,85,85,73,78,88,86,79,79,77,83,76,72,78,74,87,80,84,78,78,79,75,76,81,9,6,7,10,6,16000000,588
Javi Mu√±oz,Spain,175,69,28,74,70,63,66,61,65,62,62,67,69,58,75,72,67,77,66,74,71,63,57,46,67,60,71,73,52,48,48,7,6,10,8,8,1300000,531
Daniel Wass,Denmark,181,74,34,79,76,73,74,72,77,76,76,78,77,79,80,80,71,83,73,71,73,72,67,68,83,73,78,78,84,61,69,13,11,9,10,13,8500000,107
Moussa Doumbia,Mali,173,68,29,67,68,44,37,48,65,62,28,62,63,65,67,65,77,63,62,82,78,78,70,42,67,61,63,65,62,58,64,8,8,12,8,8,1300000,246
Niklas Hauptmann,Germany,176,63,27,71,72,49,62,70,66,59,51,68,58,62,70,65,61,66,34,83,55,79,71,33,59,52,59,69,53,41,47,7,9,12,7,8,92500,185
Giangiacomo Magnani,Italy,191,87,27,58,40,72,72,74,72,21,73,34,60,40,54,52,65,51,81,51,73,54,76,71,62,33,25,30,30,38,35,5,13,10,10,7,2200000,309
Imanol,Spain,177,63,23,67,65,70,68,64,63,54,64,61,58,69,69,64,66,72,41,78,67,67,55,59,53,37,67,58,64,43,38,6,10,8,6,14,1500000,531
Brian White,United States,181,83,27,67,66,43,47,59,70,73,48,55,60,44,57,45,75,74,74,71,75,76,84,68,65,70,57,54,42,62,53,9,10,11,10,5,1300000,670
Gary Medel,Chile,171,76,36,67,63,72,74,85,79,58,75,65,78,50,72,66,58,69,75,90,55,72,78,64,65,37,59,35,45,58,58,6,14,7,9,6,1000000,94
Mohamad Al-Taay,Australia,172,74,23,53,33,54,55,43,48,44,54,50,52,44,58,54,55,59,67,64,53,58,73,44,42,42,28,22,27,35,22,13,12,12,10,6,13000,426
Kristian Dennis,England,180,75,33,62,59,22,38,72,64,66,40,59,64,38,55,46,62,81,69,68,66,74,73,62,67,65,62,51,60,67,60,3,5,7,21,5,47500,126
Anas Namri,France,168,59,21,54,57,59,57,67,54,48,53,35,38,51,52,40,66,59,46,86,62,51,62,45,34,32,25,42,37,43,25,9,7,6,14,15,21000,16
Wilhelm Loeper,Sweden,187,75,25,63,61,46,53,43,50,53,52,54,53,56,64,58,65,68,61,55,67,55,51,44,50,50,45,43,32,53,38,14,14,11,14,15,27500,310
Morten Bj√∏rlo,Norway,176,64,27,64,60,59,61,66,66,60,63,64,59,62,65,63,64,77,51,79,59,71,62,52,55,55,54,63,60,48,37,10,10,6,6,11,62500,516
Issa Diop,France,194,92,26,62,52,78,79,79,73,42,79,43,70,37,67,63,55,67,87,48,70,52,76,76,50,30,31,32,34,44,48,14,10,7,6,9,10000000,267
Sebastian Ernst,Germany,179,68,28,75,71,59,56,52,70,69,59,68,69,61,71,68,77,85,64,82,60,81,82,65,65,62,54,53,55,54,46,11,11,7,8,9,1700000,300
Miguel √Ångel R√≠os,Bolivia,175,75,30,66,67,60,65,55,60,61,60,57,66,60,74,64,72,65,59,70,73,80,52,45,67,60,55,58,61,70,55,7,9,9,6,8,85000,436
Zak Emmerson,England,180,70,19,55,58,18,22,38,53,52,20,47,50,40,57,39,70,53,43,62,72,72,47,46,54,57,47,45,27,51,42,6,7,13,9,6,15000,90
Ezkieta,Spain,193,80,27,19,17,15,17,25,64,15,20,32,33,16,28,27,41,38,66,41,49,36,57,17,48,12,14,16,19,24,15,66,64,63,64,65,57500,479
Alejandro Piedrahita,Colombia,182,83,20,63,65,22,20,29,70,60,36,63,62,63,58,57,68,59,78,54,67,70,50,54,64,62,60,50,43,52,58,6,11,10,14,6,65000,76
Jay Fulton,Scotland,186,80,29,68,63,71,72,82,64,57,68,62,67,54,67,66,63,66,73,67,62,69,59,69,65,53,50,49,33,51,45,11,11,11,8,7,1400000,607
Espen Bj√∏rnsen Garn√•s,Norway,190,84,28,52,39,62,65,69,62,30,65,35,54,35,60,50,39,68,90,50,39,38,71,67,45,28,26,32,32,35,30,6,14,9,12,6,95000,381
Abdullah Al Fahad,Saudi Arabia,178,75,29,55,47,58,65,58,62,39,66,48,50,38,60,61,77,85,70,77,70,72,87,63,53,40,52,41,33,55,36,8,6,10,11,16,50000,37
Rostyn Griffiths,Australia,187,86,35,60,55,59,62,74,60,53,61,56,63,46,64,61,44,73,82,55,38,52,68,63,60,47,52,48,54,47,36,13,14,6,6,10,23000,417
Abraham Venteros,Ecuador,180,75,35,63,60,65,61,54,68,63,54,54,61,65,63,59,71,54,71,61,66,65,72,58,52,48,49,68,56,57,54,13,9,7,9,10,18000,171
Lamine Sy,France,171,65,21,57,51,56,59,53,49,45,53,41,42,52,53,39,78,67,44,82,79,65,74,48,32,26,27,43,33,40,24,8,14,8,11,15,24000,538
Clarencio Lanoas,Bolivia,188,78,31,63,58,61,65,63,60,34,48,36,71,50,50,58,62,70,79,58,69,45,48,73,73,48,42,44,52,59,52,10,12,10,15,13,47500,328
Freddie Draper,England,189,78,19,51,48,17,16,48,54,53,27,48,54,33,39,28,62,51,72,62,70,57,65,53,59,57,48,33,32,50,49,15,10,10,12,14,13000,182
Sander √òstraat,Norway,183,76,18,16,6,11,10,15,40,5,13,30,21,12,16,15,43,21,47,42,46,45,58,10,37,5,9,10,11,16,7,48,51,47,49,53,3500,250
Danylo Ignatenko,Ukraine,189,84,26,69,68,72,74,83,72,69,71,68,68,66,75,69,50,75,87,52,52,56,56,71,68,49,48,57,56,48,44,15,13,8,8,11,1800000,96
Nicklas Shipnoski,Germany,184,75,25,67,70,30,24,34,64,62,25,64,56,61,65,44,81,70,44,75,81,77,53,49,62,63,55,55,35,64,57,6,12,15,10,13,1200000,337
Federico Mattiello,Italy,184,70,28,72,72,71,71,68,67,64,65,65,66,73,71,67,70,64,54,70,73,72,52,68,75,53,75,75,59,58,70,9,7,5,8,5,1900000,282
Rafael P√©rez,Colombia,186,76,33,62,60,68,70,81,68,35,72,43,69,29,66,58,55,80,88,64,63,56,70,68,53,38,46,47,43,55,23,6,5,14,15,10,1500000,552
Yoann Barbet,France,187,81,30,66,63,73,71,70,68,55,71,65,70,66,70,72,67,79,77,54,69,61,62,72,68,38,58,65,73,58,51,10,14,11,9,13,1600000,96
Liam Thompson,England,173,68,21,62,62,61,62,60,63,46,66,60,62,48,66,63,60,63,40,75,63,64,62,52,58,40,45,53,50,56,40,14,7,15,5,14,47500,176
Lewis Macari,Scotland,183,82,21,50,52,59,61,46,57,61,59,48,41,66,52,50,58,55,61,51,57,55,70,54,48,20,45,58,27,37,27,6,15,13,9,6,25000,600
H√©ctor,Spain,180,73,27,66,65,15,15,32,60,64,24,54,56,42,60,39,66,59,65,70,64,67,70,60,66,75,65,64,40,72,65,6,16,10,15,13,95000,269
Zihao Yan,China PR,178,74,28,41,50,55,55,50,52,45,53,33,41,43,31,26,66,81,56,71,68,72,68,38,25,22,24,33,25,30,22,12,11,11,5,6,12000,123
Garath McCleary,Jamaica,183,76,36,68,70,43,51,55,65,63,41,64,65,64,63,57,79,59,77,67,76,68,41,55,69,66,66,68,59,60,65,9,14,15,8,14,50000,680
Nik Prelec,Slovenia,187,80,22,65,66,13,16,32,53,66,15,63,60,40,64,41,63,58,79,54,68,61,65,55,69,68,58,42,43,62,41,8,8,7,14,8,70000,120
Kelvin Mellor,England,187,75,32,55,52,53,55,58,58,55,56,51,55,59,55,53,66,71,71,47,59,59,71,54,41,39,36,47,37,42,33,14,7,16,8,16,16000,160
Lewis Simper,England,181,68,21,57,55,49,53,56,55,49,51,56,57,45,58,57,75,56,52,66,59,63,52,45,55,43,53,49,37,41,36,6,9,10,9,6,13000,121
Rub√©n G√≥mez,Spain,182,75,21,10,8,14,11,20,57,6,20,40,22,23,26,25,29,28,46,42,29,60,66,10,41,6,6,11,12,12,7,59,59,57,55,57,19000,654
Fawaz Al Sagour,Saudi Arabia,176,68,27,66,61,58,56,48,58,72,55,53,47,63,60,56,90,89,57,77,92,84,49,46,45,48,33,51,36,48,44,11,7,7,12,14,85000,38
Hany Mukhtar,Germany,173,71,28,82,79,44,44,42,79,80,45,78,79,72,82,75,82,87,60,85,82,87,73,45,75,78,74,73,77,73,55,9,15,10,9,12,19000000,423
Matheus Pereira,Brazil,172,67,22,65,69,68,67,62,59,50,58,39,48,60,55,47,75,74,65,80,76,61,62,46,39,33,36,52,53,50,42,11,6,13,5,14,92500,240
Max Clark,England,180,73,27,60,60,58,61,70,59,57,60,58,59,63,60,58,70,62,68,68,71,70,73,56,53,53,54,64,41,51,46,11,15,13,6,9,47500,598
Victor Vin√≠cius Coelho dos Santos,Brazil,180,78,29,77,74,33,44,39,73,73,45,70,76,69,71,72,74,70,70,72,77,80,71,52,81,71,75,76,69,72,70,8,13,14,8,8,4200000,196
Gonzalo Bettini,Argentina,171,75,30,65,63,68,68,64,65,59,63,66,62,68,66,55,71,80,57,70,59,68,53,57,50,41,39,47,31,33,30,7,13,16,11,12,1100000,556
Christiaan Ravych,Belgium,187,71,21,48,28,61,67,45,54,18,58,51,45,34,56,60,51,31,66,57,54,53,55,54,35,16,25,28,21,32,27,7,11,10,5,5,21000,132
»òtefan VlƒÉdoiu,Romania,178,73,24,56,54,62,62,56,61,35,60,51,57,60,62,49,80,69,64,57,84,80,58,49,33,35,35,43,38,41,38,10,6,12,6,6,75000,238
Xu Haofeng,China PR,182,67,24,38,38,50,56,48,47,31,53,30,37,39,37,35,64,65,58,62,65,52,74,48,35,24,23,26,23,32,21,6,15,10,14,8,11000,142
Sean Clare,England,190,79,26,61,63,61,63,64,59,53,62,54,54,62,59,57,72,71,75,39,71,56,66,64,58,44,49,56,42,65,38,10,6,5,8,10,72500,137
Liu Tao,China PR,185,78,38,45,43,56,62,51,49,38,59,45,46,38,53,51,50,61,70,57,55,51,65,61,45,35,32,32,36,37,26,9,14,13,7,13,4000,514
Riechedly Bazoer,Netherlands,184,74,26,80,76,71,73,71,76,64,73,75,81,72,79,80,69,74,80,74,73,72,76,71,77,64,74,74,63,54,68,14,6,11,12,10,8500000,18
Guillermo Ben√≠tez,Argentina,170,69,29,56,60,65,66,67,54,51,59,49,50,58,60,58,67,53,62,81,69,67,71,58,49,49,44,40,30,50,37,13,10,7,9,5,42500,320
Maximiliano G√≥mez,Uruguay,186,84,27,77,72,23,20,74,78,82,21,70,80,59,73,64,63,78,88,56,63,66,83,87,82,80,73,75,57,72,75,12,7,8,13,6,16000000,623
Seydouba Cisse,Guinea,179,71,22,66,58,62,60,65,64,61,62,59,50,52,72,74,64,70,46,70,56,56,55,58,67,60,61,44,47,56,49,13,5,5,5,8,1000000,112
Sven Nieuwpoort,Netherlands,191,75,30,58,57,63,66,70,60,50,70,40,65,50,64,65,65,59,67,61,60,56,70,61,30,35,24,34,28,58,29,16,6,12,14,13,60000,199
Linus Gechter,Germany,190,80,19,49,43,68,72,58,63,28,67,45,58,40,59,55,61,68,76,55,70,52,70,69,50,26,28,30,35,37,37,6,14,6,8,11,1100000,99
Guus Til,Netherlands,186,78,25,74,72,57,59,72,77,83,68,73,75,56,77,73,67,87,71,63,71,68,72,78,73,80,67,60,63,66,63,11,12,6,12,14,6500000,449
Nils De Mol,Switzerland,183,84,22,13,9,12,11,24,53,5,14,34,36,12,22,23,31,26,66,46,33,26,62,12,42,7,8,10,12,16,6,54,58,56,56,59,14000,208
Jesper Karlstr√∂m,Sweden,182,81,28,69,66,66,71,80,72,56,71,62,68,62,69,66,71,86,83,67,63,65,70,62,58,51,59,63,59,48,58,11,11,8,10,16,2200000,372
Joel Waterman,Canada,185,75,27,58,49,62,68,73,69,40,64,55,54,29,65,65,34,64,78,37,53,51,65,61,39,35,17,28,24,44,22,11,6,7,10,11,97500,116
Antony Iannarilli,Italy,186,79,32,26,30,21,22,43,64,12,31,35,48,13,30,28,44,35,49,38,43,56,67,31,53,19,20,11,23,39,16,67,66,68,70,68,65000,616
Gonzalo Castro,Uruguay,178,80,38,81,74,37,62,38,53,68,43,76,81,78,82,76,47,31,78,84,58,44,62,66,76,71,75,78,75,71,82,10,9,16,15,14,52500,509
Tim Sechelmann,Germany,186,83,24,58,52,64,69,63,65,40,68,34,57,56,58,58,64,62,66,57,61,58,64,56,33,33,32,48,35,37,34,7,15,11,14,14,60000,1
Parfait Bizoza,Burundi,187,80,24,59,59,58,62,63,59,52,61,52,61,42,62,59,65,75,74,62,68,56,72,65,58,53,59,39,36,45,28,7,5,10,10,14,40000,387
Jordan Green,England,168,72,28,55,57,32,36,45,52,48,28,50,49,53,55,50,87,70,46,88,86,87,51,45,58,52,50,46,48,55,47,9,13,10,6,13,24000,277
Alejandro Mele√°n,Bolivia,183,79,36,70,66,66,65,60,67,68,65,67,65,41,70,64,52,62,72,53,55,32,72,70,73,28,49,40,58,47,17,8,12,8,15,11,35000,289
Nicolas Wimmer,Austria,190,88,28,57,49,66,68,70,67,37,67,48,58,37,53,54,51,68,84,41,46,42,80,70,54,34,27,33,31,64,25,15,6,9,11,15,1100000,71
Mamadou Coulibaly,Senegal,183,79,24,70,65,61,64,70,68,64,68,63,66,57,72,67,74,69,73,71,76,70,73,63,67,57,59,55,60,57,49,6,13,6,12,6,1200000,616
Emir Sahiti,Kosovo,174,65,24,72,74,37,42,73,70,71,34,65,63,70,64,63,84,73,56,86,84,86,52,52,75,69,68,71,62,59,62,13,14,12,14,5,2700000,295
Alex Meret,Italy,190,83,26,25,16,12,21,22,74,20,22,23,67,15,30,25,41,29,65,48,48,37,68,19,53,17,17,20,21,21,20,80,80,76,70,84,17000000,422
Jamal Bajandouh,Saudi Arabia,180,80,31,63,58,60,65,60,58,50,64,64,55,67,63,61,34,63,80,60,42,61,67,54,70,52,61,53,49,55,52,14,15,15,10,11,50000,40
Giannis Sardelis,Greece,171,66,22,62,66,33,32,58,55,55,28,53,52,52,61,53,71,60,41,82,72,73,49,47,61,57,48,60,48,49,48,11,11,9,6,10,30000,452
Pedri,Spain,174,61,20,88,87,63,73,62,85,77,72,88,87,68,87,85,82,88,73,90,76,88,65,50,66,68,67,79,62,53,56,8,12,7,11,8,58500000,207
Juanfran,Spain,180,69,34,68,66,62,61,68,68,67,66,63,68,64,64,63,67,74,66,67,68,71,72,60,77,56,76,64,62,59,53,10,13,9,13,14,52500,478
Ali Al Salem,Saudi Arabia,181,79,25,51,50,53,52,50,51,49,53,46,48,53,51,47,70,58,62,70,68,57,59,44,25,19,24,33,26,37,17,11,6,9,13,12,15000,27
Jeando Fuchs,Cameroon,176,70,25,68,66,66,69,83,67,62,71,65,67,50,69,67,81,87,76,80,81,84,91,48,64,53,57,57,43,53,42,14,7,15,9,16,1400000,462
Emanuel Maciel,Argentina,180,74,26,66,61,59,60,70,58,57,64,63,63,53,70,72,54,70,62,67,53,56,67,59,58,49,48,55,43,53,40,13,9,8,12,13,85000,44
Islam Hawsawi,Saudi Arabia,170,60,21,50,52,50,52,53,53,47,52,40,39,49,51,47,70,59,44,71,69,58,58,46,26,25,30,33,35,32,23,14,10,12,13,9,13000,41
Claudiu Negoescu,Romania,176,70,20,51,58,38,35,68,45,53,31,41,38,53,45,38,73,67,31,48,67,61,41,29,53,41,38,41,34,28,55,14,8,12,9,12,12000,631
Enis Destan,Turkey,186,83,21,64,60,46,49,68,50,63,46,61,59,44,62,48,67,63,67,66,68,70,80,69,72,65,66,60,58,72,64,11,10,10,14,6,67500,663
Maikel Chang,Cuba,178,79,32,68,60,62,66,25,57,63,57,68,44,71,62,58,67,53,63,65,70,65,44,33,53,55,39,47,37,51,38,5,6,10,9,12,47500,503
Abu Francis,Ghana,182,75,22,67,66,45,45,62,57,65,45,61,64,52,66,59,74,66,67,70,75,74,68,52,62,67,63,52,54,48,54,13,10,12,5,5,85000,132
Michael Lang,Switzerland,185,79,32,66,60,70,70,68,68,65,69,55,69,68,70,68,55,65,71,57,58,60,75,71,68,61,64,45,55,59,62,10,12,8,9,11,1000000,208
Sheraldo Becker,Suriname,180,77,28,77,79,33,32,52,76,77,45,63,72,74,71,69,94,71,73,79,94,78,70,65,79,81,71,66,50,66,73,16,6,14,15,13,15000000,635
Diego Luis Gonzalez Alcaraz,Paraguay,177,67,20,72,72,56,55,54,58,63,52,62,61,64,72,61,78,55,52,78,69,83,54,57,74,68,64,68,44,69,65,7,6,14,11,8,1500000,370
Boli Bolingoli,Belgium,181,75,28,66,69,63,64,62,62,64,58,59,65,68,64,54,79,75,73,77,82,79,87,59,63,54,57,58,38,65,46,13,7,8,16,14,1200000,347
Mario Antonio Rancoret,Colombia,181,82,31,50,46,65,70,71,69,37,74,51,75,39,66,62,47,56,85,71,54,69,62,68,54,33,43,33,49,44,46,8,7,11,12,9,1300000,49
Kiko Femen√≠a,Spain,174,61,32,74,69,71,72,70,69,64,70,67,66,75,74,63,76,76,62,80,72,76,69,59,56,53,61,65,55,60,54,15,16,15,7,11,3100000,653
Mickel Miller,England,178,70,27,62,65,52,55,39,62,62,53,57,56,63,60,49,84,74,60,79,83,80,57,58,63,63,59,53,54,64,55,8,5,13,13,5,57500,468
Juan Pati√±o,Paraguay,180,88,33,65,30,62,70,72,59,27,64,31,61,49,63,48,54,64,73,56,65,49,70,66,35,17,22,28,28,36,27,8,14,9,10,14,65000,134
Mehdi Taremi,Iran,185,83,31,85,81,25,41,46,84,86,23,85,84,70,82,67,79,82,80,65,77,74,74,75,81,84,72,74,49,77,75,15,9,11,9,8,30500000,230
Matteo Di Giusto,Switzerland,168,65,23,70,76,22,20,40,56,64,24,60,61,66,66,65,81,73,44,87,75,83,63,40,66,64,61,65,66,56,59,8,10,8,5,12,1200000,243
Lionel Messi,Argentina,169,67,36,93,95,24,35,44,92,93,40,94,96,84,91,90,87,70,68,95,76,91,68,70,86,90,91,93,93,75,88,14,6,11,15,8,54000000,455
Bruno Zuculini,Argentina,182,77,30,74,68,74,73,89,70,71,72,65,71,64,74,71,68,72,81,65,69,69,81,76,78,60,64,55,48,68,62,9,12,9,12,13,3600000,509
Silvan Sidler,Switzerland,185,76,25,54,62,61,62,52,58,60,59,58,59,65,64,63,67,71,62,62,63,62,73,56,61,57,72,50,48,49,52,9,6,8,6,10,62500,56
Dami√°n Fern√°ndez,Argentina,180,74,22,51,55,73,67,76,60,35,64,39,55,29,59,45,74,78,71,67,71,65,81,64,47,29,23,39,27,48,31,13,6,7,6,11,87500,657
Jan Zwischenbrugger,Austria,187,80,33,52,49,64,66,63,61,46,65,58,58,46,57,51,49,65,82,49,62,53,50,67,64,43,48,45,37,40,40,10,9,10,15,15,47500,530
Sebastian Hausner,Denmark,188,79,23,61,55,62,64,65,65,40,67,40,60,40,63,58,68,72,79,68,72,63,82,62,40,32,33,40,30,40,32,5,15,14,6,5,87500,323
Alex Dunne,Republic of Ireland,172,70,21,43,39,50,52,51,59,43,48,40,41,44,45,39,66,65,51,67,61,65,63,44,36,36,40,44,41,45,43,12,13,14,14,10,11000,627
Rodolfo Moguerna,Chile,169,69,27,60,59,67,66,68,64,44,74,65,71,45,68,70,69,82,59,80,66,66,69,64,61,22,49,50,51,55,17,8,12,9,9,7,62500,639
Iman Griffith,Netherlands,170,60,21,64,68,33,34,32,42,50,18,50,48,51,48,44,83,53,33,75,81,80,48,45,53,59,56,53,39,51,53,6,7,13,15,10,27500,18
Moussa Soumano,France,185,80,18,62,60,19,26,45,66,70,19,56,69,44,58,40,76,64,72,64,78,61,69,64,74,71,66,44,42,65,59,6,15,10,9,15,1200000,6
Cedric Harenbrock,Germany,180,76,25,64,64,24,32,27,64,63,41,60,58,54,62,57,71,67,57,66,72,73,65,48,65,58,58,53,53,53,50,10,8,11,9,5,55000,518
Bryan Carabal√≠,Ecuador,167,69,25,67,72,60,64,50,66,68,63,59,59,69,69,63,80,76,67,59,82,81,60,50,23,42,24,45,32,30,21,11,6,12,13,10,1600000,118
Vincent Gembalies,Germany,187,87,23,44,43,60,63,61,54,39,59,44,48,34,48,40,78,65,91,66,80,57,75,50,26,27,24,28,28,33,31,10,13,7,7,9,35000,391
Mauricio Gamonales,Venezuela,176,75,23,65,76,63,65,73,65,76,60,40,80,63,65,59,67,66,68,70,67,65,61,60,72,50,74,76,68,64,71,8,7,8,8,7,92500,314
Benedikt Zech,Austria,186,73,32,57,49,68,72,65,67,39,74,53,80,44,66,59,80,73,75,60,81,70,75,65,40,23,26,48,27,35,28,14,8,14,10,12,1100000,469
Dayle Rooney,Republic of Ireland,179,74,25,53,54,28,25,59,61,57,22,51,49,52,53,45,70,61,54,67,66,63,63,40,56,53,52,52,58,45,57,11,8,8,12,10,19000,182
Lion Lauberbach,Germany,194,88,25,67,68,25,43,62,65,65,27,59,66,59,66,48,68,73,83,56,78,63,64,63,67,66,60,52,45,52,62,5,13,14,9,6,1200000,99
Elias Huth,Germany,185,78,26,61,61,33,36,61,61,61,39,55,62,47,60,55,77,80,74,68,77,68,85,63,68,63,62,49,44,57,57,8,6,9,13,10,65000,216
Milan Smit,Netherlands,180,75,20,61,62,21,22,34,56,58,16,55,49,43,54,37,54,59,62,65,49,56,63,64,57,63,56,49,41,62,47,15,10,11,11,9,25000,525
Isma√´l Doukour√©,France,183,80,20,62,53,68,70,59,64,31,66,47,49,37,62,52,61,60,75,62,67,50,68,62,52,20,20,31,22,37,23,11,9,14,14,12,92500,601
Antonio Saltininio,Colombia,181,79,39,66,62,26,27,62,63,61,26,53,67,42,60,41,65,67,65,57,67,61,68,70,65,68,67,55,54,73,65,7,10,16,8,7,24000,49
Oliver Batista Meier,Germany,178,73,22,72,73,27,29,33,59,55,20,56,56,56,64,54,78,59,38,81,64,84,60,37,67,57,66,56,66,58,56,12,10,15,14,6,70000,529
Serge-Philippe Raux-Yao,France,197,86,24,48,26,62,69,63,48,26,57,36,44,25,48,45,38,64,90,36,53,48,82,67,43,28,29,32,30,39,26,7,12,7,7,8,47500,511
Juliusz Letniowski,Poland,183,62,25,70,61,40,39,44,55,64,22,68,60,58,68,65,65,58,34,62,67,68,52,36,58,58,60,62,45,44,48,8,8,5,8,6,55000,671
Mat√≠as Fern√°ndez,Chile,170,69,28,67,69,64,63,52,62,60,56,55,54,66,66,61,77,69,59,75,80,71,71,42,53,51,46,43,39,38,42,12,15,5,9,14,1000000,331
Scott Hogan,Republic of Ireland,180,64,31,66,68,23,30,44,71,72,27,55,70,48,55,53,81,65,64,67,79,71,52,71,70,73,62,64,38,65,69,8,9,6,12,12,1600000,88
Steven Vit√≥ria,Canada,195,88,36,57,42,70,73,79,66,21,72,43,71,44,61,57,30,53,91,33,37,32,31,68,74,49,59,68,69,68,41,6,14,7,8,6,42500,122
Danny Ings,England,178,73,31,79,77,34,45,67,82,83,46,72,82,66,75,61,75,73,69,77,69,76,77,78,82,82,82,72,70,82,76,16,10,13,12,6,17500000,668
Kosmas Gkezos,Greece,182,77,31,58,48,64,66,73,63,32,67,50,61,52,61,59,49,68,82,57,51,50,71,66,65,39,47,31,45,58,29,8,13,9,13,7,60000,71
Douglas James-Taylor,England,178,74,21,55,55,19,24,64,49,53,20,51,53,36,50,32,73,63,68,65,75,68,72,55,56,57,49,47,38,57,45,13,15,10,11,9,16000,661
Charlie Asensio,United States,170,68,23,52,50,50,47,52,55,54,47,52,55,70,48,49,63,55,50,64,62,61,63,30,24,29,49,69,74,32,25,9,7,9,12,12,15000,69
Amine Gouiri,France,181,83,23,80,82,32,41,61,77,82,44,76,78,76,79,69,81,72,71,72,75,76,69,68,81,81,82,78,76,78,78,9,6,12,8,7,21000000,594
Forrest Lasso,United States,198,95,30,52,40,63,63,60,62,33,63,30,46,30,50,46,50,59,90,33,49,39,71,61,46,26,39,31,28,30,34,6,14,14,9,13,50000,270
Lucas Pratto,Argentina,188,91,35,74,72,72,60,85,69,75,58,77,80,70,67,66,65,58,88,39,69,50,75,74,80,68,67,73,59,71,69,15,8,15,6,15,1500000,657
Peter Pawlett,Scotland,178,68,32,64,65,55,58,57,60,61,55,61,57,63,62,61,73,74,66,74,77,75,81,42,66,61,58,64,63,52,53,16,9,16,13,8,47500,184
Ben Amos,England,193,76,33,23,14,12,11,28,64,14,23,63,61,14,43,48,50,28,62,52,45,54,57,15,53,13,15,13,11,11,13,65,69,67,71,67,60000,672
Frank Ronstadt,Germany,179,76,26,64,64,66,64,60,62,48,59,41,59,70,59,57,74,69,69,74,81,71,61,55,65,36,57,73,70,42,41,9,13,13,12,7,1100000,541
Erick Evaldes,Bolivia,181,79,35,72,58,67,77,78,72,41,73,34,64,62,68,71,66,74,73,61,70,55,67,74,70,47,52,49,43,67,51,6,13,8,13,12,52500,46
Antonee Burke-Gilroy,Australia,170,70,25,57,58,55,54,66,55,52,50,56,56,59,55,50,76,72,49,81,74,78,81,41,59,47,54,60,48,45,42,13,8,6,12,12,25000,460
Daniel Toma,Romania,176,67,23,63,50,48,56,59,67,46,58,56,54,40,66,64,65,70,50,54,64,69,55,49,65,40,52,46,42,43,49,14,11,14,8,9,30000,119
Filipe Relvas,Portugal,192,84,23,64,55,68,70,67,79,32,76,36,70,64,65,62,59,76,79,43,67,48,80,66,58,30,47,59,53,43,39,9,12,15,5,9,2400000,472
Cristian Medina,Argentina,178,70,21,74,72,62,67,72,69,67,64,71,69,65,74,68,71,80,60,74,70,72,57,51,57,60,59,62,52,54,49,6,8,8,12,6,2100000,92
Lars Ritzka,Germany,182,78,25,62,61,59,62,49,61,52,60,54,63,66,62,54,76,77,66,68,72,64,54,52,65,34,53,57,38,38,49,11,13,12,13,9,90000,236
Johan Guerredero,Ecuador,183,71,31,73,71,64,77,67,81,66,67,76,81,71,72,74,77,85,71,62,71,61,63,69,64,55,52,62,42,42,61,7,7,16,13,9,2000000,365
Milan Havel,Czech Republic,183,77,29,69,67,71,72,77,73,66,74,65,69,74,69,64,68,78,71,69,67,70,77,74,51,52,47,51,45,44,53,13,10,9,9,11,4100000,652
Nahitan N√°ndez,Uruguay,172,70,27,75,77,67,75,85,75,73,75,73,80,61,75,69,80,90,72,83,80,81,80,57,74,66,65,51,52,55,50,5,8,8,14,15,4600000,120
Jaros≈Çaw Kubicki,Poland,180,70,28,68,63,65,65,75,70,55,63,64,72,56,68,65,71,92,70,78,71,68,66,60,57,56,59,58,57,43,49,13,9,15,6,10,1100000,373
Jon Russell,Jamaica,194,81,22,66,66,63,65,69,64,62,59,63,62,48,69,63,50,63,82,53,54,57,59,63,58,61,52,49,44,46,53,10,8,10,10,15,90000,79
Rocky Bushiri,Belgium,187,91,23,52,42,65,64,76,57,24,61,26,50,24,55,51,54,74,91,49,68,42,68,63,46,17,26,23,31,36,28,5,13,13,8,11,87500,313
Kaku,Paraguay,171,68,28,77,77,55,53,72,72,70,42,80,71,75,79,78,82,70,59,81,80,87,52,30,69,68,74,78,73,68,54,7,12,14,7,11,11000000,39
Mason Mount,England,181,74,24,83,82,42,59,68,85,82,59,82,82,84,85,84,76,86,58,76,72,77,54,59,81,81,83,82,84,69,75,8,11,12,13,12,42000000,138
Moustafa Zeidan,Sweden,174,72,25,75,71,55,57,57,65,63,50,70,69,67,70,67,70,70,72,92,61,83,72,38,65,65,66,70,67,60,60,13,12,12,10,14,1600000,393
Dominique Ndure,Germany,177,74,23,62,62,61,60,58,57,52,56,48,44,55,57,52,79,68,55,70,79,76,62,49,42,52,38,52,40,28,33,5,10,11,9,7,52500,644
Luis P√©rez,Spain,174,71,28,61,68,70,71,64,66,76,73,63,65,68,68,53,89,89,74,77,88,83,88,55,51,45,45,58,45,44,29,7,9,10,6,13,4100000,482
Jamie Andrews,England,185,70,20,58,51,47,48,46,54,43,28,51,57,50,57,65,60,44,51,60,59,62,58,45,55,47,34,51,47,44,46,14,9,14,9,12,9000,667
Puertas,Spain,183,77,31,73,73,31,39,69,72,78,41,71,73,74,71,70,75,74,75,71,77,76,75,71,77,72,71,62,69,65,65,12,15,10,14,9,4100000,285
Casper Tengstedt,Denmark,184,77,23,67,66,28,28,45,64,69,28,58,60,58,63,52,83,70,67,75,83,77,58,59,67,69,63,64,60,59,62,15,9,10,11,12,1400000,537
Ra√∫l de Tom√°s,Spain,180,79,28,82,83,32,35,80,82,81,35,78,79,66,80,76,77,75,76,76,75,82,81,79,85,85,81,75,75,84,80,7,6,11,13,14,33000000,498
Martin H√∏yland,Norway,185,77,27,58,53,57,59,61,61,46,62,50,55,44,61,63,54,75,73,57,52,54,60,55,48,45,42,46,41,48,34,10,7,14,9,13,37500,557
Mikkel Pedersen,Denmark,182,80,27,65,62,56,61,65,63,60,60,60,61,54,66,62,64,74,65,75,65,70,60,52,58,55,50,46,39,40,49,7,14,12,11,13,52500,496
Cristian Roldan,United States,172,75,28,73,72,69,73,78,79,75,70,74,73,66,76,72,76,91,76,84,75,77,90,64,75,64,73,72,50,65,58,16,13,7,12,11,6000000,578
Leonardo Morales,Argentina,180,72,32,60,60,73,75,71,70,48,74,43,64,56,62,55,67,84,75,70,71,62,66,72,32,32,30,36,41,42,27,9,6,15,14,11,2100000,279
Daniel Gonz√°lez,Chile,183,72,21,57,37,65,69,64,63,28,65,27,49,38,64,56,62,61,70,57,62,49,66,60,32,19,16,36,25,34,26,9,5,6,10,9,85000,634
Valent√≠n G√≥mez,Argentina,181,73,20,61,53,75,74,82,70,29,71,53,64,46,70,65,77,73,64,73,78,68,69,62,42,22,29,30,29,36,31,9,11,12,7,7,1500000,657
Hans Christian Bernat,Denmark,192,88,22,25,18,10,13,20,57,12,13,56,48,13,39,35,34,27,60,46,34,36,52,11,48,6,8,14,12,18,7,62,63,61,64,64,42500,442
Meshal Hurais,Saudi Arabia,182,80,26,10,13,13,12,19,43,6,7,38,33,11,16,22,34,25,64,52,31,39,63,13,38,9,7,11,11,11,8,51,50,52,51,53,6000,29
Arijan Ademi,North Macedonia,185,79,32,71,75,65,69,74,73,78,69,73,78,42,77,72,59,80,82,70,72,57,64,73,69,69,59,47,48,46,46,15,11,10,12,14,2500000,179
Pascal Kuiper,Netherlands,194,87,19,11,13,12,10,24,48,4,14,29,36,10,23,15,24,20,56,22,27,27,35,13,43,9,9,14,13,13,7,59,65,58,57,62,18000,199
Drissa Camara,Ivory Coast,179,70,21,63,57,52,56,58,56,49,47,57,51,35,63,60,60,57,56,61,64,58,65,49,63,31,56,51,54,39,34,15,8,6,12,7,23000,456
Magnus Mattsson,Denmark,174,63,24,71,73,28,28,52,61,66,29,64,65,57,64,58,73,75,52,76,76,80,62,30,64,64,60,59,58,60,55,10,14,14,8,14,1200000,420
Nicolae Carnat,Romania,181,73,25,62,63,39,40,41,60,57,38,61,67,58,60,60,80,67,67,70,80,78,33,46,63,58,60,56,52,57,47,14,12,11,6,12,67500,119
Tom√°s Belmonte,Argentina,178,68,25,75,73,67,73,84,71,71,69,64,72,59,75,70,67,84,71,66,69,68,82,81,69,67,59,53,43,59,59,5,6,12,9,12,2700000,369
Minos Gouras,Germany,173,64,25,65,66,20,23,46,55,60,27,55,57,57,59,47,86,71,49,85,88,87,58,35,62,61,54,62,37,50,60,12,12,14,10,6,82500,337
√Ångel Di Mar√≠a,Argentina,180,69,35,91,90,52,55,73,84,82,42,89,89,85,85,81,80,74,61,75,79,91,70,53,83,74,85,92,88,73,78,12,10,7,11,11,20500000,342
Mario Hermoso,Spain,184,76,28,75,67,79,81,84,77,63,80,66,77,71,80,77,72,74,80,60,78,70,83,81,66,42,47,68,55,45,41,5,13,8,10,8,19500000,67
Elies Mahmoud,France,177,68,22,65,69,33,30,34,57,58,27,56,61,56,56,51,75,64,60,77,75,79,54,44,58,40,43,46,37,55,42,15,9,9,6,11,47500,305
Medrano,Spain,172,63,23,64,57,67,65,45,57,48,53,33,48,64,65,54,67,63,37,83,68,55,59,62,53,28,49,66,34,32,27,12,9,13,13,10,62500,486
Giorgi Tsitaishvili,Georgia,171,63,22,73,75,37,35,29,58,58,29,63,61,62,62,59,90,68,39,90,84,87,47,32,57,65,57,38,37,54,40,13,9,9,8,12,1600000,372
Max Cleworth,England,191,87,21,48,43,58,60,58,57,32,59,33,54,28,50,41,64,68,74,57,70,62,73,57,34,22,19,31,23,30,24,8,12,10,12,11,23000,677
Sebastian Saftig,Germany,188,87,21,46,45,51,50,55,54,34,43,36,42,43,51,47,55,50,80,48,55,54,56,46,41,30,32,39,38,37,35,14,10,11,12,6,4500,542
Robin Zentner,Germany,194,96,28,16,11,13,17,38,74,10,18,22,32,17,30,27,65,27,81,45,65,30,60,18,44,14,13,14,16,25,15,71,77,73,59,81,6000000,3
Clint Leemans,Netherlands,189,79,27,70,63,55,57,61,66,60,61,66,72,75,69,73,56,76,76,59,51,52,56,56,85,64,81,74,78,74,64,14,12,12,14,13,1300000,649
Manuel Me√±arez,Bolivia,180,76,27,64,65,24,25,44,69,68,44,55,70,61,59,52,74,59,61,77,72,75,56,66,65,68,61,55,56,72,67,8,7,7,9,10,95000,617
Michele Cerofolini,Italy,188,80,24,19,11,13,13,22,46,10,12,40,45,10,16,24,37,25,61,55,37,37,60,14,45,10,12,13,11,15,15,63,60,60,60,60,21000,258
Maximilian Thiel,Germany,187,81,30,66,69,25,32,46,61,61,33,59,55,66,63,58,67,55,73,61,76,67,55,52,74,62,74,66,64,46,60,10,14,16,7,9,70000,216
Maurits Kjaergaard,Denmark,192,70,20,73,68,60,62,70,69,69,64,70,64,68,69,66,69,75,72,58,78,74,61,59,69,67,67,70,64,62,66,12,9,6,11,8,1500000,485
Manuel Thurnwald,Austria,172,68,25,66,66,57,57,63,58,51,55,56,57,67,61,57,79,88,55,88,73,91,80,48,64,46,56,67,70,46,40,13,10,13,7,12,90000,530
Jonathan Dubasin,Belgium,180,75,23,69,70,38,31,38,59,60,19,60,54,59,65,57,72,56,59,63,71,61,40,64,67,75,68,51,52,66,65,14,12,8,5,5,1200000,43
Guilherme Sity√°,Brazil,180,79,33,70,72,67,69,60,69,60,68,68,65,74,71,66,81,86,78,75,82,79,80,52,66,58,68,70,74,71,47,8,9,7,11,7,2900000,359
Andr√©s Mosquera,Colombia,185,85,31,20,14,20,20,20,71,15,20,28,43,15,37,24,45,33,58,58,42,35,66,21,50,15,13,20,15,25,13,73,72,70,66,78,2800000,329
Fabiano Souza,Brazil,170,68,23,71,70,72,71,79,70,65,67,63,62,70,65,62,86,81,67,80,85,75,77,57,68,51,40,53,39,40,45,8,9,10,10,11,3300000,355
Bernd Leno,Germany,190,83,31,35,16,18,15,28,75,7,25,58,63,9,50,48,55,43,70,44,52,52,71,13,56,9,14,9,8,23,10,79,81,78,74,83,14000000,267
Nicol√°s Contin,Argentina,183,78,27,70,61,18,20,50,62,70,26,52,65,43,60,52,60,66,84,55,74,65,65,66,63,71,56,56,50,51,54,11,15,14,8,11,1100000,279
Kion Etete,England,198,90,21,61,61,20,24,37,56,58,29,42,57,31,48,25,69,54,87,33,74,52,34,60,63,62,59,35,35,63,48,15,12,14,9,10,45000,125
Jo√£o F√©lix,Portugal,181,72,23,87,88,35,42,68,81,84,40,85,85,77,83,76,82,75,62,84,82,88,76,69,80,79,81,83,67,68,83,13,13,12,14,14,43500000,138
Fahad Ghazi,Saudi Arabia,176,76,29,55,49,54,58,60,57,40,55,36,45,48,49,46,67,57,67,56,63,65,59,41,40,21,19,45,29,37,22,6,5,6,5,11,15000,196
Sebastiano Esposito,Italy,186,76,21,75,73,35,40,45,59,66,30,65,64,70,71,70,70,63,65,67,70,70,71,64,72,70,69,75,75,69,66,10,15,12,12,10,1500000,78
Tayo Edun,England,172,75,25,63,62,62,63,74,64,54,63,58,61,56,64,62,77,82,59,83,69,84,82,56,54,39,46,35,55,55,36,12,12,11,12,9,1100000,89
Marcel B√ºchel,Liechtenstein,175,71,32,73,67,59,59,68,65,66,70,67,65,60,77,68,76,80,61,84,65,75,72,48,67,48,65,64,58,56,58,7,8,4,3,7,97500,59
Eamonn Brophy,Scotland,174,68,27,65,65,24,28,64,60,63,38,66,61,57,61,49,83,74,69,80,78,80,83,63,68,67,64,66,69,68,61,15,14,7,13,10,95000,517
Christoph Hemlein,Germany,181,79,32,64,64,57,40,74,59,58,32,59,63,60,58,53,78,70,67,72,78,74,68,54,66,60,62,69,66,65,59,7,14,14,8,6,47500,543
Paulo Retre,Australia,170,63,30,65,63,59,61,51,57,58,62,58,61,59,61,60,53,80,71,66,49,64,64,50,48,52,45,42,37,54,45,13,7,10,14,8,40000,610
Lee Sang Hyeok,Korea Republic,177,72,23,64,68,29,30,38,55,65,20,62,60,62,64,58,72,53,47,60,72,75,50,43,60,54,52,53,41,60,52,8,7,12,10,6,70000,212
Giovanni Bord√≥n,Paraguay,171,68,24,60,63,47,45,45,50,55,44,49,40,44,57,53,75,55,43,81,75,73,59,55,51,61,47,37,33,49,39,15,6,13,8,9,27500,284
Raul Opru»õ,Romania,181,70,25,61,60,60,64,68,60,56,58,52,59,62,60,42,79,83,70,54,82,74,66,58,60,21,45,44,31,39,25,7,13,9,13,12,1100000,220
Diegildo Ramos,Brazil,185,80,31,74,70,20,28,72,75,84,12,66,75,62,68,66,27,50,82,30,32,44,34,82,88,74,81,77,76,78,82,14,12,7,6,11,4100000,259
Elijah Adebayo,England,193,89,25,71,69,34,43,71,71,74,42,55,64,43,55,42,69,77,85,59,78,67,71,72,72,74,66,54,46,65,63,11,6,11,9,11,2700000,386
Ipalibo Jack,Nigeria,187,77,25,65,56,62,64,66,62,53,66,59,67,50,64,60,60,75,73,67,67,68,80,64,55,43,48,57,46,44,46,11,13,7,7,15,87500,602
Louis App√©r√©,Scotland,185,71,24,61,61,40,44,54,57,60,40,60,60,56,60,55,76,70,71,70,70,64,69,57,61,61,58,67,44,61,56,9,14,8,14,13,37500,432
Josh Bowler,England,175,75,24,73,79,40,38,40,66,67,24,59,58,67,67,59,77,68,46,82,68,78,45,34,66,65,61,63,56,61,56,13,14,13,8,7,1800000,90
Arquimides Ordo√±ez,Guatemala,188,73,20,55,58,15,20,31,44,53,20,53,50,51,51,42,54,48,58,51,58,56,49,48,65,54,47,53,45,59,52,10,11,10,11,8,11000,213
Norman Bassette,Belgium,184,74,18,49,46,11,17,35,55,60,19,43,45,30,46,30,70,63,59,67,66,58,66,58,52,59,48,41,30,65,48,9,9,6,9,13,15000,538
Leon Damer,Germany,178,74,23,62,63,47,48,50,57,58,30,60,58,62,63,58,73,70,55,72,85,75,71,50,60,56,60,58,64,50,52,7,13,13,9,9,70000,296
Benjamin Girth,Germany,181,83,31,64,63,17,19,27,59,67,19,49,59,34,57,34,67,34,72,66,48,65,83,64,65,66,53,42,33,63,66,9,8,15,12,10,47500,391
Elliot Parish,England,188,83,33,16,14,13,12,26,54,8,14,26,43,12,25,33,34,22,52,37,34,39,57,12,44,15,16,12,13,13,15,58,59,58,59,60,11000,589
Danny Norris,Republic of Ireland,177,65,20,50,55,44,48,41,50,48,29,48,41,49,48,43,63,54,49,68,64,69,52,43,50,53,44,45,45,48,44,13,14,12,12,6,10000,627
Gonzalo Plata,Ecuador,178,65,22,82,82,38,46,62,75,75,40,73,77,70,72,59,90,61,68,82,87,90,58,44,73,68,66,77,54,62,71,10,13,8,14,12,12500000,482
Bj√∏rn Paulsen,Denmark,191,85,32,56,53,64,68,76,61,63,61,49,58,54,56,58,50,74,84,53,50,54,73,71,59,56,62,58,52,58,59,16,15,10,7,9,82500,442
Owusu Kwabena,Ghana,182,73,26,72,62,22,24,35,62,71,16,50,59,55,59,54,75,66,67,57,80,67,46,44,59,74,55,69,34,51,45,12,13,7,9,6,80000,255
Kevin McDonald,Scotland,192,83,34,63,58,58,65,76,55,57,64,62,68,66,65,64,35,33,82,40,39,49,63,56,68,54,61,62,56,48,50,8,7,11,6,8,30000,200
Mart√≠n Rodr√≠guez,Chile,170,68,29,69,70,40,41,58,65,65,50,67,67,71,67,68,82,65,53,78,84,85,73,57,68,59,60,67,70,52,58,11,14,12,8,6,1700000,165
Narender Gahlot,India,184,79,22,40,38,55,58,54,48,42,54,46,50,42,45,42,65,72,74,59,67,58,83,56,38,36,39,34,25,34,31,12,6,14,13,9,15000,443
Matt Hedges,United States,193,93,33,63,44,65,70,78,65,39,74,42,65,26,71,69,47,79,91,48,36,55,71,74,40,23,20,24,25,34,30,10,10,16,15,12,1500000,621
Adam D≈∫wiga≈Ça,Poland,185,80,27,63,47,65,69,76,64,48,68,46,59,37,66,56,66,74,73,66,62,61,80,68,56,34,49,53,39,59,38,14,8,6,15,13,97500,236
Roan Wilson,Costa Rica,184,60,21,62,59,48,57,57,63,64,61,60,50,45,64,61,68,62,45,66,64,52,60,37,51,54,59,39,40,42,28,8,8,12,5,12,37500,276
Sebasti√°n Lentinelly,Uruguay,184,81,26,35,13,13,9,29,67,4,9,46,36,17,29,28,23,24,48,35,41,22,60,12,46,8,9,15,13,21,8,58,63,71,61,71,87500,384
Willian Jos√©,Brazil,189,91,31,79,76,30,32,75,78,80,35,74,77,53,75,50,60,65,89,37,64,65,79,79,83,80,74,68,60,76,73,15,15,14,16,8,14000000,500
Zhang Xizhe,China PR,180,69,32,74,67,39,49,59,69,66,50,70,66,62,70,67,75,76,57,71,75,76,52,58,66,61,63,70,72,72,57,14,14,9,15,15,82500,83
Noah Joel Sarenren Bazee,Nigeria,183,80,27,72,74,29,26,44,68,64,31,60,58,72,69,54,85,34,53,75,89,78,66,53,64,63,56,64,42,52,55,11,15,6,13,11,1800000,206
Zlatan Alomeroviƒá,Serbia,187,85,32,21,14,11,14,31,66,8,12,35,52,16,31,22,36,24,70,42,38,39,65,13,47,11,12,16,12,20,11,64,68,66,62,68,55000,336
Willis Furtado,Cape Verde,182,80,25,66,66,26,28,56,54,62,28,62,62,60,58,50,76,62,81,72,70,59,51,45,70,59,57,60,57,56,52,13,12,11,12,11,55000,251
Paul Lewis,England,185,72,28,60,54,49,51,74,60,62,57,62,59,45,62,60,63,81,70,67,66,68,73,54,58,60,50,44,47,59,35,14,9,12,7,6,25000,624
Yao Daogang,China PR,180,65,26,51,27,56,61,58,48,21,56,42,44,24,44,31,64,70,56,74,59,47,74,49,33,21,22,27,20,35,25,13,6,7,10,14,10000,307
Matej Rodin,Croatia,195,80,27,51,33,69,67,62,63,28,63,29,48,23,49,32,54,69,83,41,40,47,75,73,33,20,26,26,27,37,24,9,5,8,9,7,97500,348
D√°niel Sall√≥i,Hungary,185,68,27,75,72,28,36,68,75,77,27,70,71,68,71,63,76,80,66,67,75,72,59,60,77,75,74,69,55,69,68,8,11,6,6,9,3400000,587
Bradley Halliday,England,180,68,28,57,60,58,60,59,57,53,61,52,50,60,57,53,72,76,67,77,73,75,70,52,49,33,38,46,37,44,30,11,15,9,9,10,47500,98
Mat√≠as Silva,Uruguay,173,65,18,53,57,49,53,63,66,52,56,62,64,39,66,60,58,66,44,62,57,68,44,50,49,45,58,45,47,43,46,6,13,10,5,15,24000,384
Joo Min Kyu,Korea Republic,183,79,33,74,65,39,50,60,67,75,54,58,71,33,65,52,67,80,88,79,66,70,78,75,75,80,66,54,48,74,71,12,14,10,11,16,2500000,633
R√∫ben Vezo,Portugal,183,80,29,68,59,73,74,75,70,45,73,54,70,64,73,68,70,69,78,68,73,67,79,70,59,53,55,57,36,50,51,9,11,6,12,14,2600000,377
Jandro Orellana,Spain,176,63,23,64,63,60,63,65,63,30,55,54,57,48,71,68,58,41,49,73,64,55,59,62,58,40,41,53,62,57,40,6,5,8,7,6,42500,203
Mohammed Rafique,India,172,65,32,51,48,50,52,56,52,46,48,53,46,52,55,50,68,73,52,78,67,75,57,42,52,45,43,39,48,46,53,5,13,13,13,7,10000,140
Le√¢ndro,Brazil,183,77,39,55,53,59,61,63,63,54,61,56,62,57,56,55,71,63,74,60,74,65,82,57,46,39,33,58,52,58,39,13,13,6,14,6,11000,596
Jean-Manuel Mbom,Germany,183,80,23,69,68,63,69,76,72,59,67,65,60,65,73,69,68,77,73,75,73,69,61,45,66,59,59,40,50,59,44,12,13,13,5,5,1600000,547
Joaqu√≠n Correa,Argentina,189,75,29,87,86,26,37,48,76,76,36,80,73,74,75,71,79,72,74,67,84,83,63,67,79,74,71,81,63,57,75,8,11,10,7,8,19000000,332
Moon Seon Min,Korea Republic,172,68,31,56,71,36,35,45,60,73,37,58,54,56,56,54,90,61,56,85,91,88,71,54,60,62,58,60,53,56,62,9,8,14,7,11,82500,340
Andrew Hughes,Wales,190,81,31,64,55,67,71,73,68,45,70,42,59,61,62,63,61,76,77,56,64,67,81,70,46,35,48,62,65,42,27,7,15,13,13,10,1300000,475
Souaibou Marou,Cameroon,180,67,22,69,71,15,19,35,55,71,35,68,52,61,59,42,81,75,45,69,79,55,52,55,65,71,65,55,45,65,55,12,9,10,9,8,1000000,446
Axel Tuanzebe,England,185,75,25,70,66,72,74,75,73,52,72,61,77,52,75,70,74,60,74,66,87,66,74,70,53,26,34,45,37,50,41,13,5,8,5,12,3100000,600
Libor Hol√≠k,Czech Republic,181,78,25,72,69,67,69,74,70,65,68,60,58,73,68,61,73,67,65,68,75,71,54,64,62,42,54,58,49,41,37,8,6,10,5,6,2000000,652
Enrico Valentini,Germany,182,80,34,62,61,64,65,75,67,55,62,57,68,71,64,63,69,75,68,69,68,67,67,50,67,49,58,69,61,64,51,14,7,8,14,10,62500,2
Benjamin Jeannot,France,183,78,31,68,62,19,19,52,70,72,31,56,66,50,62,57,63,40,70,67,54,77,77,63,69,67,66,56,49,66,66,14,9,10,6,7,85000,538
Denilho Cleonise,Netherlands,177,70,21,67,69,30,37,50,55,62,19,61,59,62,64,59,78,49,48,81,75,72,56,51,62,60,52,58,44,62,54,14,9,6,10,8,80000,237
Ulrik Mathisen,Norway,177,61,24,59,57,48,48,57,52,55,45,55,58,50,62,58,72,65,40,76,71,73,60,45,58,47,42,48,45,49,45,7,9,7,9,5,25000,381
Jason McClelland,Republic of Ireland,175,70,26,55,56,48,50,43,52,59,52,54,56,53,56,53,65,55,51,63,64,68,49,50,57,53,51,58,56,61,42,7,6,7,11,5,16000,591
Kim Kee Hee,Korea Republic,188,80,34,59,38,65,68,66,63,57,71,55,61,55,64,65,60,67,85,55,65,59,81,68,54,34,48,51,43,45,40,8,10,10,15,15,90000,633
Andr√© Hansen,Norway,189,87,33,30,20,14,14,28,58,17,22,62,62,15,43,46,32,34,72,41,34,46,52,18,54,15,15,15,20,22,15,72,73,70,72,74,1200000,516
Harvey Knibbs,England,187,71,24,64,64,44,49,55,63,63,47,63,58,59,63,58,75,68,74,59,72,64,35,57,62,63,58,41,40,59,52,6,11,9,14,9,67500,121
Yoan Severin,France,188,79,26,57,44,64,63,47,58,21,61,35,53,47,58,55,62,66,74,52,67,52,65,56,40,24,17,23,28,42,24,6,14,9,11,12,37500,561
Mykola Shaparenko,Ukraine,178,72,24,80,78,66,69,80,73,72,72,80,70,73,78,77,80,78,60,71,75,82,59,41,73,70,80,72,74,59,58,14,13,6,12,13,12000000,186
Beder Caicedo,Ecuador,180,72,31,66,58,56,60,64,66,66,60,55,52,66,61,56,77,71,69,73,82,75,73,59,42,52,46,55,49,49,40,10,11,9,13,14,72500,331
Andy Irving,Scotland,190,78,23,70,68,61,61,67,56,55,62,70,65,68,70,69,53,69,71,70,53,60,36,60,65,50,66,66,69,72,62,10,10,15,12,13,1000000,71
Vladislav Kreida,Estonia,179,72,23,58,57,54,55,63,56,55,55,57,58,41,62,54,56,73,71,68,55,60,58,50,53,52,51,44,45,50,26,11,11,9,10,8,24000,591
Henning Matriciani,Germany,187,76,23,60,52,64,69,68,67,49,65,46,60,59,61,50,78,67,69,59,79,54,63,62,33,32,30,40,40,47,33,15,14,7,9,7,1300000,232
Tim Knipping,Germany,191,90,30,51,46,67,70,66,62,29,65,49,67,28,61,57,45,64,87,56,55,47,72,70,46,28,33,32,26,35,30,6,13,7,11,15,1000000,185
Loris N√©ry,France,174,73,32,64,62,66,61,63,61,44,63,58,62,62,61,59,69,84,74,78,73,82,89,61,59,39,56,58,48,55,46,7,15,11,6,9,75000,287
Tom√°s Jacob,Argentina,180,74,19,57,61,64,61,62,58,49,62,44,51,62,57,54,71,70,58,69,76,66,59,51,34,34,33,42,39,49,33,9,14,10,8,10,67500,428
Karim El Berkaoui,Morocco,170,68,28,69,69,19,16,63,66,73,24,62,66,49,62,39,90,73,57,87,85,92,77,65,73,74,71,59,65,66,69,15,11,8,11,14,2000000,37
Daniel Batty,England,178,73,25,66,64,63,68,67,64,62,62,65,59,56,67,66,68,70,66,69,68,77,76,56,61,55,59,59,61,50,50,7,9,12,10,12,82500,260
Emilio Kehrer,Germany,177,67,21,65,66,22,24,47,59,63,20,54,44,40,54,37,77,67,50,86,70,84,63,56,67,64,58,38,37,63,62,11,7,10,10,10,55000,132
Giannis Kotsiras,Greece,183,77,30,72,70,67,70,55,62,64,67,63,70,71,71,68,79,77,70,67,81,67,70,49,45,58,40,74,35,40,29,15,12,12,11,9,1600000,452
Barry Lauwers,Netherlands,187,76,23,19,6,10,14,22,38,5,8,24,30,13,22,18,18,19,51,34,15,29,47,13,47,9,8,12,11,16,8,64,62,61,62,62,30000,241
Richard Ofori,Ghana,190,79,29,38,28,22,21,45,65,11,19,40,56,20,45,39,39,30,72,64,47,54,84,15,58,18,20,36,25,59,12,68,74,71,77,73,1700000,446
Gast√≥n Suso,Argentina,190,82,32,52,45,72,74,73,70,43,74,29,65,45,73,55,50,71,79,64,53,55,71,70,47,40,35,31,33,64,31,6,5,9,11,9,1600000,467
Ruan,Brazil,170,65,28,66,67,60,61,68,59,62,53,60,58,65,65,57,91,75,62,75,94,84,68,49,45,26,23,44,32,32,25,6,6,9,11,9,97500,165
Mats K√∂hlert,Germany,162,62,25,69,69,62,63,73,68,65,62,68,67,74,70,68,79,86,60,80,82,77,64,53,68,60,62,72,66,65,59,7,14,13,11,14,2000000,684
Kai Fotheringham,Scotland,169,66,20,53,52,38,40,39,45,48,32,55,53,41,57,54,64,52,42,68,67,65,50,45,49,43,46,54,44,49,46,9,13,12,5,12,10000,184
Loay Al Johani,Saudi Arabia,173,69,22,58,55,21,20,36,41,50,22,53,54,48,51,44,68,48,51,71,73,75,44,31,50,43,38,48,42,46,37,13,5,9,11,6,13000,30
Jean-Jacques Rocchi,France,170,64,34,64,60,34,27,40,60,56,25,63,61,61,61,60,74,80,50,86,74,88,49,31,46,51,48,58,61,59,59,15,11,9,12,11,37500,204
V√°clav Hladk√Ω,Czech Republic,192,80,32,32,21,19,23,22,59,11,26,47,62,16,39,46,59,27,66,52,56,58,53,23,47,16,11,24,24,27,12,62,64,61,63,64,25000,335
Unai L√≥pez,Spain,170,69,27,78,72,59,70,72,75,68,71,74,73,73,82,76,73,78,62,88,69,84,77,51,76,71,70,75,79,54,55,13,9,13,12,15,4100000,498
Archie Davies,England,180,75,24,60,58,55,57,56,55,54,55,50,53,56,56,51,72,69,57,68,71,65,63,47,52,39,37,51,42,43,42,11,10,13,9,8,35000,183
Morgan Guilavogui,Guinea,188,81,25,69,67,21,33,39,68,69,28,68,67,65,68,56,77,61,71,35,82,82,36,53,65,67,62,59,48,60,62,8,10,7,10,5,1600000,453
Kim Dong Heon,Korea Republic,186,87,26,23,11,16,15,22,55,20,13,45,35,13,52,55,16,24,42,50,25,22,63,15,53,10,9,8,12,15,7,60,64,60,71,64,40000,327
Jonny Arriba,Spain,176,73,21,73,76,61,68,47,47,53,43,65,67,50,72,71,79,55,53,70,79,75,60,48,64,61,60,54,58,61,51,7,6,7,13,6,97500,269
Yao Junsheng,China PR,172,65,27,65,58,48,46,62,55,61,59,61,58,61,63,64,72,62,59,80,67,80,80,56,66,54,58,65,68,62,57,12,10,6,6,6,35000,682
Ryan Longman,England,180,80,22,68,70,46,54,63,64,64,46,56,61,65,61,56,77,77,70,73,81,75,75,60,70,66,67,65,51,54,55,14,10,13,10,9,1200000,318
Will Vaulks,Wales,180,75,29,65,59,66,66,75,66,56,66,66,65,64,64,69,54,80,73,65,53,64,74,68,73,54,74,42,55,57,58,9,15,15,16,13,1100000,569
Joseph Gbode,England,186,95,18,50,51,15,14,26,47,48,18,37,41,29,39,28,70,65,84,68,85,61,79,54,69,50,43,35,30,49,39,12,8,7,8,5,13000,277
Filippo Sgarbi,Italy,191,84,25,49,32,65,66,62,58,21,59,26,60,30,54,40,61,62,81,50,61,52,82,70,45,22,25,22,31,42,29,7,12,12,12,5,85000,461
Dean Bouzanis,Australia,189,84,32,19,20,13,14,45,59,15,25,53,51,13,29,53,58,39,70,46,61,58,66,13,49,14,18,13,14,40,11,63,64,62,65,64,30000,499
Ziyad Al Sahafi,Saudi Arabia,185,73,29,59,46,63,65,70,59,48,64,40,47,54,60,62,44,68,81,54,45,61,76,64,72,50,66,38,52,50,56,8,12,11,7,11,62500,39
Maxim Mariani,Netherlands,185,70,18,41,30,58,60,54,51,26,58,29,47,32,46,35,62,57,45,61,61,47,70,59,40,24,29,35,32,34,32,10,9,10,10,12,11000,219
Cristian Guti√©rrez,Canada,181,68,26,64,63,64,66,66,60,58,64,60,62,66,65,64,69,64,69,68,79,63,66,59,56,34,49,59,55,46,36,13,14,6,7,12,1000000,670
Andriy Kulakov,Ukraine,184,73,24,56,64,14,11,29,61,56,27,41,49,38,50,47,72,59,64,60,69,59,57,65,65,65,61,32,40,58,54,11,7,14,13,9,47500,563
Michele Di Gregorio,Italy,187,81,26,20,18,10,14,26,63,9,15,42,56,13,28,19,45,36,62,55,43,45,70,11,54,9,18,17,14,17,11,78,79,74,72,78,6500000,413
Jamie Maclaren,Australia,179,76,30,70,70,31,37,71,75,82,40,66,76,57,70,56,83,87,71,81,80,85,91,73,74,78,68,71,67,73,65,6,9,15,11,13,6000000,70
Miguel Guti√©rrez,Spain,180,73,22,76,74,68,69,54,67,58,65,63,63,75,72,64,79,76,63,75,78,76,57,61,65,51,44,69,38,40,31,6,14,10,8,10,2400000,281
Sebastian S. Sebulonsen,Norway,181,78,23,64,63,59,64,65,60,61,56,51,57,63,61,60,79,83,73,64,75,69,66,61,67,61,53,54,47,48,48,5,13,14,14,9,92500,107
Anssi Jaakkola,Finland,195,88,36,12,11,11,14,41,55,12,30,50,37,15,34,44,47,29,67,30,42,45,69,10,44,12,14,12,13,13,12,63,60,61,59,60,3500,106
Dar√≠o Serra,Spain,180,78,20,62,59,24,22,27,52,56,27,57,45,54,52,50,66,59,58,59,65,63,57,48,54,60,50,47,43,47,45,11,11,11,9,10,25000,282
Sebastian Otoa,Denmark,188,75,19,43,37,54,57,60,52,30,53,36,43,31,44,41,61,62,68,50,64,47,59,49,44,33,28,30,26,38,26,12,10,6,12,8,11000,19
Glenn Middleton,Scotland,176,68,23,63,67,25,30,40,53,63,19,60,60,66,62,54,86,66,62,74,85,85,39,30,62,64,53,68,68,61,46,10,12,7,9,8,1000000,184
Tobi Omole,England,187,81,23,45,42,55,57,53,54,36,50,45,47,42,50,41,66,65,71,44,63,55,58,53,48,35,31,35,32,40,28,13,12,14,6,7,13000,158
Lukas Boeder,Germany,184,80,26,62,52,64,64,64,59,38,64,42,62,53,62,58,62,73,76,61,68,56,90,63,49,23,27,33,35,42,30,7,8,12,9,11,70000,548
James Olayinka,England,175,68,22,63,62,47,51,51,60,59,44,60,59,55,61,57,76,70,50,73,74,76,55,41,64,60,60,58,53,43,55,9,5,10,6,8,30000,139
Eli King,Wales,188,80,20,60,57,54,57,58,56,50,60,60,54,49,61,60,65,66,68,59,63,60,60,54,57,39,50,50,45,46,37,12,6,14,5,10,24000,125
Pierrick Cros,France,185,77,31,56,42,65,68,60,62,38,59,42,60,54,61,62,58,70,73,62,56,56,70,63,44,26,48,50,24,44,29,14,14,9,11,8,47500,593
Luk√°≈° Harasl√≠n,Slovakia,182,71,27,75,78,48,41,38,71,71,33,70,77,68,71,66,79,68,61,83,81,87,73,59,73,67,68,68,65,58,58,10,13,12,13,15,3300000,582
David Lazar,Romania,185,75,32,14,15,15,21,34,63,18,19,66,69,12,24,23,55,35,61,62,52,69,72,12,51,13,12,14,12,16,17,68,67,67,68,70,80000,636
Cai Mingmin,China PR,175,70,22,52,53,33,45,39,51,51,43,55,45,56,61,60,61,68,44,51,62,71,48,46,42,45,41,54,58,44,45,6,12,11,5,11,13000,292
Mat√≠as Aguirregaray,Uruguay,177,78,34,61,66,66,70,72,57,66,68,62,70,78,65,58,66,63,72,71,68,68,66,62,65,53,61,72,57,63,69,8,11,16,10,9,72500,463
Kristoffer N. Hansen,Norway,180,72,29,61,66,52,54,42,60,60,46,57,61,56,62,58,78,65,60,78,75,74,53,45,63,61,54,49,43,42,45,11,13,15,10,14,42500,671
Urko Gonz√°lez de Z√°rate,Spain,189,73,22,60,45,66,69,57,61,48,64,57,59,38,72,68,53,60,76,49,48,55,73,71,46,40,50,42,44,41,24,6,10,8,11,12,87500,504
Matƒõj Vydra,Czech Republic,180,71,31,74,73,34,28,53,72,76,31,70,71,65,71,63,82,74,68,77,78,79,76,63,77,70,71,73,64,78,74,13,10,11,12,15,3000000,652
Oscar Jonsson,Sweden,186,79,26,18,13,18,14,24,55,20,22,23,33,17,25,21,48,44,57,57,44,38,52,12,41,16,12,13,13,22,20,55,58,56,55,59,17000,270
Federico Chiesa,Italy,175,70,25,82,89,44,48,69,86,84,30,77,82,75,78,72,91,85,70,81,91,89,53,50,86,80,84,78,62,62,80,9,6,7,8,7,48500000,342
Filippo Ranocchia,Italy,184,76,22,75,73,62,66,71,62,60,58,60,68,67,76,74,64,78,68,60,68,65,65,54,76,45,75,74,76,54,66,6,12,7,12,8,1600000,413
Joe Wormleighton,England,178,70,19,53,56,57,56,59,53,48,56,42,44,59,52,50,67,52,48,70,63,58,55,48,35,33,31,57,39,50,34,7,11,11,8,13,19000,376
Kyle Wootton,England,188,78,26,62,59,19,23,60,59,63,23,54,58,32,53,38,66,72,78,66,69,65,74,64,64,62,55,42,33,59,53,7,5,8,9,5,55000,599
Arturo Molina,Spain,183,77,28,70,72,54,57,55,62,59,49,63,74,62,65,58,70,58,67,66,68,66,49,52,70,60,61,49,52,59,57,10,14,14,13,9,92500,479
Alan Judge,Republic of Ireland,169,70,34,64,63,46,56,68,59,61,50,62,61,64,64,62,51,58,35,77,48,77,66,40,66,59,64,65,65,58,62,12,15,16,6,7,20000,148
Boy Waterman,Netherlands,188,83,39,32,14,14,17,30,65,12,22,37,51,15,38,31,48,27,72,42,45,52,60,14,51,11,20,14,14,25,15,70,65,69,68,66,3000,449
Andr√© Bukia,DR Congo,173,58,28,73,80,27,33,56,70,65,21,54,59,54,66,55,83,80,45,84,86,81,49,44,68,67,60,58,39,59,55,10,8,9,6,9,1700000,29
Germ√°n Guiffrey,Argentina,182,74,25,65,48,70,72,62,66,44,65,34,56,54,61,55,67,79,72,62,72,67,70,66,49,31,32,32,30,41,38,10,11,8,9,14,1200000,279
Sam Smith,England,185,73,25,63,62,21,26,61,63,67,23,58,60,58,59,47,72,74,76,70,75,73,79,66,65,66,65,53,60,63,59,9,11,8,9,9,1000000,121
Jesurun Rak-Sakyi,England,181,73,20,66,70,21,22,39,58,62,21,59,67,61,58,48,80,72,48,84,79,81,44,42,64,64,61,63,58,61,62,12,13,9,5,14,92500,137
Mattis Hoppe,Germany,179,73,20,59,59,56,57,46,55,46,52,48,42,56,57,40,68,56,50,62,67,55,56,50,36,31,29,43,36,47,36,10,12,10,8,7,19000,645
Sillero,Spain,177,80,25,54,49,63,67,60,61,49,66,48,52,56,60,45,68,61,62,71,65,65,67,52,56,39,41,38,39,44,32,7,15,14,15,14,40000,61
Portu,Spain,167,66,31,76,75,53,55,80,73,78,55,74,74,75,71,70,85,83,72,82,88,83,75,74,80,74,71,78,64,65,72,15,14,10,15,13,10000000,275
Rohit Kumar,India,183,75,26,51,48,45,48,61,48,39,48,44,46,42,48,47,39,61,71,59,47,62,70,49,51,33,45,42,30,40,39,7,8,14,6,5,6000,85
Mariano And√∫jar,Argentina,194,86,40,20,16,19,18,39,68,13,20,45,60,14,23,23,45,38,70,40,45,40,73,10,50,11,10,13,16,23,11,77,71,73,67,74,11000,195
Martin Linnes,Norway,177,72,31,70,68,65,65,53,67,62,65,65,64,65,66,60,85,85,56,79,86,76,64,54,60,55,59,65,44,41,47,11,13,10,6,16,2000000,411
Yang Dong Hyen,Korea Republic,186,80,37,63,54,21,22,38,55,70,24,55,70,50,54,41,37,34,72,54,40,43,62,61,71,61,59,46,48,70,63,10,11,13,9,9,11000,605
Nicholas Pierini,Italy,176,70,25,65,66,38,39,44,64,66,33,59,55,58,55,55,73,41,48,66,74,70,47,48,54,64,57,63,64,58,58,8,11,5,7,10,55000,643
Renzo Giampaoli,Argentina,188,80,23,63,55,68,67,67,64,35,63,38,58,40,64,56,62,67,75,58,66,58,71,63,52,26,26,38,35,43,38,10,14,7,10,5,87500,516
Valentin Gendrey,France,179,75,23,66,65,72,68,74,65,48,64,45,60,63,52,43,84,77,72,72,78,72,71,51,32,34,28,53,34,45,26,10,12,10,6,14,1500000,371
Mohammed Al Saiari,Saudi Arabia,182,80,30,58,61,35,28,86,59,61,36,44,55,44,62,56,68,64,74,58,69,65,81,66,67,64,59,57,67,58,55,10,7,7,10,7,47500,33
Georgios Tzavellas,Greece,183,86,35,67,52,68,68,80,64,39,69,40,65,57,66,66,65,70,77,68,66,59,72,68,66,40,66,67,62,55,50,14,12,14,6,9,52500,8
Marco Richter,Germany,176,74,25,77,80,37,42,41,75,73,22,69,72,68,71,65,85,69,65,79,66,81,54,68,77,74,76,60,51,56,70,5,12,13,7,10,6500000,312
Mohammed Al Saeed,Saudi Arabia,175,69,26,58,59,53,52,37,55,55,51,55,50,62,58,51,69,57,61,66,71,70,59,42,52,36,40,56,51,46,49,12,14,12,8,8,21000,30
Cristian Lema,Argentina,191,93,33,51,32,70,76,85,63,53,72,49,66,42,66,64,35,67,91,33,35,31,60,86,74,47,43,65,67,69,37,14,11,8,7,9,3600000,369
Abdullah Al Ammar,Saudi Arabia,177,70,29,64,65,55,62,45,64,65,57,57,57,67,68,66,72,80,66,78,76,75,67,51,61,39,49,53,43,43,42,16,16,12,10,15,77500,168
Maximilian Beier,Germany,185,72,20,70,70,17,21,47,69,75,22,67,57,55,67,55,81,78,50,74,90,80,61,61,66,72,65,50,41,61,58,6,6,8,8,13,1800000,300
Ryan Meara,United States,193,84,32,16,16,17,12,31,60,10,19,13,47,13,23,33,47,41,54,23,45,39,61,19,46,15,17,18,15,21,13,65,64,64,61,68,37500,506
Mauro Peinipil,Argentina,178,75,24,65,62,59,63,55,54,66,59,61,48,60,64,63,71,72,56,58,75,69,64,49,52,36,45,57,36,55,33,8,11,9,12,8,62500,80
Gelson Martins,Portugal,170,74,28,77,81,48,51,60,73,70,50,72,74,70,72,57,91,84,44,84,86,90,65,51,77,67,68,81,60,66,74,6,12,9,7,9,8000000,15
Maxwel Cornet,Ivory Coast,179,69,26,76,79,66,70,72,71,79,66,70,67,73,74,62,84,83,72,78,87,80,77,70,81,75,77,71,69,64,72,12,16,13,8,9,11500000,668
Facundo Sanguinetti,Argentina,184,71,22,13,11,12,15,22,60,7,13,40,21,11,26,17,27,19,56,45,26,29,60,15,42,5,8,14,13,15,7,58,60,54,56,63,22000,76
Mohammed Al Ghamdi,Saudi Arabia,178,75,29,50,47,53,56,56,51,34,58,41,49,47,53,57,71,78,70,64,76,62,81,51,36,35,29,44,27,33,34,7,12,6,8,11,22000,39
Ignacio Agust√≠n Rodr√≠guez,Argentina,175,68,21,65,64,56,57,49,66,64,59,64,56,53,68,65,64,50,44,68,54,69,49,41,61,58,50,53,49,49,42,6,6,10,7,13,52500,76
Kule Mbombo,DR Congo,186,84,27,59,50,12,14,51,59,63,25,42,55,29,40,34,65,66,83,65,73,53,84,67,61,62,56,48,35,61,64,10,14,5,13,7,45000,431
Mohamed Traore,Senegal,182,68,21,35,34,53,57,54,51,24,57,31,43,27,49,39,55,60,67,65,55,50,66,55,40,24,22,20,20,32,24,7,9,11,8,14,12000,363
Dani Rochelinhas,Brazil,178,75,31,76,75,32,33,57,74,77,41,76,78,66,74,71,81,71,54,67,72,82,51,51,55,64,62,72,73,71,61,9,13,8,10,10,4100000,62
Alexander Callens,Peru,186,76,31,60,49,76,79,77,70,25,71,35,70,23,71,68,69,78,82,53,70,71,76,71,79,48,23,28,26,73,43,10,13,9,9,15,3500000,281
Nigel Thomas,Netherlands,177,77,21,70,75,27,28,48,56,56,23,50,57,64,65,50,84,46,55,72,82,61,44,40,65,65,45,60,50,67,56,11,11,12,6,14,92500,459
Moudi Najjar,Australia,182,72,23,54,54,51,55,60,55,60,53,53,49,52,54,48,66,68,65,63,69,66,75,55,60,55,50,48,39,56,48,6,12,7,13,9,22000,392
Alessandro De Vitis,Italy,184,77,31,66,64,58,60,63,61,58,65,58,62,55,68,68,65,77,75,61,64,79,77,64,70,55,67,72,64,60,61,5,14,10,15,11,67500,466
Rodrigo Saucedo,Bolivia,178,75,24,60,52,58,62,60,58,48,62,41,45,57,64,60,70,70,64,63,70,70,72,68,48,44,45,57,50,62,55,13,14,5,9,10,62500,436
Asmir Begoviƒá,Bosnia & Herzegovina,199,101,36,24,16,12,11,42,70,11,21,34,58,14,26,32,30,36,79,40,33,36,38,12,55,19,12,17,15,40,12,73,75,77,73,71,62500,197
Arild √òstb√∏,Norway,183,75,32,13,7,10,14,27,64,16,25,53,46,15,22,12,22,29,68,56,27,57,54,8,46,8,9,13,8,23,7,61,62,63,61,62,25000,650
Wuilker Far√≠√±ez,Venezuela,180,77,25,25,14,21,16,23,67,15,17,66,45,18,25,29,51,41,51,65,54,69,75,17,49,19,20,22,18,23,15,72,72,69,65,74,2000000,487
Danny Welbeck,England,185,73,32,78,76,33,38,75,73,78,32,70,77,69,66,64,65,54,72,61,72,67,79,77,77,76,63,61,62,71,69,12,9,10,6,16,4800000,103
Jean Botu√©,Burkina Faso,184,74,21,68,69,18,12,26,49,63,19,45,52,51,62,42,74,60,68,67,73,70,75,62,64,62,58,47,41,49,59,6,8,8,15,13,65000,6
Mohamed Djetei,Cameroon,185,75,29,58,45,65,64,63,59,33,64,37,59,35,60,58,67,70,81,65,69,70,86,59,48,29,35,54,33,43,35,10,6,12,7,9,80000,43
El√≠as Cabrera,Argentina,172,68,20,64,64,44,46,49,58,59,45,57,56,52,67,68,67,52,48,78,66,73,54,48,65,56,57,72,65,62,45,9,7,15,12,5,42500,657
Alex For√©s,Spain,180,68,22,52,54,30,30,33,57,62,30,42,49,39,50,40,62,57,59,67,64,59,70,70,65,60,61,38,43,60,40,12,8,10,6,11,30000,654
Harry Van der Saag,Australia,183,77,23,55,56,53,55,61,53,53,51,45,51,50,53,47,67,81,74,66,69,63,70,50,37,38,35,45,31,38,33,6,8,11,13,9,24000,25
Nuno Tavares,Portugal,183,75,23,74,74,73,76,73,76,76,64,62,73,79,71,67,83,83,81,60,90,77,58,58,80,54,69,73,55,42,44,12,8,13,6,13,8000000,440
Axel Guessand,France,192,72,18,53,40,55,62,55,55,27,59,28,39,33,56,35,65,53,68,57,63,45,68,57,43,24,20,34,26,31,18,14,13,8,5,15,19000,632
Dino Salihovic,Sweden,178,71,20,60,57,50,56,57,56,56,56,55,46,47,62,59,65,66,60,72,68,71,69,48,44,39,40,34,38,33,33,7,8,9,12,7,22000,324
A√Øman Maurer,Morocco,177,67,18,68,67,46,33,43,57,46,31,60,58,50,55,59,55,48,41,63,60,56,56,47,65,52,40,60,49,59,45,12,5,9,10,9,20000,145
Jelle Duin,Netherlands,186,78,24,57,59,20,20,62,53,61,24,45,68,35,58,41,78,70,78,71,85,71,72,67,66,62,56,38,36,69,58,6,14,14,9,8,55000,12
Przemys≈Çaw P≈Çacheta,Poland,177,72,25,67,68,33,40,46,62,63,41,63,59,64,63,47,89,76,47,85,94,89,65,37,67,65,49,55,46,40,49,7,13,8,13,14,1600000,433
Corey O'Keeffe,Republic of Ireland,184,70,25,59,62,58,60,59,56,52,57,61,58,62,60,54,77,81,64,63,81,64,74,55,56,56,53,57,60,50,43,7,9,8,10,6,75000,262
Silvan Widmer,Switzerland,183,80,30,73,72,66,72,67,74,71,72,70,76,77,70,70,76,91,77,68,79,75,84,68,73,59,62,71,56,56,48,5,10,8,7,14,6500000,3
Facundo Altamirano,Argentina,186,85,27,22,15,24,18,31,69,15,25,42,48,12,27,27,45,39,60,32,45,43,69,18,51,12,13,15,15,27,20,72,74,70,68,75,2400000,552
Niklas Moisander,Finland,183,77,37,67,66,68,74,70,70,58,74,70,76,54,76,74,39,50,74,64,49,64,81,70,67,39,56,56,44,54,40,15,11,9,14,7,42500,393
Cristian Gamboa,Costa Rica,175,70,33,69,68,68,69,77,69,65,69,63,67,67,65,67,86,70,65,87,89,81,90,64,68,32,52,66,54,54,58,7,12,10,13,14,1600000,646
David Justin Taylor,United States,173,72,26,60,56,62,63,60,64,47,61,43,44,55,58,51,70,68,75,71,70,56,63,47,36,25,31,30,25,31,24,14,13,11,10,13,62500,408
Ollie Norburn,Grenada,185,82,30,66,65,61,65,73,63,60,67,65,69,62,67,70,72,82,75,68,75,73,73,55,61,58,66,61,56,69,51,11,16,12,15,16,1000000,462
Thabiso Kutumela,South Africa,163,67,30,70,70,12,10,31,59,67,25,63,55,54,65,62,78,70,60,78,77,55,57,56,70,70,60,64,69,63,50,10,10,12,8,12,1000000,394
Fraser Forster,England,201,93,35,33,20,12,13,44,70,13,22,48,54,19,27,36,26,29,80,42,35,44,69,13,50,13,12,10,19,22,19,75,76,72,67,81,1300000,588
Robert Gojani,Sweden,174,71,30,66,65,43,43,57,67,60,55,69,69,54,71,69,72,79,61,82,65,85,84,42,53,39,49,57,53,55,44,8,6,8,5,8,70000,352
S√∂ren Bertram,Germany,183,82,32,63,63,35,37,39,60,60,42,60,49,61,60,50,73,64,66,70,75,73,68,47,66,61,64,70,67,74,65,15,13,16,9,12,40000,647
Joe Mattock,England,181,78,33,60,57,62,64,68,62,52,62,57,55,61,62,59,64,55,69,64,61,63,72,64,57,35,60,59,52,34,26,13,16,10,7,13,37500,302
Ricky Lallawmawma,India,175,70,31,44,47,54,55,53,50,35,54,38,49,44,42,35,69,74,64,65,67,64,75,41,33,21,26,35,29,28,25,13,9,5,6,10,12000,338
Cristian Agoste,Paraguay,180,74,31,67,72,40,51,48,68,70,40,73,67,66,71,58,72,51,52,64,74,81,48,67,56,62,54,64,61,64,71,8,8,7,10,9,1300000,290
Moi Delgado,Spain,173,70,29,62,60,60,61,62,66,49,64,52,62,67,58,55,80,77,58,74,82,83,80,50,59,25,30,57,48,38,32,8,11,11,6,12,92500,533
Celton Biai,Portugal,185,84,23,12,9,12,10,19,50,6,6,25,37,14,16,15,22,27,56,46,21,36,61,12,45,6,9,10,11,15,9,59,63,59,60,67,35000,656
Emre Can,Germany,186,86,29,78,81,84,84,94,81,72,81,76,80,64,81,82,67,86,86,75,88,72,87,81,85,74,78,77,64,68,71,13,14,8,8,11,21000000,97
M'Baye Niang,Senegal,184,75,28,72,71,20,24,52,67,71,30,68,71,64,67,57,69,49,83,64,77,70,74,67,86,71,72,70,64,74,71,4,4,6,4,4,3300000,14
Dejan Kulusevski,Sweden,186,75,23,85,85,58,64,67,80,79,55,81,81,83,82,70,77,84,73,69,78,79,66,54,76,77,82,84,61,65,80,10,14,5,10,5,30500000,588
Raphael Borges Rodrigues,Australia,173,67,19,51,55,38,29,44,48,51,25,52,49,44,50,43,69,56,56,75,74,74,62,39,53,49,45,45,39,42,46,9,13,11,5,6,11000,401
Ethan Alagich,Australia,178,72,19,56,59,54,47,47,44,51,46,55,58,51,57,55,74,68,50,69,76,75,53,44,43,45,42,48,35,40,39,15,11,5,14,7,15000,25
Ignacio Arce,Argentina,180,71,31,11,6,14,12,28,65,7,11,37,36,14,25,25,23,37,47,49,29,33,63,12,47,5,8,10,12,15,8,64,68,66,63,66,67500,467
Ilie S√°nchez,Spain,180,75,32,75,64,64,69,72,75,52,70,66,69,53,77,77,51,86,75,69,49,72,83,68,49,45,57,51,49,69,38,12,6,16,16,11,3000000,363
Jo√£o Cancelo,Portugal,182,74,29,86,85,79,83,76,84,81,81,85,85,87,87,79,86,91,62,78,84,79,72,72,80,69,79,87,69,52,62,14,6,9,15,14,72000000,210
Dimitrios Nikolaou,Greece,188,92,25,55,30,70,72,75,65,29,68,26,59,40,58,60,49,61,87,47,51,42,77,70,67,25,50,24,29,49,25,5,8,15,9,15,1900000,368
Elias Jelert,Denmark,178,70,20,65,68,64,62,70,59,62,62,54,61,60,62,55,82,78,60,76,83,84,62,46,59,52,48,57,46,44,55,11,8,10,6,13,1000000,201
Gon√ßalo Paci√™ncia,Portugal,184,80,29,76,77,23,30,79,75,77,37,74,78,42,64,51,52,67,81,73,41,72,78,84,77,76,72,67,47,80,78,12,9,8,14,7,4600000,486
Miguel Arrufe,Bolivia,178,74,35,65,70,35,42,44,67,70,22,70,62,52,72,62,49,49,50,73,65,68,49,51,52,58,61,73,77,60,44,17,13,17,17,17,22000,521
Marco Rus,Romania,179,69,20,60,62,37,31,38,53,53,29,57,60,49,56,51,77,51,39,70,74,57,52,40,52,52,46,53,43,46,40,13,7,12,14,13,18000,156
Mathieu Maertens,Belgium,182,77,28,74,69,62,67,69,72,74,67,68,67,67,73,70,69,79,63,69,76,67,74,65,73,72,71,55,53,53,61,13,8,10,15,8,2500000,438
Andreas Eines Hopmark,Norway,192,88,32,59,55,60,63,67,66,48,66,52,64,45,63,60,33,69,83,34,34,37,65,63,66,34,48,45,35,38,30,7,9,12,5,7,57500,361
Jean Torres,Venezuela,167,69,20,61,63,58,58,46,62,56,56,62,55,42,63,61,64,62,56,67,64,62,58,55,49,58,57,51,55,58,47,6,13,11,13,9,35000,124
Nedim Bajrami,Albania,179,68,24,79,79,64,62,67,70,75,56,78,68,61,79,72,76,72,63,70,76,78,63,54,74,68,60,70,64,69,58,7,14,6,10,9,8500000,558
Isaac Annan,Ghana,178,71,21,56,58,58,58,54,48,48,52,46,52,56,54,52,78,60,56,74,77,78,56,45,54,42,45,55,45,45,44,15,13,10,12,9,23000,361
Ariel Mercel√°n,Bolivia,179,74,27,52,57,61,61,57,57,51,56,67,66,60,61,61,71,65,64,71,73,72,66,61,53,51,52,41,42,62,54,7,12,8,13,9,47500,521
Federico Valverde,Uruguay,182,78,25,85,81,79,82,81,87,80,81,83,82,78,86,87,84,89,80,68,91,77,62,59,89,76,87,74,69,59,70,15,6,10,6,8,77500000,502
Patrick M√∂schl,Austria,173,68,30,60,62,47,47,52,61,61,51,58,60,61,58,54,81,60,50,82,80,79,70,40,59,43,43,66,61,45,37,15,6,12,6,14,47500,644
Mukhtar Ali,Saudi Arabia,183,68,25,69,62,50,55,63,59,55,62,63,71,35,68,68,64,76,63,64,66,72,56,38,61,48,54,59,61,47,42,10,15,9,14,10,72500,40
Chuki,Spain,172,64,19,66,65,43,39,44,47,63,25,62,57,45,65,61,68,46,39,74,62,75,51,37,64,64,68,55,57,42,44,13,8,9,10,6,60000,482
Nicol√°s Domingo,Argentina,174,70,38,72,60,65,68,75,72,55,75,69,73,60,73,72,38,67,66,77,43,76,69,60,69,51,67,54,56,68,55,10,7,16,14,15,45000,457
Joaqu√≠n Garc√≠a,Argentina,181,73,22,60,63,62,64,66,61,58,57,49,48,54,60,55,82,79,59,77,83,78,68,48,45,35,37,39,31,43,35,9,9,7,6,6,72500,657
Slavko Damjanoviƒá,Serbia,189,82,30,50,46,63,61,76,56,47,57,40,72,46,51,54,65,81,80,67,55,66,80,59,62,34,49,35,33,35,41,10,14,14,10,5,40000,17
Jonas David,Germany,190,89,23,69,64,66,66,67,61,35,62,53,50,42,72,67,64,58,81,55,64,58,71,66,40,29,32,49,38,31,32,14,14,11,12,13,1100000,298
Nicholas Pennington,Australia,182,77,24,59,56,60,61,65,56,60,65,61,57,49,62,59,62,75,64,52,54,55,60,51,52,50,51,49,49,48,41,6,11,9,11,11,50000,666
Anthony Martial,France,184,76,27,84,87,31,33,54,78,78,34,77,82,73,78,60,82,58,74,79,80,79,72,70,83,79,74,84,54,80,76,15,9,8,8,11,23500000,396
Felippe Cardoso,Brazil,186,87,24,60,66,32,27,66,60,62,23,57,56,32,60,43,54,68,89,38,62,58,75,78,71,75,64,43,58,72,59,14,10,7,5,9,1400000,127
Marius »òtefƒÉnescu,Romania,173,66,25,67,66,57,58,60,64,69,61,57,67,64,66,60,81,81,67,71,81,77,71,53,67,68,56,55,47,59,45,13,13,10,14,15,1600000,560
Syam Ben Youssef,Tunisia,189,82,34,53,50,65,65,71,55,42,65,53,64,40,58,53,36,37,77,32,53,28,77,66,60,38,40,34,36,36,30,15,12,15,8,10,40000,477
Rolandas Baravykas,Lithuania,185,80,28,52,51,61,62,53,66,50,62,42,52,53,58,50,74,74,71,62,69,69,82,42,38,33,32,42,31,51,41,9,6,5,6,10,57500,253
Mohammed Al Oufi,Saudi Arabia,176,79,21,39,45,51,52,53,46,39,51,38,39,45,40,37,67,57,59,67,66,72,34,45,36,28,30,50,35,37,25,8,7,6,5,9,8000,27
Ionu»õ Nedelcearu,Romania,190,85,27,58,53,67,70,83,67,42,63,43,72,40,62,65,61,70,81,55,71,56,60,68,65,46,41,42,44,48,36,14,6,13,14,5,1300000,450
Eltildo Correia,Brazil,188,78,31,55,45,77,75,80,77,42,72,44,75,61,67,75,50,69,75,51,61,38,86,73,71,41,45,54,48,77,52,7,7,15,13,11,3500000,65
Tyrhys Dolan,England,164,63,21,70,74,38,42,54,63,65,45,65,62,67,65,58,85,68,38,90,79,92,70,47,60,62,57,63,42,45,55,6,5,9,6,5,1800000,89
Alessandro Gabrielloni,Italy,178,78,29,62,57,18,22,34,62,59,19,53,62,28,58,39,68,65,65,70,74,65,60,63,62,66,55,42,35,62,47,5,9,12,7,14,42500,153
Steven Zuber,Switzerland,182,83,32,72,70,63,66,69,74,73,68,70,72,77,74,72,77,74,76,72,77,72,57,68,75,68,73,75,66,62,57,14,15,15,7,9,4100000,8
Thomas Prestianni,Italy,174,72,21,50,50,51,56,52,58,48,52,44,56,47,61,54,65,64,57,64,68,61,60,44,41,31,34,41,39,39,37,11,9,10,11,13,9000,155
Till Streller,Germany,182,73,20,55,55,55,59,62,49,39,56,51,45,41,57,55,59,51,55,63,55,60,62,51,57,36,33,40,42,42,35,10,7,10,6,6,9000,252
Macklin Freke,Australia,193,76,24,19,11,12,10,27,52,5,14,36,32,10,22,20,21,19,63,25,17,27,36,13,42,5,8,11,10,13,9,54,58,57,56,60,17000,104
Thiago Cardozo,Uruguay,182,83,27,12,18,14,16,30,69,16,18,21,39,12,14,12,37,30,65,31,38,28,75,15,47,14,14,19,20,13,16,61,69,66,62,73,97500,463
Ollie Watkins,England,180,70,27,71,75,36,46,52,77,79,44,74,66,67,72,59,77,88,77,73,89,79,92,81,75,81,71,63,56,67,64,6,14,14,14,10,11500000,60
CJ Sapong,United States,185,84,34,67,68,36,46,80,65,70,34,68,69,60,61,52,73,77,85,61,69,65,91,77,77,71,54,55,46,67,63,12,6,15,15,10,1000000,423
Marcos Trabanco,Spain,177,66,22,60,64,35,36,64,53,55,31,56,53,57,60,56,80,71,45,71,79,76,59,45,61,59,46,49,47,61,53,11,10,11,12,9,57500,480
Wilbert Hern√°ndez,Venezuela,185,82,22,16,9,11,14,22,60,9,14,27,35,15,17,21,19,17,63,44,26,24,59,12,46,6,7,11,12,20,9,60,61,57,61,57,22000,124
Petr Hronek,Czech Republic,182,75,30,68,65,56,60,51,67,58,64,65,63,53,74,66,63,72,66,70,68,65,52,58,60,62,60,57,58,54,51,8,6,5,13,14,85000,575
Himanshu Jangra,India,188,78,19,51,50,17,18,45,42,49,24,47,42,43,45,43,79,63,63,52,75,77,71,42,49,53,48,44,36,48,35,7,6,7,12,10,6000,189
Samuele Ricci,Italy,178,72,22,73,69,72,73,72,72,68,72,72,75,62,76,72,75,82,64,70,74,76,67,57,70,42,68,56,62,52,54,11,14,12,6,13,4200000,620
Adam Ingi Benediktsson,Iceland,196,89,20,14,12,11,13,23,48,8,10,36,33,10,21,18,36,19,51,29,38,43,34,12,39,8,8,12,12,15,9,55,56,53,52,59,11000,323
Erwin Koffi,Ivory Coast,174,68,28,59,60,65,62,70,56,48,55,48,62,63,65,61,85,83,73,71,84,76,56,58,67,48,62,59,62,51,56,7,8,11,9,12,97500,458
Conor Masterson,Republic of Ireland,185,75,24,54,51,62,64,60,59,33,63,42,62,29,55,37,59,53,74,43,63,37,71,62,46,30,22,28,37,43,33,6,9,7,10,12,47500,277
Andreas G√ºlstorff,Denmark,181,75,20,20,15,14,12,21,45,6,10,25,25,14,26,29,42,20,48,47,44,45,65,10,38,10,10,15,11,18,9,52,55,52,51,56,9000,228
Kristopher da Graca,Sweden,188,80,25,60,42,63,68,59,58,22,62,31,47,38,64,41,51,70,83,60,62,33,72,67,46,24,28,31,30,37,35,16,11,15,6,15,85000,326
Alexander Rossipal,Germany,184,78,27,62,58,61,64,46,59,52,62,48,55,63,61,59,71,72,70,67,71,65,71,55,60,37,52,62,52,54,36,13,13,8,6,8,70000,546
R√≥bert Pich,Slovakia,173,68,34,63,63,29,31,33,64,64,20,62,63,60,65,57,76,56,47,85,80,83,55,53,66,64,66,55,59,65,59,8,10,14,7,7,45000,375
Ross Barkley,England,186,76,29,77,78,51,60,71,73,70,53,72,77,67,76,75,67,58,76,61,69,65,64,65,81,68,79,69,73,65,62,6,9,14,12,10,4200000,437
Maham√© Siby,Mali,191,84,27,66,58,64,68,67,65,53,67,63,64,49,68,66,53,81,80,56,55,59,71,63,68,48,42,52,35,42,38,7,7,10,6,7,1200000,393
Arno Verschueren,Belgium,185,73,26,66,63,63,66,73,67,66,64,66,64,55,67,65,68,76,66,70,66,72,60,62,64,53,62,33,44,43,38,12,9,15,14,6,95000,583
Karl Darlow,England,190,88,32,31,14,12,11,13,67,18,26,37,53,12,36,30,60,44,60,64,54,64,69,12,51,14,11,19,16,19,15,73,76,71,68,77,2200000,318
Romain Perraud,France,173,68,25,74,75,69,73,85,76,76,75,71,69,72,75,72,74,77,64,80,67,73,56,62,84,65,78,70,71,60,70,11,6,7,10,13,6000000,579
Ross Stewart,Scotland,188,81,27,68,66,27,24,64,67,71,23,60,61,44,65,54,77,89,81,48,73,55,55,74,70,75,64,61,51,72,60,12,11,13,14,7,2100000,603
J√©r√©my Le Douaron,France,189,78,25,73,73,41,48,69,70,73,51,68,65,68,69,56,69,71,76,57,68,63,66,71,75,72,68,58,48,56,51,8,12,12,6,10,2700000,592
Amor Layouni,Tunisia,191,81,30,67,67,30,31,36,62,63,26,64,57,64,63,49,78,73,72,49,83,69,33,56,64,63,61,59,53,57,62,13,15,14,7,6,1000000,658
Sebasti√°n Meza,Argentina,185,78,23,16,15,16,13,27,67,8,10,37,30,16,23,25,31,28,70,42,35,34,72,15,45,10,11,12,15,17,10,67,70,64,60,70,1100000,556
Simon Handle,Germany,170,68,30,65,69,57,60,53,62,57,54,58,51,60,60,48,86,82,51,87,81,90,72,48,61,62,57,63,48,48,48,11,13,11,8,13,85000,651
Callum O'Hare,England,173,65,25,73,78,61,67,79,73,74,64,72,69,62,73,71,84,90,47,87,79,83,81,51,54,59,56,63,52,58,55,14,11,7,11,15,3500000,156
Jari Vlak,Netherlands,191,75,25,66,62,60,62,62,62,61,64,56,63,42,67,68,67,86,74,49,61,67,66,59,68,48,62,45,41,52,42,6,9,11,9,13,87500,215
Lukas J√§ger,Austria,184,76,29,61,59,62,64,71,63,42,64,55,58,55,64,59,64,75,67,65,66,58,77,59,51,42,52,48,36,35,32,13,8,8,12,11,62500,530
Mike Eerdhuijzen,Netherlands,191,78,23,45,39,65,67,59,59,26,63,28,46,52,58,54,54,70,76,48,44,57,70,64,37,20,20,27,23,37,27,7,7,8,8,14,60000,583
John Akinde,England,188,87,34,59,56,31,33,74,63,64,29,59,59,46,61,46,42,39,92,57,51,62,72,62,67,60,55,51,34,68,57,14,12,15,6,16,32500,148
Julien Fabri,France,183,72,29,22,18,20,14,26,63,17,23,20,58,14,26,27,49,20,60,60,54,34,61,18,44,17,14,17,17,20,13,60,60,61,58,60,23000,523
Eryk Williamson,United States,175,70,26,70,71,62,65,63,71,69,68,70,70,63,71,69,73,76,70,79,72,72,57,50,65,60,45,63,48,48,50,9,5,8,10,10,1600000,473
Shin Kwang Hoon,Korea Republic,178,73,36,64,58,62,65,63,62,53,65,58,56,63,66,63,68,79,68,73,69,66,74,53,52,47,48,53,51,61,59,10,15,11,7,14,32500,470
Mi Haolun,China PR,175,60,30,56,61,61,62,64,58,58,64,62,60,55,59,60,78,73,62,72,76,79,75,54,52,59,53,45,38,46,47,11,7,7,7,16,62500,571
Karlo Muhar,Croatia,190,83,27,61,56,63,65,80,61,55,67,60,48,36,65,61,62,83,83,61,68,58,66,61,61,40,53,32,40,41,39,9,6,11,9,6,1200000,117
Brajan Gruda,Germany,178,70,19,62,65,21,30,36,51,54,26,51,54,51,55,47,68,49,53,68,67,69,52,51,71,60,63,62,57,65,63,6,12,10,12,10,24000,3
Aleksandar Jovanoviƒá,Australia,196,83,34,56,49,59,60,63,60,36,61,43,61,28,61,56,49,62,85,57,54,48,49,64,52,26,25,26,25,38,29,12,8,11,12,7,30000,85
Brian Farioli,Argentina,179,70,25,68,74,40,42,43,65,67,31,72,75,67,65,67,74,52,50,69,67,77,50,50,67,54,58,69,63,58,46,13,9,11,14,10,1400000,131
Raphael Sallinger,Austria,196,84,27,20,19,22,11,20,57,18,19,11,31,17,31,25,46,44,79,57,40,39,56,20,48,12,17,13,17,23,11,60,67,60,64,64,37500,614
Nicol√°s Formido,Brazil,183,77,23,75,74,21,29,54,78,73,54,75,72,74,75,73,71,68,73,59,65,75,61,71,71,57,75,81,76,69,55,7,9,8,8,12,3600000,334
Jos√© Canale,Paraguay,183,80,27,56,39,65,73,70,62,27,65,42,59,32,63,57,69,59,80,66,65,49,83,75,43,34,21,32,31,38,21,12,11,11,11,11,1300000,369
Marc Bombard√≥,Spain,182,78,17,50,44,54,63,57,45,32,56,35,45,34,41,28,58,62,58,66,57,60,68,56,45,23,21,31,35,41,32,9,5,9,5,6,12000,203
Milton Casco,Argentina,170,69,35,82,79,74,71,86,74,78,69,80,80,75,76,75,88,85,74,80,79,85,74,65,78,62,69,80,59,66,66,12,15,8,13,6,3900000,509
Jan Vertonghen,Belgium,189,89,36,70,64,85,84,79,78,56,79,66,81,70,76,74,65,70,79,58,68,54,85,78,80,54,66,66,68,66,52,12,6,10,9,7,5500000,492
Pepe Reina,Spain,188,92,41,23,10,24,22,32,72,13,22,65,64,11,37,39,43,34,70,60,49,50,71,13,59,14,15,11,11,24,11,79,75,77,79,76,27500,653
Waleed Hezam Al Anazi,Saudi Arabia,169,65,28,59,60,59,59,67,61,57,56,57,53,57,63,60,52,68,63,79,59,73,69,44,56,52,54,54,59,35,37,5,6,6,6,14,25000,168
Pontus Texel,Denmark,182,74,19,50,48,56,57,40,45,34,53,39,47,46,48,41,64,56,58,63,66,60,71,55,35,20,24,40,21,30,23,11,8,14,6,10,13000,226
Mayckel Lahdo,Sweden,180,76,20,64,65,25,27,40,55,59,31,57,60,57,59,54,84,50,60,76,84,87,59,30,57,56,54,49,35,50,42,14,14,6,14,8,65000,18
Adri√°n Bernab√©,Spain,175,68,22,77,75,49,64,69,61,63,61,66,73,68,72,70,80,66,51,81,75,80,51,46,68,67,61,75,65,58,56,10,8,12,9,9,1600000,456
Adrian Segecic,Australia,173,68,19,63,65,36,30,55,54,54,36,53,55,45,54,51,75,48,43,86,74,68,54,31,50,54,49,49,39,41,39,12,12,15,15,11,23000,610
Vitaly Janelt,Germany,184,79,25,74,72,72,76,76,75,71,75,73,75,68,75,76,69,80,78,70,67,68,72,55,76,67,69,48,54,52,72,6,6,8,6,14,4800000,101
Idrissa Tour√©,Germany,188,76,25,74,66,55,62,69,65,67,64,67,65,50,70,62,70,77,75,64,65,71,86,68,43,59,47,58,57,45,43,15,12,13,12,11,1200000,466
Quentin Lecoeuche,France,172,65,29,63,62,62,62,57,57,62,62,58,61,62,62,58,80,83,64,81,80,83,71,57,49,43,51,42,49,52,46,13,9,8,13,13,92500,641
Gianluca Saro,Italy,190,86,23,12,8,13,10,28,44,6,7,22,26,11,26,15,18,27,58,22,26,22,36,13,44,6,7,13,11,18,6,51,56,62,59,58,13000,159
Marcel Zapytowski,Poland,187,82,22,10,11,11,12,28,35,7,6,34,46,10,18,15,32,21,75,25,26,27,30,14,45,9,8,13,11,11,7,63,60,64,60,60,22000,360
Igor,Brazil,185,84,25,63,44,77,80,84,60,48,76,56,65,24,67,52,69,76,90,66,77,66,70,67,44,22,36,32,25,28,27,15,7,11,9,14,7500000,258
Matt Crooks,England,192,80,29,70,69,65,72,77,70,68,66,70,65,45,72,69,66,86,82,50,67,64,34,68,69,69,67,54,52,58,55,8,8,15,7,6,1900000,403
Stefano Beltrame,Italy,183,70,30,75,73,27,38,39,69,65,53,71,63,72,71,73,73,70,71,72,69,74,59,42,72,58,70,74,71,62,68,7,5,14,12,11,1400000,398
Kim Jin Rae,Korea Republic,174,61,26,59,58,57,59,58,63,48,59,58,50,61,57,57,74,59,56,75,73,70,84,53,59,40,47,50,55,34,30,13,14,9,10,6,40000,559
Harry Toffolo,England,183,71,28,64,64,66,68,58,69,54,67,54,58,72,66,58,73,84,69,68,75,69,76,61,58,51,51,62,58,53,38,13,12,15,15,13,1900000,434
Michael Kelly,Republic of Ireland,196,86,27,14,15,16,17,18,46,19,16,36,32,13,15,19,30,37,54,40,27,28,52,14,37,11,11,19,13,22,19,52,54,53,49,51,8000,126
Amir Abdijanovic,Austria,180,70,22,58,59,15,20,62,58,60,14,47,50,34,48,35,62,56,63,66,55,61,60,59,62,61,48,39,42,55,45,6,11,9,12,6,27500,530
Dani C√°rdenas,Spain,186,80,26,16,13,12,13,21,72,5,6,34,42,10,40,49,45,26,52,42,43,55,69,12,53,5,5,11,13,17,8,69,74,68,71,78,2500000,377
Josh Earl,England,192,78,24,63,66,66,68,78,67,58,65,55,60,61,60,51,67,77,81,67,78,65,44,64,59,39,41,52,44,52,47,7,13,8,9,7,1200000,260
Y√°ser Asprilla,Colombia,175,75,19,67,69,43,54,48,65,66,40,67,62,62,68,71,62,58,64,52,71,62,48,42,63,58,61,64,53,54,45,12,13,13,8,14,90000,664
Gustavo Aldanada,Venezuela,177,78,19,66,56,60,63,58,63,55,64,55,58,55,62,73,49,68,53,63,63,57,70,65,70,52,76,59,42,54,61,8,8,16,8,9,52500,172
Philipp Erhardt,Austria,185,69,29,65,58,61,63,72,52,44,66,48,60,48,61,59,54,70,71,59,39,66,80,66,55,33,51,48,30,38,29,7,7,14,7,16,42500,614
Gilbert Koomson,Ghana,180,69,28,65,66,30,42,56,60,65,31,60,69,59,60,58,84,68,61,69,86,80,72,49,63,61,57,59,63,65,48,12,12,6,15,13,90000,249
Felipe Barridos,Ecuador,188,83,35,21,8,7,8,41,67,11,21,60,62,9,23,22,35,34,79,41,31,33,66,9,58,9,12,9,12,21,8,74,71,63,77,75,40000,365
Ethan Ingram,England,180,70,20,51,55,52,58,46,46,50,49,39,42,51,52,40,77,63,46,71,74,64,60,48,38,30,27,48,33,26,33,14,11,9,9,10,16000,667
Josip Rado≈°eviƒá,Croatia,180,78,29,61,53,63,65,79,61,53,66,56,50,59,60,65,45,79,80,73,55,53,63,59,68,54,62,64,56,64,48,10,13,6,9,12,75000,107
Ghjuvanni Quilichini,France,185,79,21,12,7,10,10,16,39,4,13,24,28,11,26,25,29,25,30,43,20,23,40,10,44,6,8,11,13,12,7,59,54,52,58,63,11000,6
Rochharzela,India,176,61,25,56,55,35,33,40,48,48,32,52,52,51,53,52,71,35,41,75,73,83,61,39,45,41,42,51,43,41,38,14,12,6,8,9,12000,431
Dan Potts,England,178,70,29,61,64,68,69,58,63,48,66,53,55,62,63,58,67,70,69,70,67,69,81,71,40,44,22,42,37,35,29,6,13,10,10,10,87500,386
Edsinho Torres,Brazil,178,77,27,75,48,77,68,75,65,55,57,48,62,73,62,60,62,79,65,72,76,63,62,70,62,48,59,44,63,70,43,11,10,10,12,11,1900000,68
Alfie Devine,England,180,75,19,58,62,60,54,61,58,65,46,60,61,46,68,64,63,57,51,68,65,56,60,59,65,58,52,56,41,52,50,12,8,7,13,13,32500,588
Yanic Wildschut,Suriname,187,86,31,63,67,47,54,70,59,63,52,54,65,58,61,60,76,55,79,66,84,72,53,53,80,60,60,67,61,60,59,14,9,13,11,14,57500,447
Christos Zafeiris,Norway,172,72,20,67,66,54,56,75,57,64,60,65,61,63,65,65,78,78,64,85,76,84,83,45,56,55,48,63,56,50,40,9,14,11,7,12,62500,575
Stijn Meijer,Netherlands,190,78,23,65,65,25,20,55,60,61,25,55,57,40,50,35,58,63,61,55,75,62,71,59,65,65,58,55,40,60,60,11,6,5,5,15,47500,529
R√©my Boissier,France,181,73,29,69,68,62,68,65,68,68,63,68,68,66,71,68,71,83,71,67,70,71,70,63,69,65,69,68,75,63,46,10,9,10,6,8,1400000,511
Jonaldo Santoso,Brazil,186,80,31,66,64,42,33,56,58,72,39,43,75,49,58,45,51,62,71,51,67,41,70,71,74,70,60,46,54,61,67,13,8,7,9,11,1000000,68
Daniel Dumbravanu,Moldova,192,66,22,58,46,54,57,60,53,24,56,30,48,24,54,42,54,63,52,44,50,51,40,68,52,35,29,31,22,56,22,13,8,7,14,5,14000,53
Sondre Fet,Norway,178,74,26,68,68,54,67,66,68,66,68,67,67,57,68,66,71,86,72,65,70,72,75,54,55,56,55,55,32,51,48,9,8,10,8,13,1300000,249
Pius Kr√§tschmer,Germany,187,82,26,61,58,63,62,60,58,38,57,55,52,64,62,61,65,70,76,64,68,64,75,57,64,39,56,64,61,34,29,10,15,11,14,7,60000,548
Mubarak Wakaso,Ghana,171,66,33,71,68,69,71,86,78,71,71,71,70,68,70,69,78,85,81,88,82,82,85,60,85,63,68,67,64,50,76,15,10,16,7,14,1500000,344
Ra√∫l Navas,Spain,186,84,35,66,25,64,69,70,61,39,70,58,69,46,67,60,39,53,77,62,42,51,81,68,70,36,42,34,61,46,44,12,10,16,9,10,40000,114
Heriberto Tavares,Portugal,181,66,26,70,71,28,33,59,68,66,22,61,68,61,63,50,80,70,62,71,80,76,56,61,78,66,68,72,70,70,67,7,7,13,8,8,1300000,533
Diego Ossa,Chile,178,68,19,55,56,16,11,26,50,56,20,47,51,29,54,52,67,65,55,71,68,65,67,59,54,61,57,36,45,59,40,12,9,11,15,15,17000,634
Nemanja Gudelj,Serbia,187,79,31,78,66,73,75,83,73,65,76,74,80,74,84,78,54,81,87,50,55,62,69,71,88,58,82,80,79,74,69,14,8,11,8,12,14500000,562
V√≠ctor Cabrera,Argentina,182,77,30,59,60,68,70,82,60,26,70,48,55,45,73,67,64,69,71,61,67,55,61,65,45,34,46,34,30,44,31,10,15,14,15,7,1200000,619
Abdullah Al Owayshir,Saudi Arabia,184,70,32,21,18,19,16,21,61,15,24,55,48,12,29,21,39,37,65,52,37,62,69,15,45,19,15,15,20,15,18,55,67,57,60,64,21000,196
Zhang Yu,China PR,182,70,21,33,24,50,53,48,49,20,54,26,36,21,33,25,55,57,56,58,48,39,80,48,36,19,21,20,21,32,22,5,5,13,12,15,6000,307
Aleksa Pejiƒá,Serbia,190,80,24,64,62,57,64,69,60,51,67,52,51,48,64,60,47,70,75,37,58,53,51,65,57,43,41,40,45,39,36,6,8,8,11,13,75000,535
Viktor Bergh,Sweden,175,73,24,56,55,56,56,46,56,52,53,35,48,52,53,40,76,65,55,77,74,72,60,43,27,24,20,33,34,34,29,10,12,6,8,9,24000,325
Bruno,Spain,184,80,33,50,36,65,67,68,69,22,67,35,61,46,59,53,29,59,85,28,31,28,62,70,60,23,22,55,31,42,21,13,12,9,8,8,65000,480
Mark Harris,Wales,182,75,24,66,67,48,42,54,69,69,24,65,65,55,62,57,84,74,69,73,82,79,75,60,61,64,56,49,45,52,59,8,8,9,13,12,1000000,125
Jamie Devitt,Republic of Ireland,176,66,33,59,58,42,47,55,59,58,39,61,61,61,60,58,62,34,43,71,64,72,65,30,62,54,58,63,65,58,61,9,10,14,9,9,19000,126
Seniko Doua,Ivory Coast,178,73,21,44,51,49,51,60,49,44,46,38,39,44,46,37,74,56,62,72,74,66,60,42,60,28,48,33,27,36,46,15,11,13,11,8,10000,229
Aymen Boutoutaou,France,169,56,22,72,74,36,28,39,55,53,24,62,67,58,58,47,79,31,31,91,72,91,49,39,61,64,53,57,49,53,53,14,10,6,8,8,70000,641
Chen Wei,China PR,188,80,25,12,12,12,13,18,60,6,11,52,26,14,18,29,26,28,61,33,34,32,57,13,38,5,7,12,10,10,9,55,60,55,51,61,19000,566
Vanja Milinkoviƒá-Saviƒá,Serbia,202,90,26,18,15,19,15,34,63,12,21,58,65,18,31,30,41,33,73,38,45,38,58,12,59,20,45,55,59,24,16,74,74,71,78,75,3400000,620
Frederik Winther,Denmark,186,78,22,63,54,62,68,53,64,34,64,38,58,38,66,65,56,56,71,60,54,56,73,62,48,26,26,38,25,30,25,11,9,13,6,7,75000,107
Aleksander Melgalvis,Norway,178,73,34,61,61,58,60,63,61,60,60,62,61,65,62,57,69,74,64,67,70,64,77,58,70,59,63,62,64,58,57,14,13,12,9,7,50000,297
Luke Hemmerich,Germany,180,70,25,64,62,61,60,77,61,58,54,59,55,61,61,56,75,74,68,67,76,65,70,55,78,49,51,70,64,56,44,9,9,9,10,14,62500,581
Juan David Mosquera,Colombia,180,72,20,54,65,60,64,55,60,60,62,66,62,63,54,50,80,80,70,65,78,80,74,44,55,50,48,40,31,32,30,8,13,8,6,14,70000,473
Kelechi Iheanacho,Nigeria,185,82,26,80,78,32,36,71,76,78,30,72,68,59,75,69,70,66,73,69,73,73,57,67,81,77,76,74,64,70,75,11,8,7,7,15,8500000,376
Riccieli,Brazil,184,80,24,60,54,74,72,74,70,34,68,39,62,61,57,39,52,69,80,49,54,44,90,64,55,24,27,36,33,48,33,12,6,7,14,13,1900000,217
Joe Ward,England,167,68,28,65,67,55,56,33,65,62,53,60,57,69,63,58,82,80,48,79,84,80,45,51,59,54,51,69,64,42,48,6,15,6,10,15,1000000,462
Enzo Gim√©nez,Paraguay,178,72,25,66,68,42,37,44,50,63,35,57,61,75,61,42,75,68,58,73,80,72,54,65,71,66,49,70,68,54,46,11,7,11,10,12,97500,134
Elyas Al Biladi,Saudi Arabia,173,78,21,52,51,47,51,53,45,47,50,50,43,45,51,49,62,48,67,55,61,56,62,42,44,38,39,38,31,43,32,7,7,12,6,9,6000,27
Pozuelo,Spain,170,74,31,81,80,36,55,59,80,77,55,88,84,74,82,75,69,79,64,85,59,77,61,54,75,70,76,78,74,76,68,10,10,8,14,8,17000000,333
√Åd√°m Nagy,Hungary,178,70,28,74,71,68,70,65,73,64,77,66,74,69,75,71,69,76,55,80,68,80,58,54,58,48,58,69,62,58,68,10,10,7,6,14,2900000,466
Dwight Gayle,England,174,78,32,72,68,14,24,46,69,70,35,48,67,59,64,53,79,53,54,81,75,77,73,67,76,69,69,54,71,73,68,8,10,7,16,8,1300000,600
Jo√´l Piroe,Netherlands,185,74,24,74,67,27,29,45,72,76,21,68,74,47,72,57,63,69,83,63,69,65,71,70,77,76,75,55,54,72,66,7,10,13,9,11,3600000,607
Gerrit Gohlke,Germany,192,81,24,47,42,63,62,76,54,28,59,33,44,31,56,51,54,56,82,42,66,47,54,62,53,20,23,23,22,30,26,8,9,11,14,6,47500,546
Bilal Brahimi,France,177,70,23,64,66,35,37,39,44,50,26,56,57,60,60,55,70,58,49,71,70,65,47,36,56,46,52,55,62,55,49,6,5,6,7,13,30000,538
Alessandro Diamanti,Italy,180,75,40,76,74,28,32,60,65,75,30,75,73,77,80,74,61,66,72,69,52,67,48,54,76,60,75,74,68,68,74,14,14,7,10,11,1000000,669
Matheus Reis,Brazil,184,80,28,75,74,78,82,82,76,62,79,60,76,74,73,58,72,82,83,59,74,72,81,70,60,50,51,69,47,50,45,7,6,14,10,14,16000000,585
Callum Burton,England,188,80,27,25,13,13,12,19,58,14,24,37,27,12,21,25,35,35,48,65,52,40,61,17,45,19,13,11,16,22,16,59,64,61,60,64,32500,468
Jonathan Caicedo,Colombia,180,78,27,63,66,27,28,34,60,60,29,63,49,60,61,62,67,64,70,66,68,70,61,38,61,55,58,45,50,52,46,10,12,12,15,13,42500,367
Pablo Larrea,Spain,173,69,29,66,64,63,65,65,67,64,65,69,56,55,67,66,63,81,62,79,55,73,72,36,66,61,68,57,54,46,45,8,7,10,13,12,90000,115
Dennis Dressel,Germany,186,76,24,67,61,56,60,67,66,62,64,66,69,60,68,67,69,83,69,70,71,71,72,59,72,60,69,48,47,50,62,10,5,15,7,11,87500,301
Fisnik Isaki,Albania,178,68,20,55,58,23,24,44,52,53,20,54,49,49,47,41,78,62,42,76,75,74,54,42,62,51,47,51,44,54,53,10,12,8,6,8,16000,19
Gast√≥n Sirino,Uruguay,166,57,32,70,73,38,33,49,61,64,22,66,52,66,65,58,81,71,64,81,80,83,57,40,62,67,60,57,60,51,49,16,8,7,10,9,1200000,394
Juan Ignacio D√≠az,Argentina,182,76,25,50,45,72,75,60,61,45,63,44,54,52,61,52,77,70,63,74,73,71,71,68,47,39,38,32,31,41,35,10,12,7,10,5,1300000,80
Mourtada Fall,Senegal,192,87,35,51,40,63,67,71,58,49,65,47,63,35,60,55,60,71,90,36,61,37,87,71,59,27,31,38,20,39,30,15,10,13,15,6,32500,417
Johan Hove,Norway,177,72,22,69,66,60,60,63,62,69,58,68,69,61,70,66,72,82,63,83,76,83,70,49,65,68,66,64,55,49,54,14,9,10,12,13,1600000,219
Alexandre Olliero,France,193,85,27,28,13,16,19,19,59,12,17,24,51,15,22,23,47,23,75,41,45,39,59,20,50,17,17,15,18,27,20,67,68,63,66,70,80000,595
Matt Ritchie,Scotland,172,76,33,75,75,67,73,82,71,73,70,73,73,77,74,72,67,55,60,77,55,67,70,39,76,66,75,78,69,72,75,14,15,8,11,13,1900000,427
Adil Auassar,Netherlands,186,80,36,64,60,64,64,84,62,60,63,63,63,55,64,65,31,65,83,53,31,33,61,65,80,52,70,66,65,64,33,11,12,7,9,14,27500,583
Jes√∫s Meza,Venezuela,163,66,37,66,67,40,60,35,60,60,65,59,62,45,70,68,71,72,38,84,70,76,58,39,70,63,71,69,70,65,57,12,10,14,11,11,23000,193
Zac McGraw,United States,193,93,26,51,50,60,63,61,60,46,58,58,52,52,65,63,56,67,83,51,57,52,75,68,51,45,31,44,31,30,20,11,6,12,13,12,57500,473
Marco Di Cesare,Argentina,186,81,21,42,35,67,72,54,61,36,62,33,61,34,53,40,55,68,72,62,62,43,75,68,48,23,28,34,31,38,33,10,7,11,15,8,70000,55
Cyril Zabou,France,180,74,27,69,69,31,29,32,51,63,43,57,62,51,68,57,79,54,51,65,81,82,40,55,55,53,48,64,42,41,63,14,7,9,13,8,65000,211
Ionu»õ GurƒÉu,Romania,198,91,24,16,13,10,11,20,57,6,14,28,29,10,28,17,28,23,72,22,28,23,37,12,41,7,6,13,14,15,6,58,61,62,55,60,27500,247
Tyrese Fornah,England,185,72,23,68,71,65,66,74,64,62,63,67,68,57,67,64,73,84,67,72,72,68,68,56,69,55,61,60,38,47,55,11,6,9,9,12,1200000,499
Santiago Vera,Argentina,170,69,24,59,70,34,35,29,39,53,17,50,47,57,56,52,71,51,44,82,71,65,46,45,59,51,45,49,47,66,46,15,15,8,7,5,25000,619
Tommaso Vitali,Italy,186,75,24,12,6,13,12,28,51,5,11,35,32,11,19,26,32,29,44,31,28,24,43,14,43,7,8,13,13,12,8,50,46,51,57,49,5000,616
Ryan Gauld,Scotland,169,62,27,79,81,40,55,51,76,73,55,79,76,78,77,70,84,85,33,92,84,92,80,62,69,68,56,79,73,70,67,13,6,14,13,15,8500000,670
Ji Jiabao,China PR,192,70,20,15,8,13,12,15,45,10,12,35,36,13,20,16,16,23,45,28,17,35,35,15,39,9,6,12,11,12,5,46,49,51,52,51,3500,571
Adil Khan,India,178,75,35,49,46,54,51,71,46,53,53,45,48,41,49,48,64,81,80,63,53,72,85,56,52,42,47,39,32,42,56,10,10,11,12,8,8000,321
Oscar Wendt,Sweden,181,82,37,66,62,65,66,68,68,66,68,66,67,70,70,69,58,66,67,69,59,66,70,66,70,56,64,72,60,65,50,13,9,12,10,11,27500,323
Lautaro Giaccone,Argentina,175,68,22,66,66,33,30,45,59,55,27,55,60,53,57,54,74,54,44,76,67,73,54,42,60,50,53,52,49,59,49,9,5,7,6,14,37500,515
Ziyad Al Jari,Saudi Arabia,181,79,21,32,28,55,51,45,46,29,47,32,43,24,35,25,53,51,72,49,51,43,74,49,39,28,23,24,22,46,24,14,6,8,5,14,6000,30
Saad Bguir,Tunisia,175,67,29,75,76,37,34,50,71,73,30,71,68,69,72,71,71,80,63,69,68,76,57,48,69,71,70,73,75,69,57,5,10,10,13,6,3100000,22
Nkosi Tafari,United States,193,84,26,56,50,60,64,60,62,31,66,40,69,26,62,66,61,73,81,54,54,50,76,57,43,32,35,21,27,30,22,5,13,10,9,12,57500,214
Mustapha Yatabar√©,Mali,186,84,37,66,62,12,15,68,62,70,21,62,60,59,63,57,55,50,81,50,50,62,79,75,79,71,69,52,50,67,60,10,7,12,16,10,40000,574
Edu Espiau,Spain,185,84,28,61,63,19,18,56,70,72,20,61,66,42,62,52,67,65,70,54,71,56,77,72,73,68,65,50,45,61,55,6,10,14,15,15,1300000,533
Maxime Sainte,Sweden,176,67,21,56,56,49,49,55,48,48,46,44,48,53,51,50,81,63,63,74,80,73,60,42,52,43,42,49,34,36,35,6,11,15,14,7,15000,642
Cristhian Riveros,Paraguay,181,82,25,12,10,12,11,25,55,7,10,33,22,15,21,20,30,25,41,45,32,23,70,15,46,8,10,11,12,11,10,62,61,60,61,63,35000,147
Quini,Spain,178,74,33,71,71,74,76,61,64,65,68,55,62,73,71,57,73,63,61,71,70,69,50,60,61,62,59,71,52,58,48,14,14,13,7,9,1600000,285
Dominik Baumgartner,Austria,188,72,27,57,42,68,71,72,68,41,69,35,58,51,64,61,65,71,76,59,68,61,71,70,52,29,31,41,24,36,22,8,8,5,11,11,1500000,675
Sergio,Spain,186,67,31,64,41,68,72,64,62,28,73,46,53,32,66,59,47,48,65,48,60,30,75,65,49,32,29,35,31,42,36,9,14,15,8,11,1000000,112
Brendan Kiernan,England,175,81,30,58,57,19,27,47,56,55,35,52,54,55,52,40,87,70,58,84,88,81,33,40,55,54,47,52,50,53,51,13,14,7,11,9,24000,303
Nicolas H√∂fler,Germany,181,79,33,68,65,69,78,69,78,53,80,65,75,54,76,69,54,81,72,75,64,67,84,65,58,41,49,53,50,50,40,10,6,13,13,9,5000000,526
Benjamin Bender,United States,183,75,22,65,63,58,36,55,57,62,60,66,53,59,69,62,65,70,55,61,69,61,61,42,66,59,57,65,41,52,52,11,5,10,8,8,70000,136
Harvey Giles,England,185,82,18,13,12,13,10,16,39,5,11,15,31,10,23,22,25,24,48,51,25,39,60,11,39,9,7,11,11,18,5,49,58,49,52,54,6000,302
Lorenzo Andrenacci,Italy,188,77,28,22,17,16,16,18,55,7,15,34,43,14,25,19,50,28,60,58,49,55,55,12,44,13,15,17,18,20,20,64,63,65,59,63,45000,102
Florin BƒÉlan,Romania,166,60,21,57,52,44,49,62,49,46,51,56,45,42,59,55,49,72,55,71,63,61,62,48,46,41,45,38,36,38,32,8,8,7,10,11,14000,242
Mamady Diarra,Mali,168,66,23,67,68,46,50,50,63,68,45,58,64,54,57,54,84,63,49,70,86,67,55,40,66,56,48,53,40,52,43,14,12,7,15,15,1000000,163
Connor Barron,Scotland,175,66,21,65,59,64,67,70,67,55,63,64,59,59,66,67,66,78,64,77,72,56,65,51,70,51,62,63,59,48,47,14,14,12,10,11,77500,21
Juan Montenegro,Bolivia,165,65,26,58,62,23,22,26,60,67,16,65,49,60,65,61,75,65,69,62,80,70,71,65,59,63,55,35,49,63,60,14,13,7,7,12,80000,289
Olly Lee,England,181,80,32,63,62,46,52,58,59,58,54,62,64,62,63,64,52,71,67,65,56,59,60,50,65,57,59,65,60,53,56,8,11,10,10,15,37500,277
Harrison Biggins,England,175,68,27,63,61,59,61,43,61,58,59,62,60,40,63,61,53,83,58,75,54,72,64,40,63,53,55,44,41,41,39,11,6,11,13,9,42500,181
Hani Al Sibyani,Saudi Arabia,175,70,25,54,53,56,54,80,50,49,53,33,41,52,47,41,72,61,64,74,79,75,66,42,21,21,23,32,30,35,20,8,13,8,15,15,21000,34
Jordan Morris,United States,183,85,28,67,70,27,30,77,69,72,33,66,69,61,73,68,82,70,86,70,86,79,85,71,77,66,60,49,50,72,60,14,15,9,8,8,2000000,578
Leroy San√©,Germany,183,80,27,85,86,35,32,63,82,81,34,81,82,81,82,70,88,70,66,81,92,87,64,72,86,80,80,84,83,71,84,9,8,12,9,14,46000000,210
Zacharie Boucher,France,181,78,31,22,15,12,11,40,64,13,22,33,61,9,20,22,54,42,75,64,58,57,82,21,49,12,8,12,9,22,10,64,65,62,65,66,47500,523
Etienne Vaessen,Netherlands,189,84,28,26,7,8,12,28,58,7,11,35,30,13,27,28,35,30,55,37,36,27,57,11,47,11,8,14,16,16,10,68,68,66,62,67,80000,491
Franco V√°zquez,Argentina,187,82,34,82,81,48,59,78,70,75,69,80,77,73,78,75,40,71,78,35,51,67,46,69,76,80,80,80,68,67,79,9,14,15,13,7,4700000,456
Josep Mart√≠nez,Spain,191,78,25,11,8,15,13,24,60,11,11,52,42,12,27,24,24,42,58,22,30,32,37,11,50,6,7,11,12,18,6,70,74,70,66,74,1600000,274
Christopher Ikonomidis,Australia,180,80,28,70,69,52,49,60,65,65,49,65,64,66,67,64,77,70,68,69,78,78,57,58,67,68,66,67,59,58,64,11,10,7,11,15,1700000,400
Roony Bardghji,Sweden,173,67,17,68,71,24,24,45,52,62,25,62,65,57,58,48,77,62,38,88,74,90,52,22,63,61,57,58,57,51,55,14,8,14,13,14,72500,201
David Ayala,Argentina,173,62,21,71,62,64,67,65,66,49,65,63,64,44,74,70,75,64,49,84,69,76,63,51,63,38,43,41,43,47,39,12,7,8,11,8,1200000,473
Jean Franco Sarmiento,Colombia,182,63,26,54,52,20,24,33,53,60,16,49,62,33,48,35,71,53,58,53,70,71,70,57,55,58,52,35,38,64,43,8,7,8,12,5,18000,494
Isma√´l Gharbi,Spain,167,58,19,67,74,38,45,51,55,57,40,64,68,56,62,57,72,33,35,87,64,80,43,35,60,54,54,68,52,60,49,15,7,9,13,8,60000,455
Maik Nawrocki,Poland,191,78,22,63,44,66,66,57,63,46,68,58,50,40,65,67,77,63,74,53,76,68,75,60,57,49,53,41,35,40,39,14,6,12,7,14,1100000,375
Shady Oukhadda,Morocco,187,80,24,57,52,63,59,48,53,43,52,41,40,45,53,32,66,73,74,50,69,59,51,46,37,32,31,37,39,39,34,14,11,10,11,14,25000,410
Cheye Alexander,England,173,70,28,57,59,55,57,63,53,51,55,54,54,56,56,51,70,70,64,77,72,73,67,52,52,48,44,47,41,42,43,11,14,7,8,15,24000,277
Jadsinho Mei,Brazil,176,72,27,74,45,68,69,78,75,59,80,74,60,41,78,75,59,89,77,59,57,54,52,65,84,53,68,33,39,40,31,5,10,7,6,6,10000000,259
Yutaro Oda,Japan,181,70,22,62,68,37,38,54,60,61,37,55,54,42,62,47,59,42,77,64,70,52,61,52,55,60,54,48,44,50,56,8,6,6,7,6,37500,306
Liu Yue,China PR,174,63,25,48,53,22,36,32,62,52,20,51,43,45,57,45,74,61,41,80,73,80,79,33,46,53,52,41,35,47,38,14,13,11,10,11,16000,571
Mariusz Fornalczyk,Poland,172,70,20,67,72,29,25,48,48,58,16,48,62,53,54,46,90,70,47,82,87,85,38,42,52,55,36,42,36,57,44,14,14,13,11,10,65000,469
Sean Kavanagh,Republic of Ireland,175,62,29,62,61,58,60,60,62,58,52,65,61,63,63,59,56,54,54,69,59,69,71,54,63,53,56,64,65,58,33,16,6,6,7,6,30000,564
Luo Xin,China PR,182,70,33,52,56,56,58,66,52,60,56,60,55,56,53,52,52,72,71,64,63,70,67,54,40,48,42,36,35,40,43,11,6,11,6,14,15000,311
Richard Schunke,Argentina,185,78,31,73,41,65,70,70,68,28,72,38,53,41,69,59,58,74,86,55,60,53,80,71,43,31,30,35,34,44,31,11,15,11,14,14,1900000,331
Gabriel Niculescu,Romania,184,67,19,32,29,54,56,53,53,26,51,30,42,32,42,34,32,52,65,48,53,31,64,45,40,28,25,28,28,33,32,11,12,13,5,10,8000,211
Stanko Juriƒá,Croatia,189,83,27,65,64,64,66,68,59,56,64,58,64,45,65,64,64,81,80,59,64,61,71,62,67,65,56,47,39,48,31,13,13,7,11,7,1000000,456
Jonathan Gon√ßalves,France,170,61,34,49,41,59,64,69,66,21,51,51,57,21,63,66,52,56,64,56,53,45,62,66,35,29,25,24,23,35,21,9,11,14,7,15,16000,204
Mario Garc√≠a,Spain,176,70,19,46,60,64,61,57,61,48,61,37,41,53,34,28,63,59,46,72,59,50,63,56,29,33,28,39,34,44,31,8,10,6,5,15,21000,479
Ethan Horvath,United States,193,83,28,22,16,8,9,27,72,11,10,50,31,11,31,30,48,30,64,32,49,54,64,13,43,17,19,16,17,11,14,62,78,66,57,76,1400000,386
Hannes K√ºng,Austria,186,80,20,42,32,56,62,43,51,21,55,32,39,27,44,38,61,59,73,54,52,45,68,50,38,24,19,25,29,33,26,8,10,12,12,5,16000,522
Keanan Bennetts,England,181,78,24,67,71,47,53,45,52,50,41,50,58,65,62,58,75,54,65,73,74,70,34,44,70,53,54,65,73,70,55,10,11,8,10,7,55000,541
Nathaniel Adjei,Ghana,186,77,21,47,44,53,55,53,48,30,54,28,41,31,46,44,75,52,65,58,80,51,80,54,32,22,21,21,25,33,22,10,13,7,9,13,12000,299
Moses Otuali,Nigeria,186,77,21,54,62,19,21,32,58,60,22,44,58,36,57,32,84,60,62,70,90,71,71,48,56,64,51,52,37,59,56,12,10,11,12,15,37500,73
Ra√∫l Parra,Spain,187,77,23,63,48,59,67,57,56,38,66,39,55,63,55,47,66,63,74,58,63,52,72,65,68,43,51,41,57,33,31,5,12,13,6,14,77500,163
Nicol√°s Orsini,Argentina,191,90,28,70,64,19,25,65,70,73,22,61,68,45,65,59,76,64,82,74,77,70,75,74,74,72,65,43,43,69,64,6,11,6,16,16,2500000,92
Stuart O'Keefe,England,173,64,32,63,59,61,64,70,62,58,63,61,63,52,63,62,52,71,65,81,49,75,54,55,60,55,61,49,44,41,57,16,10,11,11,9,32500,277
Stefan Bajic,France,191,84,21,18,7,9,12,21,60,5,10,43,25,9,24,20,28,29,41,42,20,35,55,12,49,5,9,12,11,11,8,64,67,65,65,67,70000,641
√Ålvaro Tejero,Spain,174,69,27,70,69,68,66,63,66,69,67,69,66,72,67,64,78,91,60,84,82,84,76,55,70,64,66,72,67,62,38,9,13,7,10,7,2400000,531
Lucas Margueron,France,194,85,22,15,10,10,13,23,40,8,10,21,33,14,26,22,19,27,72,24,21,30,34,13,46,8,7,13,13,15,8,57,62,56,61,64,20000,145
Kleber Pinargote,Ecuador,188,77,20,19,5,11,14,20,60,5,13,27,23,11,20,13,32,27,38,42,20,29,59,11,44,5,6,11,9,11,5,57,62,57,58,63,25000,331
Ryan Finnigan,England,178,69,19,52,59,44,49,62,54,52,51,51,48,47,61,60,64,53,52,67,52,66,49,47,65,41,49,48,49,52,42,12,11,14,14,7,13000,160
Etrit Berisha,Albania,194,92,34,20,12,11,10,24,73,12,22,42,59,11,20,26,28,39,64,30,28,33,57,12,50,13,15,13,12,22,11,71,68,70,66,72,60000,620
Dylan Levitt,Wales,180,73,22,70,67,60,63,59,67,59,62,68,72,67,74,72,68,66,64,68,62,78,47,37,68,64,72,65,50,63,61,6,7,10,7,13,1600000,184
Niklas Tarnat,Germany,179,74,25,62,62,62,61,64,63,56,59,51,54,63,64,63,67,82,67,73,68,76,68,59,72,53,56,52,58,43,53,7,11,12,13,9,60000,518
Rodrigo Bec√£o,Brazil,191,79,27,59,36,76,80,79,75,30,78,41,70,48,69,65,46,54,76,48,52,50,71,80,44,30,32,49,27,31,24,6,5,9,6,12,7000000,632
Mat√≠as Mansilla,Argentina,188,80,27,19,10,13,10,21,45,8,9,28,37,14,18,24,30,22,63,36,17,36,47,11,48,9,8,14,14,11,7,70,61,65,64,67,47500,131
Jed Steer,England,183,80,30,22,11,11,12,22,67,16,22,42,30,11,40,25,53,39,61,59,47,37,56,12,53,11,11,12,11,41,11,70,72,70,70,71,1300000,60
Aaron Morley,England,183,72,23,65,61,61,61,59,64,58,65,66,64,61,68,68,67,82,70,72,68,69,55,56,69,53,64,62,65,63,55,14,7,11,11,9,1000000,95
Harry Kite,England,176,69,23,64,62,57,60,43,62,59,57,61,59,48,66,62,68,76,54,75,71,75,71,45,68,53,63,56,50,52,60,7,14,6,15,12,55000,200
Zoran Arseniƒá,Croatia,186,75,29,62,56,68,68,74,57,43,66,46,62,57,63,63,70,77,77,72,68,56,80,56,58,32,35,41,37,36,42,9,15,10,12,10,87500,495
Gianni Bruno,Belgium,180,73,32,70,72,26,36,59,68,73,36,68,68,63,68,61,75,66,67,70,69,72,70,67,72,71,73,62,66,70,67,15,11,14,13,6,1600000,540
Alfie Jones,England,191,87,25,62,57,65,68,72,64,45,68,60,60,41,65,62,59,76,77,62,63,52,68,66,49,37,38,49,36,44,37,10,8,10,12,15,1000000,318
Fahd Moufi,Morocco,177,77,27,69,70,71,73,77,68,60,71,65,69,69,68,57,73,90,76,72,74,69,80,57,59,28,42,57,35,46,26,10,7,12,8,11,3000000,472
Brahian Eg√ºez,Bolivia,175,77,31,65,60,48,49,55,50,58,57,60,55,67,60,55,70,60,58,59,70,65,55,55,63,64,65,54,60,65,55,9,9,6,9,5,47500,289
Fabian Holst-Larsen,Norway,181,70,18,52,52,50,53,43,46,42,52,34,40,50,51,38,71,58,51,66,69,66,64,39,26,28,31,36,32,34,24,10,14,9,6,10,11000,602
Alexandre Frandeira,Brazil,192,85,23,57,45,67,71,84,67,36,68,34,73,51,62,64,47,64,90,38,51,46,60,65,62,36,47,46,41,43,35,10,8,7,9,10,1900000,68
Long Wei,China PR,182,70,28,52,49,53,54,60,50,39,52,48,50,41,55,49,43,78,61,63,63,68,62,56,45,26,26,32,30,39,25,5,14,6,15,11,12000,682
Ryan Cooney,England,179,77,23,58,59,60,61,48,57,56,62,53,54,60,55,56,73,80,65,77,71,72,69,53,56,44,53,48,40,54,40,6,11,7,13,7,77500,414
Kristoffer Velde,Norway,179,65,23,67,71,36,47,58,56,62,42,60,55,62,58,46,77,70,58,85,82,80,62,52,67,63,64,58,51,57,45,9,8,5,12,11,1000000,372
Cameron Archer,England,181,72,21,72,70,21,18,59,68,71,22,58,69,44,63,46,78,63,72,83,77,76,73,65,72,72,65,56,47,58,62,6,5,6,12,14,1800000,403
Giovanni Di Lorenzo,Italy,183,83,30,77,76,75,80,75,80,70,79,66,77,78,77,71,85,90,76,78,85,78,83,71,72,64,69,69,69,59,60,10,8,10,8,7,27500000,422
Sekou Koita,Mali,173,67,23,73,74,27,37,73,70,71,32,58,71,63,67,52,92,68,72,89,92,90,90,59,75,72,73,70,58,71,73,8,8,11,11,7,3600000,485
Ronnie Edwards,England,180,76,20,57,59,68,69,63,68,34,70,54,62,31,67,58,67,61,68,65,71,66,73,61,40,28,27,38,29,34,25,12,6,11,6,8,1100000,462
Mirko Pigliacelli,Italy,184,83,30,42,25,19,22,23,67,10,23,59,53,21,60,60,49,35,60,37,47,35,64,11,62,19,22,40,35,55,11,70,70,71,83,72,1600000,450
Antoine Makoumbou,Congo,187,79,25,70,68,65,70,69,65,54,63,59,65,59,70,70,76,81,76,65,75,70,70,60,67,44,41,56,48,52,44,6,8,15,7,14,1400000,120
Isma Ruiz,Spain,184,75,22,66,60,67,68,67,66,51,63,63,45,46,69,67,64,48,45,64,60,61,60,51,59,41,45,46,44,43,36,13,9,12,12,15,75000,629
Bryan Meredith,United States,188,94,34,17,15,13,17,41,54,13,17,13,41,18,39,36,41,39,77,41,53,43,61,13,48,17,13,16,14,21,12,54,65,60,64,64,16000,423
Ibrahima Sissoko,France,193,90,25,76,72,71,74,74,76,69,72,73,74,59,76,75,61,82,89,33,63,40,67,70,74,53,64,64,49,52,49,11,11,5,14,11,4800000,601
Bart≈Çomiej Jelonek,Poland,185,81,21,11,10,13,12,28,40,6,11,37,22,11,27,17,19,17,64,43,24,35,62,12,40,5,7,13,13,16,7,49,49,54,53,51,5000,465
Fejiri Okenabirhie,England,178,74,27,61,61,32,31,55,58,60,31,55,58,45,58,53,78,56,63,76,79,80,80,59,61,62,58,50,62,63,51,7,8,12,8,13,45000,121
Arthur Theate,Belgium,185,78,23,64,50,76,78,80,74,23,76,50,68,53,63,57,67,69,84,53,76,55,70,74,70,23,58,33,37,32,24,11,7,6,12,10,7500000,594
Nathanael Blair,Australia,186,75,19,42,40,23,21,54,49,54,22,41,42,23,40,29,53,60,78,68,63,56,63,60,56,51,42,27,25,51,44,9,10,15,12,8,8000,659
Th√©o Bouchlarhem,France,179,68,22,57,54,40,48,47,45,55,49,62,51,53,53,48,70,50,44,74,67,68,42,46,65,56,61,59,55,61,62,5,9,10,12,14,19000,458
Zhang Yuning,China PR,185,80,26,64,61,28,32,63,60,64,23,62,60,53,67,54,65,73,81,71,69,64,83,67,76,70,70,65,51,64,61,12,14,12,6,9,1100000,83
Nicol√≤ Fagioli,Italy,178,72,22,81,78,71,72,62,70,62,66,80,72,69,83,77,75,79,65,77,77,77,53,58,76,52,72,79,68,68,68,10,7,10,8,13,4400000,342
Facundo S√°nchez,Argentina,175,74,33,70,67,66,69,67,70,59,59,66,66,62,63,59,81,73,66,71,80,70,63,58,67,56,59,49,40,58,48,6,12,7,15,14,97500,452
David Goldar,Spain,182,77,28,50,43,64,63,73,62,32,63,52,54,45,63,65,51,65,80,59,51,49,74,60,52,36,44,66,63,50,32,15,14,12,13,10,65000,108
Omar Beckles,Grenada,191,80,31,55,50,62,65,68,63,28,61,32,54,53,57,45,54,81,83,51,53,56,75,62,46,26,33,44,20,34,22,13,14,8,14,10,57500,379
Declan Drysdale,England,196,76,23,50,44,60,62,61,57,37,60,49,61,25,57,53,64,69,78,62,68,48,64,58,38,22,23,38,30,39,27,11,13,7,15,6,35000,429
Daichi Kamada,Japan,184,76,27,84,85,40,47,52,81,83,43,85,81,75,86,80,82,75,57,84,76,85,67,53,65,77,73,78,73,79,66,6,6,10,11,11,40500000,265
Mathias Pereira Lage,Portugal,180,69,26,73,73,55,59,44,69,71,64,73,68,73,76,71,74,79,64,72,73,77,85,67,76,68,75,72,65,66,71,11,9,15,5,6,3400000,592
Million Manhoef,Netherlands,170,69,21,69,69,59,62,78,69,64,62,64,66,64,67,60,83,75,69,85,77,73,64,51,64,57,56,62,51,48,58,7,13,6,9,13,1600000,655
Clemente Montes,Chile,175,76,22,70,72,20,20,39,64,68,24,60,56,60,61,36,77,69,53,74,82,80,70,48,67,59,55,47,43,51,52,17,15,12,7,18,1200000,486
Konrad Guca,Poland,177,68,20,54,52,45,50,43,54,51,28,47,53,44,58,55,63,51,54,68,66,58,68,43,52,38,40,49,45,49,43,13,14,13,8,6,6000,596
Rico Henry,England,170,66,26,74,69,71,73,76,73,65,72,52,65,66,67,50,91,80,65,90,89,89,92,48,43,40,34,48,39,43,33,6,13,12,12,12,6000000,101
Alex Mu√±oz,Spain,187,80,29,64,66,65,68,62,64,60,71,48,69,66,70,68,72,89,82,61,89,72,85,66,83,62,75,59,52,55,45,9,15,14,14,11,2300000,377
Negredo,Spain,186,86,38,72,69,30,31,77,75,78,28,67,70,43,73,64,54,55,85,64,53,65,80,82,84,79,79,63,69,77,79,7,11,6,11,13,3600000,163
Ajdin Hrustiƒá,Australia,180,78,27,74,71,50,59,69,68,68,59,72,68,70,75,73,73,74,63,73,69,75,65,51,74,65,77,78,75,65,65,7,9,7,8,6,2100000,309
Lorenzo De Silvestri,Italy,186,84,35,75,74,73,73,71,73,74,71,65,72,77,74,71,65,74,78,58,78,65,73,78,74,64,70,65,62,52,58,14,15,11,10,14,2100000,94
Niki M√§enp√§√§,Finland,191,86,38,16,17,12,9,32,66,15,16,33,39,16,31,20,33,38,62,30,40,55,50,12,46,12,14,12,13,14,12,64,66,67,61,64,2000,643
Natinho Mestres,Brazil,170,70,31,73,73,36,31,37,69,55,32,58,51,69,71,60,78,72,49,64,77,78,43,36,64,68,66,58,50,52,40,14,15,6,11,14,1500000,611
Suat Serdar,Germany,184,75,26,82,84,73,74,85,80,70,76,75,75,62,75,73,69,81,75,74,66,72,81,70,75,70,74,78,52,53,65,13,15,8,5,10,11500000,312
Plamen Iliev,Bulgaria,182,75,31,18,13,12,20,33,55,14,22,39,42,17,27,19,50,38,52,59,48,57,78,19,48,12,16,19,15,15,13,65,64,63,64,70,47500,238
Jason Berthomier,France,177,74,33,75,73,53,51,69,73,70,57,74,76,76,76,74,65,65,49,73,64,75,85,66,71,67,75,73,78,72,69,10,14,14,8,14,2400000,641
Yuri Matias,Brazil,186,80,28,55,52,64,69,74,66,21,67,50,50,23,63,50,64,69,85,52,65,50,89,76,62,21,27,27,21,44,22,12,7,6,11,9,1500000,117
Halicharan Narzary,India,179,66,29,56,57,21,38,31,45,51,43,50,52,57,50,50,76,71,63,71,77,70,65,45,55,56,49,53,52,48,43,13,7,12,11,8,17000,321
Charles Lederos,Ecuador,183,74,23,61,65,44,47,63,68,68,48,76,71,68,72,66,51,47,46,64,55,63,49,48,54,59,65,65,73,71,67,12,11,10,10,14,1000000,418
Tyrell Malacia,Netherlands,169,67,24,74,78,81,81,77,74,58,77,60,70,70,76,59,82,83,72,90,83,84,86,58,65,50,62,50,48,46,59,8,9,9,12,8,19000000,396
Rafael Tol√≥i,Italy,185,75,32,70,58,82,85,82,83,40,81,50,86,44,69,68,64,82,82,66,70,61,76,83,75,40,62,41,70,64,30,16,11,12,16,8,17500000,86
Gabriel Sara,Brazil,177,78,24,76,73,50,59,70,65,72,45,72,67,64,71,70,73,65,77,76,81,67,71,68,84,67,72,70,68,50,62,6,14,14,10,9,2700000,433
Richard Tait,Scotland,179,77,33,56,56,57,59,60,57,49,58,38,58,60,56,56,62,78,68,59,62,66,53,51,47,28,44,37,58,41,28,11,10,16,10,7,27500,590
Jos√© Callej√≥n,Spain,178,73,36,78,72,32,32,54,68,76,54,78,79,77,76,65,74,65,58,80,75,82,70,69,78,70,70,74,70,62,84,11,8,5,14,11,2300000,285
Nikola Mileusniƒá,Australia,180,71,30,59,63,25,25,42,60,63,23,55,57,56,56,45,90,64,61,74,91,80,54,39,66,55,56,57,60,50,55,9,12,8,10,15,47500,104
Mads Kikkenborg,Denmark,197,93,23,17,11,12,12,24,56,6,9,52,28,16,26,23,30,26,67,44,28,34,49,12,49,9,9,11,11,15,10,60,63,59,65,64,35000,387
Gabriel Enache,Romania,178,73,33,59,59,59,60,64,56,59,56,59,53,62,61,60,68,62,64,62,68,70,48,54,66,56,60,63,62,59,56,11,7,13,8,8,30000,247
Lucien Agoum√©,France,188,72,21,75,73,59,69,64,69,66,70,71,74,58,76,69,69,74,69,60,60,66,55,59,59,51,58,57,42,51,43,12,7,12,11,15,1900000,188
Emmanuel Ochoa,United States,188,68,18,14,7,13,11,28,33,4,12,31,26,12,21,16,19,23,40,38,32,26,58,13,36,8,5,10,11,19,5,49,51,56,48,51,4000,534
Paolo Farag√≤,Italy,187,80,30,70,66,59,62,70,65,69,65,67,70,73,72,70,62,62,64,48,52,49,56,51,65,56,49,59,40,46,37,6,7,7,13,9,1000000,153
Julian G√ºnther-Schmidt,Germany,184,82,28,67,67,23,24,62,66,64,22,67,65,65,67,58,68,74,77,68,74,72,72,63,68,65,65,64,60,68,59,8,8,8,11,8,90000,548
Tiago Jos√© Geralnik,Argentina,178,69,20,64,63,39,37,37,57,60,31,62,57,59,68,65,61,56,49,66,61,63,42,41,55,53,52,61,67,64,50,10,7,11,13,7,42500,654
Patrick Drewes,Germany,194,90,30,18,12,16,15,35,69,13,21,39,47,15,25,28,30,41,77,48,29,31,40,15,49,14,12,18,14,26,15,71,73,69,65,75,1600000,545
Wang Ziming,China PR,187,76,27,58,60,26,34,45,56,57,20,55,54,44,55,41,79,66,82,74,82,69,72,60,58,60,56,51,42,63,53,14,13,9,10,10,37500,83
Haris Tabakovic,Switzerland,194,90,29,63,60,17,18,30,65,68,20,48,45,37,63,40,38,59,91,55,41,51,70,73,65,66,58,35,42,56,47,9,11,16,6,9,60000,248
Justin Lonwijk,Netherlands,189,85,23,68,67,56,60,64,66,66,60,68,68,55,71,67,69,79,78,60,71,70,58,60,68,60,64,60,46,48,56,11,7,9,8,7,1400000,186
Zak Johnson,England,175,78,19,38,50,48,47,48,48,46,52,36,38,45,33,29,66,60,52,78,63,62,58,40,29,25,28,30,31,39,22,8,14,11,14,12,5000,603
Muhannad Al Shanqeeti,Saudi Arabia,173,70,24,60,64,65,64,60,61,56,65,44,48,57,63,59,77,76,61,70,83,73,64,47,47,39,31,41,28,35,37,9,9,6,13,12,1100000,33
Roberto Arroyo Gregorio,Spain,179,67,20,67,65,12,19,55,47,64,13,46,57,29,60,42,69,51,44,67,74,51,66,52,61,68,54,32,30,59,59,8,9,11,10,8,42500,482
Mohammed Al Moqahwi,Saudi Arabia,179,70,27,14,12,11,10,15,54,7,12,48,35,11,19,23,38,27,50,50,40,32,61,13,40,7,8,11,13,17,7,54,57,53,53,58,11000,27
Matos,Spain,166,61,28,68,64,64,62,70,63,52,63,65,56,71,65,60,74,86,32,92,80,81,86,63,71,39,60,60,51,39,22,9,5,8,6,5,1300000,108
Enzo Lombardo,France,174,69,26,70,71,49,36,43,61,60,27,64,62,56,58,55,78,70,34,79,82,80,57,38,65,59,61,68,62,52,63,13,7,7,13,13,95000,532
Bryan Wittle,Ecuador,182,78,23,62,65,29,24,29,59,62,28,53,43,55,59,48,78,53,76,54,80,74,45,50,61,63,47,53,40,55,64,12,13,13,9,15,57500,118
Nikola Mara≈°,Serbia,189,79,27,58,49,74,73,70,62,28,64,46,68,31,70,51,63,72,77,53,65,64,80,72,48,38,29,24,28,32,28,11,10,9,12,14,1500000,164
Albian Ajeti,Switzerland,183,78,26,67,63,17,19,66,66,70,16,55,71,53,59,53,69,52,75,74,72,71,72,68,74,72,62,59,41,56,68,12,13,9,6,16,1600000,536
Johaneko Louis-Jean,France,175,66,19,54,57,62,65,57,57,44,62,45,43,46,61,49,71,60,45,73,67,54,64,50,23,28,22,44,30,41,26,6,12,6,8,9,37500,96
Marcelo Moreno Martins,Bolivia,183,86,36,69,67,23,24,71,61,69,24,65,65,58,69,55,49,66,82,54,52,71,75,75,80,78,70,57,69,76,70,12,8,8,9,15,80000,134
Mirlind Kryeziu,Kosovo,196,96,26,65,42,63,64,70,62,23,64,48,54,24,62,58,36,68,92,51,39,45,66,68,59,31,31,23,35,36,18,8,10,7,10,8,97500,244
Nyasha Mushekwi,Zimbabwe,188,70,36,61,56,19,29,72,70,75,36,60,65,43,60,46,72,69,81,56,82,65,85,85,76,76,56,48,35,61,62,10,15,8,14,11,1100000,682
Dong Honglin,China PR,188,72,27,51,51,21,33,29,54,50,26,51,44,34,49,38,80,57,56,72,71,82,73,53,47,55,51,35,34,61,43,12,11,13,7,5,12000,135
Anyelberth Vera,Venezuela,161,61,21,62,65,22,23,55,55,51,13,46,48,44,64,55,53,70,57,67,53,55,70,61,61,65,64,55,61,66,63,11,5,12,12,7,27500,193
Gregory W√ºthrich,Switzerland,192,88,28,60,47,69,72,75,68,36,71,50,66,37,61,60,54,70,90,35,52,56,82,67,41,33,34,30,29,39,32,15,7,9,14,10,2200000,536
Giulio Donati,Italy,178,76,33,63,59,73,73,82,71,49,73,51,66,70,66,68,64,54,68,69,66,62,66,68,65,30,43,55,46,51,47,9,16,15,8,8,1200000,413
Alex Roldan,El Salvador,178,70,27,68,66,58,60,68,65,68,64,65,68,68,66,65,74,83,64,72,72,70,68,45,63,56,56,61,33,41,38,8,10,6,14,6,1000000,578
Paya Pichkah,Sweden,190,78,23,62,57,56,59,62,54,41,56,51,56,55,66,61,61,65,56,72,63,67,65,52,48,39,38,44,38,41,39,12,14,9,9,5,35000,270
Amir Saipi,Switzerland,194,84,23,18,14,12,13,25,60,8,8,55,31,14,18,26,31,24,60,24,25,26,32,17,47,10,11,14,11,17,12,67,66,62,62,67,75000,223
Gustavo Pastinho,Brazil,183,75,31,73,74,35,37,50,63,71,41,52,72,68,50,49,83,71,70,65,80,73,68,46,50,77,73,45,62,63,67,9,10,8,12,12,1000000,334
George Marsh,England,178,68,24,62,60,57,59,70,60,55,62,59,60,57,61,60,67,73,60,68,61,65,73,52,60,53,54,52,43,49,44,5,7,14,9,10,27500,11
Mollejo,Spain,176,63,22,69,67,47,44,64,65,69,35,62,67,68,66,62,83,80,63,83,79,76,72,50,62,69,61,66,46,53,47,6,14,12,10,9,1900000,505
Charlie Patino,England,182,75,19,67,67,65,64,63,61,59,61,68,64,51,72,69,71,70,53,64,58,72,60,59,56,45,41,59,42,52,43,6,14,9,12,11,87500,90
Zainadine,Mozambique,178,70,35,65,58,71,74,81,72,42,74,39,64,58,64,59,68,80,72,70,73,64,90,73,68,30,59,65,68,45,51,15,13,13,14,13,1400000,398
Pablo Fornals,Spain,178,67,27,83,79,71,72,72,75,76,71,80,77,77,81,78,68,84,67,75,66,76,50,50,77,71,78,71,70,55,72,7,9,11,12,15,19000000,668
Rub√©n Sobrino,Spain,185,73,31,75,77,21,31,68,68,71,32,62,65,59,70,50,74,54,67,61,79,72,66,75,75,73,73,69,57,66,72,7,13,8,11,15,3000000,163
Harry McKirdy,England,175,67,26,62,65,35,32,70,59,64,32,59,63,59,58,52,92,71,34,85,91,89,51,54,63,65,55,60,53,56,58,12,12,9,13,8,95000,313
Ethyan,Spain,185,75,21,64,56,29,28,51,64,64,26,59,62,52,63,56,59,54,67,57,68,63,73,66,63,68,58,52,47,66,48,6,15,11,8,8,67500,67
Jony √Ålamo,Spain,175,64,21,63,66,62,59,63,64,41,59,63,55,52,70,67,63,54,36,74,63,63,64,58,56,41,41,50,45,55,46,10,6,11,8,8,47500,190
Luis Ingolotti,Argentina,184,81,23,12,10,12,14,16,55,6,12,39,45,13,24,17,33,30,45,46,28,39,57,12,41,9,6,12,12,17,5,60,64,63,55,64,42500,44
Diego Vald√©s,Venezuela,186,80,30,22,18,13,13,32,62,17,23,30,56,19,28,18,52,40,62,30,55,25,60,11,42,17,11,13,12,35,11,65,61,62,56,61,32500,173
Achraf Dari,Morocco,188,82,24,55,46,69,74,67,65,21,68,49,63,39,58,48,55,61,74,56,68,49,74,72,56,21,27,44,34,46,33,13,14,8,9,6,1400000,592
Mamadou Diaw,Senegal,185,75,22,61,61,25,26,48,51,55,28,51,58,42,51,41,84,58,81,82,82,76,77,54,58,56,50,44,41,48,50,11,7,11,8,8,27500,20
Ertuƒürul Ersoy,Turkey,187,82,26,48,49,64,66,77,65,28,63,36,58,23,62,53,54,71,80,54,48,48,77,71,45,22,29,34,29,33,31,10,7,13,16,7,97500,273
Andi Zeqiri,Switzerland,181,72,24,72,73,18,12,49,67,67,18,60,59,63,64,41,73,69,72,66,54,67,70,67,71,68,67,62,48,66,58,14,15,13,14,13,1400000,208
Alexander Ranacher,Austria,175,69,24,60,55,60,53,58,54,51,50,42,42,62,63,57,75,85,50,75,80,63,68,49,57,48,45,58,39,51,44,11,10,9,8,10,37500,660
Philipp Wiesinger,Austria,181,74,29,63,53,67,69,67,65,56,70,48,67,56,65,61,65,52,67,69,67,57,70,70,68,48,53,59,36,67,47,6,12,12,6,9,1000000,364
Omar Mascarell,Spain,181,76,30,76,73,69,77,69,75,72,74,73,68,53,78,79,62,76,70,72,52,74,73,59,72,58,68,61,65,63,56,10,6,7,9,11,5500000,190
Luca Waldschmidt,Germany,181,74,27,75,76,18,19,44,74,77,28,75,72,63,72,65,77,69,64,77,60,78,66,59,80,75,78,73,63,82,71,9,14,10,7,16,4700000,648
Saleh Al Shehri,Saudi Arabia,184,77,29,63,64,33,19,61,71,71,20,52,63,38,60,41,67,62,82,45,65,67,84,71,66,68,55,52,37,69,66,10,12,13,16,13,1200000,32
Dominik Ernst,Germany,178,73,33,58,52,61,58,85,54,45,59,40,48,61,62,48,73,90,64,75,74,73,74,53,54,36,46,54,48,52,36,10,6,7,11,8,52500,548
Galego,Brazil,176,70,26,67,69,47,49,57,62,58,46,61,63,63,61,65,72,57,46,69,68,56,58,43,65,57,50,57,56,59,56,7,14,7,14,7,52500,272
Louis John,England,188,85,29,49,41,60,61,62,58,38,59,39,54,29,51,42,63,74,80,44,67,46,74,63,51,22,34,39,53,37,25,9,10,16,13,11,35000,604
Josh Johnson,England,180,71,18,51,49,48,47,51,52,47,51,53,53,40,54,52,66,59,61,68,67,65,50,40,54,39,49,47,40,47,36,6,10,6,12,13,8000,447
Owura Edwards,England,168,67,22,61,67,31,32,40,51,59,30,59,59,56,57,48,86,61,52,81,82,80,55,42,54,58,49,47,44,55,43,6,15,13,8,9,57500,517
Morgan Gibbs-White,England,178,70,23,78,80,56,57,62,73,72,58,76,74,67,78,76,77,71,66,75,75,84,60,58,74,73,71,73,65,58,64,15,7,7,14,11,9000000,434
Virgil van Dijk,Netherlands,193,92,32,76,70,86,91,85,89,47,89,65,90,53,79,86,68,74,93,53,89,61,88,86,81,52,64,60,70,62,45,11,13,10,13,11,84500000,384
Joe Kizzi,England,185,80,30,60,57,55,59,47,58,57,57,54,57,60,58,56,69,83,76,63,67,56,82,53,52,51,53,50,46,48,43,12,15,15,12,12,42500,604
Imr√¢n Louza,Morocco,178,65,24,80,75,60,72,63,71,72,65,75,75,64,77,75,56,71,54,77,65,68,46,49,66,62,66,70,70,69,51,6,7,15,6,5,4800000,664
Asqer Afrden,China PR,180,75,19,53,68,23,25,47,61,48,21,36,41,41,41,27,88,81,63,65,85,79,48,45,57,55,38,37,38,47,48,10,13,8,10,15,17000,292
Lino Sousa,England,185,70,18,55,57,58,57,45,52,48,55,55,59,56,55,49,63,51,59,57,67,60,50,51,55,33,35,57,37,35,36,10,14,8,7,9,18000,58
Michael Obafemi,Republic of Ireland,169,71,23,67,68,15,23,60,69,68,13,61,65,50,63,44,85,61,66,89,78,82,69,63,70,71,61,58,41,67,63,12,11,11,13,9,1700000,109
Aaron Meijers,Netherlands,176,77,35,65,65,65,64,67,65,64,62,66,70,61,62,64,64,68,68,74,62,67,80,63,67,47,60,71,69,56,58,10,7,15,7,15,32500,583
Melvin Sitti,France,182,73,23,60,60,61,60,67,54,42,56,57,46,53,64,59,64,61,64,67,52,65,67,58,58,43,49,46,57,56,33,7,11,9,14,14,35000,192
Giuseppe Carriero,Italy,175,70,25,71,64,47,50,61,63,57,56,64,62,49,70,63,64,73,58,66,63,67,68,46,57,51,56,60,57,53,58,12,5,7,14,15,67500,144
Scott McKenna,Scotland,189,80,26,58,45,68,72,85,68,16,70,31,60,41,58,57,53,65,88,61,54,42,82,74,59,22,32,28,31,36,26,6,11,7,11,9,2900000,434
Kim Jong Woo,Korea Republic,180,73,29,67,65,55,56,57,70,66,60,70,67,61,70,65,69,75,42,71,74,73,64,54,66,57,66,61,66,60,59,12,12,8,14,15,1000000,470
Rong Hao,China PR,180,72,36,58,59,56,57,60,65,60,58,60,58,59,56,54,68,64,65,62,70,69,59,58,58,52,48,62,63,45,44,12,8,15,13,13,12000,292
Ra√∫l Navarro,Spain,174,66,29,66,62,64,66,74,64,61,64,62,63,65,72,66,66,76,59,77,65,71,64,60,64,55,51,48,44,56,47,8,8,7,9,11,1100000,108
Alex das Freitas,Brazil,172,76,23,68,63,75,72,69,68,40,76,43,70,53,67,75,68,74,68,65,64,67,78,53,60,49,68,45,48,60,50,8,14,16,9,7,2000000,48
Charles Dunne,Republic of Ireland,188,86,30,55,55,63,63,63,61,39,60,41,48,50,56,54,79,40,83,71,80,72,79,59,70,28,42,31,38,39,42,8,14,16,11,11,50000,590
Ryan Yates,England,190,77,25,69,64,69,71,86,68,58,75,63,65,47,71,68,55,90,80,55,68,65,84,75,61,60,56,43,34,55,50,6,10,8,6,11,4300000,434
Hamad Al Yami,Saudi Arabia,171,61,24,60,63,53,57,39,52,59,58,50,53,63,58,51,84,81,54,76,85,78,55,47,55,57,55,54,57,59,49,9,7,6,13,11,50000,32
Recep Burak Yƒ±lmaz,Turkey,185,78,27,45,43,60,61,63,56,24,59,28,50,32,53,51,60,60,62,56,64,50,69,59,45,25,26,27,29,30,22,9,9,8,6,12,23000,304
Wilfried Gnonto,Italy,165,71,19,76,79,19,21,59,65,67,25,61,74,58,70,64,88,66,67,85,85,86,64,62,72,70,67,52,46,63,58,10,11,9,10,13,2400000,374
Luiz Gustavo Dias,Brazil,187,78,36,72,68,77,77,80,71,56,75,65,83,64,73,72,55,79,80,62,51,64,77,72,80,55,76,58,60,57,54,12,10,6,11,13,1900000,36
Ahmed Sharahili,Saudi Arabia,185,77,29,64,55,65,68,64,69,34,69,49,69,51,67,56,72,85,80,67,78,72,84,75,24,31,27,32,26,41,28,14,6,12,9,15,1400000,33
St√©phane Diarra,Ivory Coast,173,58,24,70,74,55,57,61,57,65,44,61,66,65,70,62,86,69,37,84,85,83,58,31,56,65,49,57,56,60,46,13,12,13,14,13,1800000,222
Yoann Court,France,172,70,33,72,71,44,40,67,71,70,50,74,67,74,72,72,70,72,69,86,66,75,80,26,70,67,65,70,67,60,32,13,12,16,7,13,1900000,538
Manuel Capasso,Argentina,188,87,27,58,42,70,73,65,68,32,71,34,67,30,56,37,53,68,84,48,55,42,77,72,48,35,27,30,31,43,31,13,10,14,14,13,1800000,66
Emiliano Marcondes,Denmark,182,75,28,72,70,41,50,57,71,69,31,71,58,64,68,65,72,67,65,69,72,76,60,53,69,70,67,69,73,66,57,12,7,8,10,13,1700000,228
Pavel Kade≈ô√°bek,Czech Republic,182,81,31,74,70,74,70,76,78,70,69,72,74,80,73,68,77,82,76,67,72,66,81,76,64,34,41,57,52,54,57,13,10,11,14,7,6500000,613
Alaaddin Okumu≈ü,Turkey,175,70,28,64,65,64,67,53,62,53,62,42,47,64,63,58,67,55,62,78,68,68,60,50,60,40,50,60,55,48,55,13,14,14,10,8,70000,574
Sidney Raebiger,Germany,176,70,18,64,64,57,58,56,57,55,51,66,62,58,69,66,71,51,40,82,65,80,64,52,60,48,51,58,58,55,56,11,7,10,13,13,40000,268
Valent√≠n Vada,Argentina,175,71,27,65,64,60,66,70,69,71,67,69,68,68,68,66,66,75,80,78,62,74,58,52,68,68,66,73,74,75,64,16,8,13,15,6,1100000,505
Wayne Hennessey,Wales,198,90,36,23,8,13,18,21,66,14,22,58,55,11,29,41,40,29,68,51,41,48,41,14,56,12,10,12,11,17,10,74,73,74,75,70,35000,434
Ivanildo Fernandes,Portugal,193,83,27,54,46,68,69,77,69,31,69,40,62,37,61,52,55,72,89,29,62,31,71,70,45,21,25,27,30,39,27,9,12,6,14,5,1500000,240
Scott Robinson,Scotland,168,63,31,62,61,47,51,69,60,64,55,62,65,52,62,58,69,54,69,83,63,78,80,51,64,60,52,57,43,63,55,6,14,15,9,10,32500,358
Ahmed Kashi,Algeria,178,76,34,66,62,62,64,73,63,52,63,62,63,49,68,66,59,67,70,72,44,75,75,43,64,45,64,58,62,54,33,15,12,7,13,9,42500,204
Riquelme,Spain,174,66,23,76,78,38,32,58,68,70,44,74,70,69,74,66,78,55,43,80,76,83,55,46,73,72,73,70,54,55,65,9,9,10,8,12,5000000,281
Pablo Sisniega,Mexico,192,79,28,35,24,22,23,24,59,7,18,31,46,20,33,46,41,39,61,32,48,45,60,21,48,11,18,27,21,23,14,65,63,67,64,64,57500,136
Jaros≈Çaw Jach,Poland,189,78,29,56,52,62,62,74,57,43,61,39,53,48,57,62,47,47,82,54,54,51,76,67,57,40,48,40,54,36,41,8,8,6,16,14,50000,681
Rodrygo,Brazil,174,64,22,83,84,32,36,54,78,79,21,73,82,74,77,64,88,81,52,85,88,87,74,62,73,80,74,80,73,81,67,8,9,8,12,5,30500000,502
Rene Baderos,Venezuela,185,86,27,49,44,64,64,59,61,31,62,42,62,55,62,61,45,55,82,49,44,41,61,60,55,37,38,45,47,52,41,21,11,13,9,15,45000,172
Niclas Holm Pedersen,Denmark,180,69,21,53,56,25,25,32,42,52,19,49,50,48,49,42,68,45,48,62,69,73,55,39,58,51,35,39,38,49,42,10,12,11,12,6,11000,573
Alessandro Cortinovis,Italy,180,78,22,70,66,54,53,62,60,60,56,58,64,59,74,62,73,59,66,72,76,66,60,55,68,61,61,57,48,60,51,11,8,13,13,11,1000000,155
Sam Nombe,England,180,70,24,62,63,17,13,52,61,62,15,49,59,53,55,48,89,74,72,62,90,72,75,59,61,66,56,46,37,63,52,13,8,11,9,11,82500,200
Rolf Feltscher,Venezuela,184,85,32,61,60,60,61,78,61,55,64,54,56,60,64,59,57,74,84,62,61,61,82,59,60,35,56,64,49,39,49,16,10,14,12,7,42500,391
Szczepan Mucha,Poland,173,70,19,52,62,10,13,33,52,50,22,48,52,31,51,45,81,52,41,75,70,78,52,43,47,58,47,49,25,58,49,14,6,10,5,7,10000,465
Franco Petroli,Argentina,187,85,25,19,16,13,13,37,63,7,12,30,35,11,26,23,47,27,65,38,45,45,69,11,49,5,7,22,11,16,16,67,66,62,65,66,72500,509
Mathias L√∏vik,Norway,183,78,19,57,57,54,54,45,52,47,52,41,41,56,55,50,81,68,55,65,80,73,66,44,27,28,26,44,28,35,25,8,12,5,15,10,23000,411
»òtefan Radu,Romania,183,79,36,69,66,76,78,75,76,55,81,60,76,67,70,67,54,63,70,67,55,67,62,70,79,55,74,45,50,57,51,6,9,12,12,13,1100000,370
Kenny Nagera,France,177,65,21,66,64,16,25,37,54,61,22,52,59,51,57,39,87,54,45,68,79,72,79,61,67,62,58,53,43,60,53,13,12,10,5,6,55000,222
Ellyes Skhiri,Tunisia,185,74,28,77,76,71,79,77,78,68,85,67,75,67,79,74,65,91,67,64,63,74,76,75,75,73,72,72,55,58,60,14,15,14,8,14,16500000,0
Yasser Larouci,France,176,68,22,68,69,65,65,60,63,55,63,54,59,65,65,52,76,70,62,68,74,64,72,54,52,45,48,50,38,44,42,6,11,10,8,7,1300000,188
Tunay Torun,Turkey,176,72,33,68,71,30,42,39,60,62,44,63,62,68,64,63,66,50,61,75,65,70,72,56,70,57,66,66,73,56,58,6,7,14,6,14,57500,355
Pedro Ferreira,Portugal,183,79,25,66,61,67,69,78,64,53,70,59,64,44,66,63,65,81,77,66,67,54,77,53,48,42,43,51,40,43,38,11,12,11,8,14,1400000,19
Ryan Christie,Scotland,178,71,28,74,75,70,69,79,68,73,63,72,77,72,73,68,79,73,77,81,77,78,66,53,76,71,70,75,71,74,50,7,13,9,12,8,4500000,9
Yoon Jong Gyu,Korea Republic,173,65,25,60,61,60,63,63,61,59,61,62,47,61,58,53,82,65,57,75,76,70,70,49,32,40,41,52,34,29,23,6,12,11,5,15,75000,278
Estev√£o Candeira,Brazil,176,73,27,69,68,71,72,69,69,65,72,66,72,76,71,69,76,86,59,73,77,71,65,62,73,52,60,64,63,55,50,9,14,13,12,10,5500000,259
Bradley Dack,England,173,71,29,74,73,48,56,75,65,74,55,71,75,68,71,67,74,54,77,78,67,78,58,64,70,70,68,73,69,62,61,16,10,7,15,9,1900000,89
Ma√Ødine Douane,France,175,72,21,60,62,27,29,46,51,41,22,54,61,53,51,55,59,49,44,69,59,59,51,34,55,45,47,52,49,51,44,10,15,7,14,13,12000,225
Gerson Arm√£o,Brazil,186,73,23,72,71,75,77,94,72,57,67,56,77,76,77,67,77,89,67,58,80,68,78,77,84,54,77,81,77,77,71,8,9,16,8,10,15000000,334
Zaydou Youssouf,France,182,81,24,77,78,61,68,72,67,68,69,71,70,62,75,73,64,76,72,73,64,73,67,47,72,53,53,66,65,55,55,12,13,9,10,11,2700000,217
√Ålex Pozo,Spain,173,62,24,72,74,68,72,39,68,65,62,63,55,71,71,64,76,74,33,83,74,88,65,67,70,69,69,59,54,58,64,12,10,13,7,15,2500000,628
Rodrigo Guth,Brazil,191,80,22,51,45,68,71,57,71,30,70,41,68,41,64,59,64,65,73,63,65,59,76,65,49,33,38,35,34,52,32,14,8,7,6,7,1200000,264
Ibou Touray,Gambia,177,68,28,57,60,56,58,56,56,54,57,55,59,60,56,53,82,88,61,77,85,81,88,51,57,48,50,61,58,48,45,11,10,10,10,12,57500,550
Brandon Cooper,Wales,185,84,23,45,37,63,64,60,58,33,62,38,48,34,53,51,52,50,75,59,55,45,67,63,41,29,29,35,28,48,37,9,8,9,9,8,50000,262
Sultan Farhan,Saudi Arabia,175,72,26,60,53,63,65,81,57,46,65,53,53,36,61,61,61,83,77,72,65,67,72,51,63,38,36,34,29,27,32,12,15,14,17,13,70000,37
Rodrigo Delvalle,Paraguay,180,82,22,45,25,61,65,55,55,22,57,27,47,28,55,50,55,55,72,53,55,46,74,59,32,23,18,20,20,33,23,9,6,13,6,6,25000,134
Lukas Sedlak,Germany,190,84,23,18,20,7,12,25,47,5,15,30,30,12,24,20,18,25,57,20,30,22,52,8,44,8,7,14,12,17,8,55,59,55,58,62,18000,216
Nunzio Lella,Italy,186,81,23,65,62,48,49,46,55,45,48,48,60,42,62,69,64,46,66,54,63,56,54,45,53,47,42,53,40,45,48,6,8,12,14,10,19000,120
Nelson Palacio,Colombia,178,75,22,70,62,62,68,63,70,64,66,66,54,53,70,65,70,77,60,70,71,70,60,53,60,64,62,44,53,49,45,5,12,10,6,12,1400000,63
Mark-Anthony Kaye,Canada,185,77,28,73,72,64,71,72,69,68,69,69,65,56,73,71,70,82,73,57,72,68,66,68,62,53,49,56,37,46,44,6,14,10,9,6,1700000,621
Jayson Molumby,Republic of Ireland,176,68,24,70,66,58,65,74,69,58,65,62,64,49,73,71,65,72,56,65,63,67,44,48,54,48,51,46,42,57,45,12,8,7,10,9,1200000,667
Braian Mart√≠nez,Argentina,170,75,24,68,73,37,40,62,65,70,33,58,75,57,66,56,84,50,68,86,78,82,58,58,67,65,61,65,51,66,59,10,12,12,12,5,1400000,330
Rodrigo Vera,Paraguay,178,73,27,65,60,55,63,57,65,65,60,60,50,47,67,63,65,70,59,71,60,60,70,52,65,59,63,35,44,43,32,6,14,11,6,14,62500,147
Claudio Bravo,Chile,184,80,40,32,22,19,18,40,72,16,23,70,64,12,59,61,58,39,69,62,54,63,81,18,62,13,17,25,38,23,11,79,77,79,83,80,45000,500
Joe Hodge,Republic of Ireland,172,65,20,61,58,57,59,70,60,53,60,60,61,56,63,63,71,65,53,79,68,74,57,48,57,41,51,43,41,53,40,15,12,8,5,8,27500,676
Mattie Pollock,England,190,80,21,46,40,63,65,65,61,28,62,25,56,35,57,53,54,70,84,42,54,46,75,66,37,18,15,24,22,38,23,6,6,10,8,7,70000,21
Strahinja Pavloviƒá,Serbia,194,84,22,68,63,74,73,78,72,34,70,31,68,53,60,58,59,63,86,42,69,43,59,72,56,43,36,39,38,43,25,10,12,14,8,13,3100000,485
Christian Norton,Wales,175,70,22,58,59,30,32,37,55,54,35,54,51,36,55,49,84,63,52,68,81,60,49,52,59,58,55,54,39,58,55,8,6,12,8,13,24000,139
Charlie Austin,England,188,84,34,68,62,22,37,66,69,71,44,58,68,56,60,46,47,34,80,52,49,60,74,72,76,70,65,59,49,78,68,9,9,11,7,13,97500,609
Kemar Lawrence,Jamaica,178,73,30,65,62,63,63,73,65,58,64,46,57,66,68,61,83,75,76,71,84,78,86,58,70,36,53,68,67,33,41,9,14,7,13,9,1200000,408
Tom Bradshaw,Wales,178,71,31,70,63,31,24,49,71,71,20,46,66,45,65,45,78,82,69,82,79,84,80,69,68,72,62,38,37,73,67,11,12,12,16,14,1600000,407
Connal Trueman,England,186,74,27,29,21,24,22,29,56,12,23,37,33,18,41,46,47,35,40,65,44,39,55,23,45,15,17,16,20,26,12,63,66,64,60,68,57500,407
Pablo Chavarr√≠a,Argentina,185,80,35,66,64,48,37,69,66,69,28,70,68,67,65,62,62,75,77,67,68,70,80,69,68,66,63,59,58,68,63,13,9,15,11,7,50000,419
Moussa Demb√©l√©,France,183,79,27,74,73,16,14,75,80,84,22,69,76,50,74,50,69,74,83,62,75,65,84,84,81,82,65,69,58,79,77,10,7,13,11,8,20000000,439
Fl√°vio Rebeilo,Brazil,175,69,31,69,71,69,72,59,69,56,66,50,67,70,66,57,74,80,53,77,83,74,75,54,54,35,48,43,57,55,38,10,9,9,8,11,2000000,555
Landry Dimata,Belgium,185,81,26,69,68,30,38,76,67,74,30,67,69,62,70,58,77,71,83,67,76,71,76,73,78,70,63,45,38,75,66,5,12,15,12,10,2700000,420
Tim Handwerker,Germany,182,74,25,66,66,67,69,61,65,56,66,55,61,65,60,58,84,89,66,69,79,70,66,52,63,42,59,69,59,36,43,7,11,11,15,10,1700000,2
Eric Martel,Germany,188,81,21,66,57,70,72,75,58,42,68,60,57,52,67,63,65,80,70,69,67,67,73,67,53,38,55,46,43,38,35,5,5,10,13,15,1400000,0
Muteb Al Harbi,Saudi Arabia,177,60,23,69,70,58,59,40,57,67,56,67,54,69,67,56,87,87,58,68,92,84,64,41,58,59,44,62,38,41,39,15,6,9,9,14,1300000,38
Anel Ahmedhod≈æiƒá,Bosnia & Herzegovina,195,84,24,65,59,75,71,74,72,37,74,60,74,45,71,65,72,73,81,52,82,72,71,72,57,36,32,44,34,45,31,11,7,10,8,9,3100000,568
Anibal Levipan,Ecuador,186,80,35,66,64,42,33,56,58,72,39,43,75,49,58,45,51,62,71,51,67,41,70,71,74,70,60,46,54,61,67,13,8,7,9,11,50000,171
Juan David Perea,Colombia,177,72,21,59,62,27,26,42,52,58,29,48,53,58,60,54,76,57,65,72,80,74,60,40,64,51,49,52,43,61,46,7,9,11,15,6,37500,112
Aaron Connolly,Republic of Ireland,175,73,23,72,69,15,18,68,72,70,16,47,63,40,65,42,78,67,61,76,73,77,71,65,73,68,67,32,43,61,67,13,12,8,12,12,1700000,318
Michael Nottingham,St Kitts Nevis,193,88,34,55,55,64,66,68,62,46,67,43,60,55,59,51,52,65,81,33,62,44,66,65,51,32,25,41,23,32,23,12,10,7,11,12,40000,23
Henk Veerman,Netherlands,201,90,32,62,58,21,18,69,72,72,29,48,68,29,65,43,67,56,89,31,74,34,71,72,72,71,59,29,40,62,55,8,16,15,8,11,1300000,241
Lukas Daschner,Germany,182,76,24,67,67,34,40,52,60,56,55,68,58,53,68,61,73,70,62,78,72,75,74,55,61,65,61,51,38,40,54,11,6,14,7,7,97500,236
George Byers,Scotland,180,73,27,67,63,62,64,53,65,60,59,68,70,43,70,66,56,75,65,70,62,70,54,43,62,60,67,64,54,51,53,16,15,10,10,8,92500,569
Jake Hastie,Scotland,181,75,24,59,60,34,32,50,55,55,24,58,54,59,56,49,73,60,50,75,75,71,32,34,63,55,57,51,52,49,47,7,13,14,13,9,27500,303
H√©lder S√°,Portugal,186,80,20,65,66,62,64,51,62,48,63,60,52,66,62,57,69,68,72,57,68,59,56,53,51,33,45,63,40,45,40,15,13,10,14,7,85000,656
Joe Scally,United States,184,80,20,69,71,72,74,70,69,57,69,59,61,71,67,58,79,73,67,75,73,77,60,61,43,43,45,60,28,39,25,10,12,7,10,10,3000000,388
Luke Woolfenden,England,193,80,24,62,59,64,67,68,65,56,68,52,66,52,64,63,65,72,85,52,68,38,71,63,44,30,28,39,33,45,27,6,9,11,6,10,1200000,335
Alejandro Sola L√≥pez-Oca√±a,Spain,178,75,24,69,72,64,59,74,67,66,63,59,69,62,61,58,76,87,68,67,69,69,74,55,51,68,52,61,31,46,36,12,8,5,5,14,1300000,504
Formose Mendy,Senegal,191,79,22,65,50,66,68,55,50,30,61,37,45,48,67,50,68,70,74,52,79,57,75,69,35,30,35,30,25,37,30,7,8,12,7,15,75000,47
Franck Elimane Kanout√©,Senegal,186,78,24,69,69,60,65,69,61,39,67,61,67,45,67,66,60,64,77,67,61,67,73,65,75,51,70,54,62,42,38,14,13,13,13,12,87500,246
Y√©iler G√≥ez,Colombia,179,75,23,72,71,65,67,70,66,67,61,68,72,59,73,71,72,57,70,66,69,65,73,56,58,52,52,48,44,49,34,8,9,15,15,6,1300000,63
Hendrik Weydandt,Germany,195,94,28,60,58,28,36,65,64,65,24,56,55,30,54,34,68,70,92,35,84,47,70,74,71,66,50,36,33,50,64,13,12,5,15,9,1100000,300
Ryan Broom,Wales,177,80,26,63,65,57,59,62,63,63,62,65,62,60,66,64,86,78,59,80,81,82,56,48,59,62,64,58,54,55,47,8,15,7,10,10,77500,139
Alaa Al Hajji,Saudi Arabia,176,72,27,63,62,53,50,41,52,59,52,60,56,53,62,64,67,73,56,68,65,67,66,59,56,55,57,52,56,51,53,13,6,10,11,13,27500,41
Daam Foulon,Belgium,180,78,24,68,64,67,65,65,62,55,60,57,57,74,65,65,74,68,66,71,73,70,73,52,42,24,40,60,62,34,24,10,8,7,11,12,1300000,84
Casper H√∏jer,Denmark,184,75,28,73,70,67,68,68,74,70,69,75,71,77,75,76,77,78,74,70,76,69,84,48,85,64,76,80,76,59,53,11,14,12,14,11,5500000,582
Miguel Fal√©,Portugal,178,78,19,62,67,47,45,45,65,62,35,61,57,57,61,60,74,61,69,70,73,71,63,53,60,61,46,57,43,62,53,14,10,10,14,7,50000,524
Kristijan Kahlina,Croatia,188,74,31,15,6,11,12,25,45,4,9,53,36,10,21,19,21,24,43,33,21,24,47,10,50,7,9,12,11,16,5,67,63,69,66,67,50000,136
Yannik M√∂ker,Germany,180,76,24,62,55,54,61,55,56,61,60,53,57,49,62,60,78,82,67,83,70,71,61,51,52,55,52,48,38,43,28,12,13,7,6,14,42500,252
Liam McGing,Australia,188,78,24,48,33,53,57,54,56,29,59,33,48,24,52,44,59,66,72,51,44,44,75,56,38,22,23,21,22,37,21,8,8,12,9,13,21000,257
Sumeet Passi,India,179,73,28,43,51,31,34,39,51,57,43,43,45,35,38,33,66,33,62,58,68,58,56,47,50,52,47,37,33,58,47,9,8,6,13,10,9000,189
Berkan K√ºpelikƒ±lƒ±n√ß,Germany,172,69,20,58,63,60,63,49,55,49,52,38,43,52,58,57,61,57,45,61,64,59,61,53,54,32,45,44,33,48,33,8,6,7,12,11,22000,273
Omir Fernandez,United States,170,64,24,68,72,41,48,49,53,65,44,58,57,57,66,50,81,54,58,78,80,80,62,50,58,56,45,53,42,46,40,7,14,15,12,10,67500,506
Miguel Reisinho,Portugal,184,78,24,67,62,59,63,63,60,58,54,67,64,51,69,67,54,61,74,57,53,61,71,57,59,49,50,58,47,63,45,6,6,5,6,7,67500,91
Leigh Broxham,Australia,170,65,35,54,55,61,63,76,55,51,63,49,65,48,57,54,44,91,81,71,35,50,88,55,56,47,51,52,49,61,48,7,16,7,16,10,16000,400
Henrik Castegren,Sweden,185,62,27,52,49,62,63,70,58,50,61,48,52,52,57,56,60,53,74,40,65,60,81,60,42,26,28,43,28,39,27,10,7,8,11,15,45000,373
Anton Dworzak,England,181,71,18,50,46,43,48,43,49,47,44,51,49,40,54,53,62,43,66,67,65,63,53,47,54,42,50,45,42,44,36,10,8,9,11,12,4500,609
Kevin O'Toole,United States,178,75,24,49,64,46,48,34,38,40,49,47,53,49,50,40,65,55,57,67,65,65,46,38,57,58,37,37,32,48,49,14,10,8,8,9,11000,425
Jordan Williams,England,179,75,23,64,65,64,67,55,65,58,65,60,58,60,59,53,73,74,66,67,76,69,71,54,45,44,48,48,31,35,36,12,6,9,5,5,1100000,79
Luquinha,Brazil,167,65,22,74,74,32,37,42,66,66,24,77,71,77,73,70,79,63,39,90,73,91,56,30,67,60,56,64,65,60,60,6,6,8,15,6,2800000,472
Lee Jin Yong,Korea Republic,180,73,22,64,58,58,66,49,61,45,63,63,49,35,66,65,57,83,64,64,62,61,71,52,46,41,56,35,35,36,33,15,15,10,14,9,55000,166
Kevin Mac Allister,Argentina,175,72,25,71,70,74,75,80,72,66,72,64,71,59,71,58,82,90,73,77,71,82,83,71,57,53,55,38,41,45,37,12,8,6,7,8,4200000,55
Dimitris Limnios,Greece,178,71,25,72,74,35,39,50,66,69,26,67,63,65,68,55,76,68,55,79,69,77,55,56,70,65,68,60,66,55,70,12,15,8,7,5,1800000,0
Samuel Loric,France,183,73,23,62,62,71,69,60,53,54,60,46,47,56,50,46,66,58,45,73,69,61,66,50,25,34,35,31,31,40,25,8,9,11,12,9,62500,477
Florian Martin,France,180,84,33,66,63,39,57,57,67,61,58,66,64,67,67,67,61,33,68,78,57,68,61,41,71,63,72,70,75,69,69,14,15,12,14,12,37500,641
Martin √òdegaard,Norway,178,68,24,87,86,51,49,63,77,81,65,89,78,84,89,84,78,81,56,83,71,85,46,52,80,76,78,83,85,63,76,8,14,15,15,10,62000000,58
Marco Reus,Germany,180,71,34,86,86,59,47,51,86,84,56,86,86,84,85,79,74,72,66,81,63,82,68,44,86,84,81,88,85,79,87,13,12,12,13,11,33500000,97
Marcel Schuhen,Germany,188,85,30,27,22,18,16,26,72,17,18,55,63,19,30,28,55,40,78,48,50,47,64,14,55,19,13,15,20,26,14,69,74,69,73,76,2100000,541
Orel Mangala,Belgium,178,80,25,82,83,70,70,71,78,64,72,76,80,61,78,73,76,74,70,85,55,79,67,51,66,43,68,65,50,42,50,7,7,6,7,10,6500000,434
Christian Mathenia,Germany,190,89,31,23,15,12,12,31,68,15,19,37,54,15,33,25,46,42,69,39,44,35,55,14,41,12,15,15,15,23,16,72,73,68,54,77,1600000,2
David Raya,Spain,183,75,27,40,17,13,14,29,72,15,11,66,64,12,53,60,64,29,38,45,46,68,77,20,60,19,14,18,15,26,20,76,76,75,80,78,8500000,101
Stefano Sabelli,Italy,176,70,30,59,56,71,69,64,70,54,65,54,69,63,62,57,72,83,62,78,76,70,70,58,35,35,47,58,50,48,37,7,10,9,10,11,1400000,274
Zakaria Naidji,Algeria,177,71,28,68,65,22,26,36,63,61,31,50,59,39,60,40,74,72,58,72,70,76,64,63,71,69,67,64,58,68,54,9,13,12,13,14,92500,593
Pablo Piatti,Argentina,163,63,34,73,75,38,35,63,73,74,51,70,70,72,73,70,76,55,38,88,75,74,73,71,75,72,74,75,58,64,71,8,10,8,13,10,1900000,195
Florian M√ºller,Germany,190,88,25,24,18,12,11,25,70,11,19,42,38,12,32,27,43,34,67,41,43,42,58,11,54,11,12,13,12,19,10,71,74,70,72,80,3600000,645
Niklas Hult,Sweden,173,63,33,70,70,65,69,65,67,64,67,65,72,68,71,65,80,76,56,81,62,77,78,50,67,58,57,65,51,50,56,16,7,8,13,15,1100000,322
√âric Bocat,France,182,71,24,63,63,60,62,61,61,56,63,58,60,62,63,58,74,66,58,73,72,69,69,53,58,48,50,59,44,47,46,8,13,15,7,12,77500,540
Luis Cardozo,Paraguay,180,75,34,66,44,69,71,64,63,22,73,27,66,44,63,44,77,66,80,61,77,62,90,60,38,35,39,34,28,34,29,9,13,12,10,14,75000,380
Sol Brynn,England,184,80,22,14,8,12,14,24,57,8,6,39,40,14,24,25,33,27,40,44,29,31,67,14,46,9,9,11,14,15,6,62,63,60,61,64,42500,609
Gabriel Mutombo,France,191,75,27,48,35,63,67,70,55,21,60,33,48,31,60,49,38,62,82,52,34,31,49,63,37,19,28,30,38,37,29,11,11,13,10,13,45000,211
Benedikt Gimber,Germany,187,85,26,60,49,69,73,80,68,39,69,61,60,47,69,67,65,76,79,63,65,65,90,66,62,44,54,30,29,28,28,7,7,16,15,13,1800000,337
Ioannis Fetfatzidis,Greece,165,66,32,74,72,20,30,50,54,62,25,70,61,68,71,60,74,61,44,90,70,80,72,25,64,54,66,67,62,61,64,13,10,5,7,15,1000000,539
George Nurse,England,181,78,24,59,58,63,65,60,56,53,63,54,56,53,64,60,79,72,69,73,77,76,91,61,57,53,54,56,49,52,43,9,6,11,6,9,75000,572
Leon Flach,United States,178,75,22,68,69,69,73,67,69,58,69,65,61,52,70,65,78,85,56,70,85,72,50,50,60,54,55,57,41,35,41,7,7,7,13,7,1400000,464
Nico Gonz√°lez,Spain,188,86,21,75,74,68,76,80,75,70,75,78,74,62,82,76,64,72,82,54,68,64,68,68,66,63,61,50,59,54,51,12,14,14,10,7,6500000,640
Mahamadou Doumbia,Mali,186,66,19,66,58,40,41,38,50,51,41,58,61,44,64,54,72,51,48,73,70,76,53,39,49,45,43,45,40,35,40,6,6,7,6,7,23000,228
Le√¥ncio Lobeiro,Brazil,179,73,23,72,76,27,29,56,66,57,22,69,65,66,69,39,85,68,65,82,81,78,69,36,73,64,61,73,65,49,56,9,8,6,7,10,1900000,259
Iv√°n Franco,Paraguay,171,66,23,73,70,25,22,78,66,67,45,67,51,43,65,47,81,52,57,80,80,81,62,61,72,65,66,57,59,46,54,15,11,7,13,11,1700000,316
Thomas Mikkelsen,Denmark,190,85,40,40,22,12,17,27,53,15,22,59,45,16,48,48,30,32,72,39,35,32,48,14,49,16,16,18,18,30,18,66,63,64,65,66,1500,107
Mehdi Boukamir,Belgium,188,78,19,50,45,59,61,56,53,16,59,22,47,24,50,37,62,58,52,66,64,57,70,58,35,19,25,23,17,44,20,14,14,6,14,14,15000,580
Harlee Dean,England,191,75,32,55,48,63,65,74,62,34,65,40,68,17,61,56,55,65,75,55,51,57,79,66,60,25,30,26,32,21,23,12,16,16,16,16,70000,88
Nelson Deossa,Colombia,178,71,23,70,62,66,68,68,68,42,61,59,48,48,74,68,63,76,62,70,70,67,59,55,70,42,64,50,40,50,45,8,9,8,14,11,1300000,63
Pol Lozano,Spain,177,62,23,72,66,66,67,75,68,64,66,75,65,55,75,70,74,86,68,76,73,76,60,46,73,55,64,63,45,50,40,11,8,7,8,14,2500000,285
Elias Achouri,Tunisia,177,70,24,63,74,26,29,32,63,64,22,62,50,62,60,57,80,66,47,71,82,74,40,46,63,65,56,58,41,60,52,15,13,11,6,14,1200000,649
Erik Due√±as,Mexico,163,54,18,48,51,48,49,39,42,41,44,34,40,44,41,33,72,53,30,94,72,81,64,34,31,26,27,36,28,32,19,8,10,6,7,15,5000,363
Fankaty Dabo,England,181,76,27,67,70,65,69,80,67,68,65,62,66,66,67,59,75,62,74,67,73,64,75,61,59,44,48,60,40,42,39,7,8,13,8,14,1400000,156
Sergiu Hanca,Romania,182,80,31,66,65,60,60,66,65,60,52,66,65,65,67,65,79,71,71,86,78,86,70,61,68,64,60,69,60,66,61,9,6,9,10,5,97500,636
Salim Ben Seghir,France,174,57,20,65,74,30,29,27,72,64,28,48,47,69,64,54,70,37,31,76,63,64,51,52,73,72,59,72,74,66,51,5,6,6,13,11,92500,641
Santiago Visentin,Argentina,187,74,24,43,29,60,64,64,54,22,58,33,50,26,48,49,54,63,74,52,55,48,72,62,40,22,21,27,24,40,24,13,6,10,13,11,25000,144
Herbert Bockhorn,Uganda,177,76,28,65,65,62,64,57,58,62,64,60,57,66,67,64,76,74,65,83,89,75,67,59,61,62,63,61,38,37,37,15,7,9,11,9,1200000,1
Daniel Rojas,Bolivia,169,71,23,62,61,60,67,75,63,61,58,60,55,43,69,65,53,80,78,64,51,72,60,59,68,58,65,63,68,68,55,9,8,14,9,16,67500,436
Sebastian Ohlsson,Sweden,181,77,30,63,62,65,66,68,64,46,59,44,63,54,62,59,71,73,67,69,58,63,63,58,67,59,65,62,50,51,57,12,7,7,9,16,62500,323
Davy Roef,Belgium,188,88,29,25,18,18,11,28,70,11,12,53,46,11,37,53,53,33,68,49,48,45,65,11,53,14,12,11,19,30,14,71,72,73,71,70,1700000,343
Yusuf Demir,Austria,173,65,20,76,77,11,18,54,65,55,19,67,68,64,66,58,86,58,43,89,79,90,76,43,63,65,65,66,58,56,56,6,12,11,6,15,2000000,271
Nahuel Leiva,Spain,175,70,26,67,68,17,22,51,63,64,35,69,70,65,67,64,86,62,57,88,84,89,74,44,71,66,70,70,71,59,66,12,8,11,12,13,1400000,688
Ricardo Moraganoz,Peru,175,71,23,58,51,63,67,64,55,36,63,43,59,50,53,46,72,65,61,78,69,76,59,61,44,27,29,45,32,37,26,9,7,10,7,14,62500,72
Thiago Cionek,Poland,183,80,37,56,46,72,71,68,64,30,72,36,65,35,55,52,51,54,79,59,51,53,92,65,31,22,26,31,25,39,34,9,6,8,8,16,27500,507
Santiago Rojas,Paraguay,189,93,27,14,11,13,13,26,69,7,13,68,35,13,15,20,25,26,46,42,25,36,82,14,53,7,7,10,14,17,6,73,74,71,70,74,2400000,619
Florent Hanin,France,177,73,33,66,66,66,67,68,67,60,64,67,70,67,68,64,81,81,70,75,78,80,74,58,59,38,45,69,54,25,33,11,6,11,12,12,1100000,453
Magnus Kaastrup,Denmark,176,71,22,67,64,34,30,65,61,60,28,62,62,56,65,60,75,62,52,78,75,76,69,39,56,57,50,57,48,45,50,11,14,7,13,6,70000,387
Patricio Pernicone,Argentina,183,77,22,53,45,67,66,65,55,27,57,37,48,33,54,49,64,60,63,57,62,56,68,57,45,27,31,35,30,41,33,9,10,15,10,13,32500,657
Kristian Thorstvedt,Norway,189,84,24,75,75,58,69,73,70,70,67,69,71,58,76,72,61,78,85,42,65,65,70,72,78,71,75,70,57,52,65,6,13,8,10,12,3500000,558
Collado,Spain,183,71,22,65,67,31,30,31,57,72,29,57,51,58,61,58,65,65,55,63,65,66,62,63,68,70,64,57,59,63,57,9,11,6,14,14,1000000,654
Marcel Risse,Germany,183,75,33,66,67,63,66,60,65,67,66,68,68,70,67,66,55,53,65,70,61,67,71,52,75,65,65,75,72,72,67,11,11,7,14,8,67500,651
Grant Ward,England,178,73,28,65,65,53,60,47,66,62,61,67,62,65,65,62,70,68,61,74,70,69,72,51,66,60,64,58,57,54,47,8,9,9,6,12,62500,106
Ryan Trevitt,England,170,65,20,62,64,39,43,53,46,58,30,63,58,50,60,51,62,55,54,62,55,58,37,32,61,62,47,42,42,45,41,11,7,6,11,7,25000,101
James Wilson,England,183,73,27,61,59,24,22,34,57,64,24,58,63,53,56,52,69,75,74,70,72,69,59,63,68,63,61,59,42,61,58,8,9,15,14,16,52500,471
Adrian Scarlatache,Romania,184,80,36,50,45,62,63,67,63,56,63,52,58,63,54,52,52,74,79,55,52,60,75,64,40,38,22,39,31,51,32,11,14,9,13,16,15000,119
Bilal Boutobba,France,172,65,25,75,76,12,13,23,51,65,16,66,60,66,72,70,76,63,34,90,72,92,34,48,66,70,69,68,65,69,72,15,12,9,14,11,2200000,430
Avil√©s,Spain,180,72,26,71,68,22,21,25,56,60,19,58,57,66,66,65,70,56,58,54,71,65,34,44,66,66,50,46,42,51,35,9,9,14,6,11,97500,113
Calum Waters,Scotland,173,72,27,58,58,61,59,55,58,55,57,51,44,61,56,47,68,75,59,76,74,73,61,47,26,26,25,48,33,33,25,10,14,13,8,14,47500,358
Sven Kums,Belgium,176,73,35,76,70,62,67,69,70,66,75,73,81,75,77,76,54,72,63,73,42,68,55,62,73,66,71,76,74,68,67,14,10,14,15,7,1400000,343
Balthazar Pierret,France,186,82,23,63,59,62,64,60,59,45,61,55,44,39,64,61,70,65,66,53,62,64,66,59,59,45,54,41,37,34,31,11,11,10,15,14,50000,477
Florian Kastenmeier,Germany,192,85,26,18,12,13,10,16,69,8,20,42,32,10,15,19,26,25,68,28,25,21,57,14,50,6,9,14,14,12,5,67,69,64,67,70,1100000,187
Scott Tanser,England,182,70,28,61,62,62,58,43,59,57,57,60,61,67,59,59,76,75,56,75,76,72,69,52,63,53,57,65,76,76,39,10,10,7,7,15,70000,590
Lucas Zahaczewski,Germany,186,90,22,19,12,12,14,24,46,8,12,31,38,11,26,29,30,16,36,33,28,30,51,10,42,6,5,14,14,12,8,58,58,56,56,59,14000,581
Franco Fr√≠as,Argentina,174,68,21,67,64,25,27,36,59,59,21,49,50,53,57,55,75,63,49,74,69,65,59,56,62,65,59,55,40,48,53,7,6,14,6,9,45000,515
Marcel Guaramato,Venezuela,174,71,29,60,46,63,65,70,55,42,70,40,62,68,63,46,84,59,70,55,84,70,70,55,31,32,22,50,26,32,32,14,10,7,6,7,1100000,193
Guilherme Garutti,Brazil,192,86,29,46,28,56,62,66,57,52,61,50,50,26,51,45,55,75,85,48,58,52,87,67,53,45,48,30,31,38,28,10,9,5,14,9,42500,119
Tom Glover,Australia,190,90,25,15,10,10,12,22,60,7,15,44,43,11,25,28,16,17,42,36,31,26,63,10,45,7,6,13,10,14,9,64,64,54,60,68,40000,401
William Kenndal,Sweden,173,65,27,65,61,60,62,63,62,50,62,63,65,56,67,64,67,75,56,70,74,77,56,49,57,39,42,55,49,47,49,8,11,12,15,13,70000,325
Murtaz Daushvili,Georgia,176,72,34,66,39,54,60,56,70,50,60,54,60,42,72,57,62,68,56,74,60,72,51,40,33,32,39,49,45,52,29,12,11,6,16,15,24000,53
Matthew Sutton,Australia,188,78,23,16,9,12,14,19,52,5,8,31,42,14,18,15,27,32,32,42,15,22,59,12,40,7,9,12,13,18,8,52,57,53,53,56,11000,401
Jon Gallagher,Republic of Ireland,175,71,27,62,62,55,60,51,61,56,55,57,53,59,61,56,74,79,57,70,85,75,56,43,61,53,54,52,40,56,49,9,8,12,5,12,57500,69
Domagoj Paviƒçiƒá,Croatia,178,76,29,69,65,60,62,65,52,63,52,66,68,50,70,67,60,45,59,43,65,55,58,38,57,57,45,45,46,51,44,16,12,12,7,15,47500,359
Marwane Saadane,Morocco,188,83,31,69,56,63,69,83,58,36,64,49,62,54,68,72,58,85,83,59,57,63,75,69,61,45,50,43,54,69,38,15,7,10,14,5,1100000,30
Marc-Aur√®le Caillard,France,191,87,29,24,11,9,15,25,62,7,15,14,53,13,32,27,48,33,75,45,39,34,54,13,50,9,13,15,7,18,8,69,68,67,66,69,85000,225
Rafa≈Ç Kurzawa,Poland,182,73,30,69,66,63,65,39,63,68,59,71,69,70,69,66,51,65,62,68,52,68,59,50,68,63,70,73,67,55,60,9,9,15,9,8,85000,469
Sam Clucas,England,188,74,32,71,68,62,66,67,65,67,66,70,67,70,71,67,63,83,69,63,68,66,75,64,70,67,69,69,67,65,68,8,6,9,9,6,1100000,600
Ewil Murillo,Colombia,178,75,23,60,55,60,62,57,63,44,60,51,41,48,63,60,55,60,62,67,59,58,65,69,43,32,30,31,36,35,31,8,14,12,9,12,35000,63
Nick Gillekens,Belgium,185,80,28,23,18,15,14,25,62,18,20,31,32,14,24,27,41,30,63,58,46,38,59,15,50,10,17,14,13,28,18,63,69,61,67,66,67500,349
Adrian Szczutowski,Poland,195,81,22,54,55,13,16,32,51,58,10,39,47,29,44,35,67,52,71,62,76,58,52,57,58,60,51,48,29,49,49,10,8,14,11,9,24000,674
Park Seung Wook,Korea Republic,184,78,26,55,62,65,64,70,63,54,60,57,54,64,58,64,72,81,76,66,75,67,57,57,45,34,40,49,40,33,34,13,10,11,9,6,1000000,470
Mehmet Ye≈üil,Turkey,188,75,25,43,32,66,68,63,64,32,66,29,45,35,42,34,50,62,75,58,52,41,66,67,45,38,26,28,28,41,29,10,14,13,9,9,60000,685
Richard Stearman,England,191,73,36,52,32,62,63,66,63,27,64,33,47,31,58,45,30,32,67,45,32,43,69,64,48,28,28,30,33,32,30,16,9,10,11,6,16000,176
Karol ≈öwiderski,Poland,184,78,26,75,69,19,21,60,71,77,33,65,75,50,70,59,69,74,75,62,68,72,59,75,73,78,69,61,60,69,71,12,14,12,11,7,4800000,136
Bart Meijers,Netherlands,185,77,26,57,42,64,66,56,61,24,63,35,57,35,62,63,66,73,72,64,66,68,70,62,41,33,40,48,29,32,28,8,13,8,14,10,47500,229
Jaume Cu√©llar,Bolivia,180,69,22,68,75,26,17,39,62,54,23,65,54,49,64,52,80,57,57,63,75,61,56,60,66,68,67,64,50,71,67,15,14,11,9,11,97500,113
Eric N'Jo,France,187,80,19,41,30,64,66,51,55,26,56,31,44,35,44,38,62,58,50,59,55,42,74,63,37,24,29,27,34,38,33,8,11,10,15,6,18000,188
S√©bastien Bruzzese,Belgium,185,80,34,33,16,9,10,24,61,14,15,43,41,18,37,36,30,26,57,35,34,41,51,16,49,14,18,17,9,29,17,70,63,63,65,63,23000,132
Matth√©o Xantippe,France,183,70,21,70,58,67,69,66,52,40,53,45,50,66,61,46,69,48,53,74,68,67,70,64,42,35,21,41,28,42,24,8,9,6,7,10,50000,47
Sergi Darder,Spain,180,71,29,84,84,75,76,75,80,77,76,84,85,75,86,85,81,85,75,75,83,82,60,60,83,70,78,83,65,60,74,8,8,9,9,12,30500000,488
Rhys Healey,England,180,72,28,73,69,24,27,33,65,74,15,52,72,58,72,49,79,77,65,74,73,79,74,74,75,79,69,67,65,72,72,13,6,9,15,9,3300000,622
Samu Castillejo,Spain,182,67,28,80,80,30,43,51,71,73,52,73,70,73,74,69,82,65,49,82,78,90,60,43,72,65,69,75,69,59,58,8,13,16,15,14,8000000,640
Konrad Forenc,Poland,191,87,31,18,15,14,15,21,57,15,13,41,51,12,23,23,39,35,81,46,46,51,63,14,44,13,12,14,14,23,14,63,61,63,59,60,27500,360
Jonathan Obika,England,183,76,32,61,60,24,28,50,58,61,15,49,60,31,53,30,58,64,88,60,67,65,75,63,67,58,55,53,55,59,55,13,16,10,7,14,32500,416
Yves Bissouma,Mali,182,80,27,77,79,77,83,76,77,68,82,74,80,65,80,76,71,77,75,77,73,73,80,65,83,58,78,62,75,58,65,12,12,8,8,8,17000000,588
Nikolas Sattlberger,Austria,191,73,19,60,57,58,56,58,53,34,56,47,44,43,60,57,58,55,59,51,55,53,55,59,51,31,31,36,40,48,31,5,13,9,7,10,19000,535
Cesare Casadei,Italy,186,77,20,60,59,47,52,62,59,65,50,68,55,45,71,70,74,59,65,67,68,62,64,66,60,63,62,61,60,57,57,7,10,7,10,15,62500,499
Iv√°n Rossi,Argentina,183,75,29,68,65,72,71,84,70,59,72,58,65,55,72,67,70,69,57,69,71,64,68,39,58,44,59,51,44,43,49,10,7,12,13,14,1600000,467
Brent Lepistu,Estonia,185,78,30,60,57,48,53,57,55,55,53,62,65,60,63,61,66,66,68,59,63,57,62,52,66,49,57,60,44,48,59,6,7,12,7,9,22000,119
Wesley Sa√Ød,France,171,72,28,73,76,23,25,44,75,76,23,69,73,64,71,65,75,66,60,84,73,84,61,64,74,75,72,59,52,60,71,12,11,9,12,14,3300000,487
Jannik Vestergaard,Denmark,199,96,31,58,45,73,75,84,72,40,74,60,72,46,69,75,30,54,87,28,34,29,66,82,83,34,47,41,52,59,28,15,16,11,11,10,4700000,376
Manuel De Luca,Italy,192,82,25,69,61,19,22,48,68,70,33,61,69,42,54,49,39,69,79,51,50,52,61,74,74,71,61,56,43,72,62,6,8,12,9,8,1200000,551
Thiago,Spain,174,70,32,92,89,75,76,80,82,75,82,87,88,78,90,88,69,75,60,90,55,90,86,54,75,68,73,85,77,75,82,9,6,11,7,13,55500000,384
Carlitos,Spain,177,71,33,73,73,19,13,71,74,76,37,70,80,63,69,63,75,71,68,85,72,82,71,62,74,75,73,74,73,68,71,9,5,12,13,10,1900000,375
Lewis Walker,England,183,76,25,54,51,23,19,31,56,51,17,50,47,29,45,31,68,55,68,63,70,58,63,58,53,60,52,34,31,52,41,5,13,12,6,7,17000,277
Pawe≈Ç ≈ªuk,Poland,177,68,22,43,52,55,51,56,48,38,52,36,45,50,47,23,76,60,53,73,72,62,57,47,26,31,23,47,29,41,28,7,7,14,13,9,15000,81
Slavy,Spain,183,78,21,65,53,22,28,59,53,62,22,49,61,53,57,49,66,68,81,74,67,54,73,59,69,62,54,51,55,60,54,8,5,10,13,6,45000,482
Sofian Kiyine,Morocco,182,75,25,73,75,66,67,54,70,65,65,71,60,66,70,67,73,72,54,71,79,76,58,62,68,52,68,65,49,52,48,15,8,8,12,8,2200000,438
Yordy Reyna,Peru,169,68,29,68,67,19,33,65,65,62,29,61,61,52,58,61,83,65,61,79,84,85,63,55,71,64,66,65,66,62,63,8,12,14,9,11,85000,136
Niko Vukancic,Germany,186,81,21,50,39,55,61,55,57,30,54,37,46,32,54,49,55,63,70,60,55,57,72,55,38,35,30,29,31,40,31,6,12,8,6,9,20000,187
Josh Ruffels,England,178,75,29,63,62,62,63,54,65,57,61,62,57,63,62,59,63,83,66,70,69,73,66,61,57,50,48,55,55,42,41,14,12,9,10,10,92500,317
Alexander Sorge,Germany,192,82,30,46,29,64,65,66,55,24,62,27,51,28,52,30,48,59,81,43,40,50,55,69,42,26,23,25,24,31,18,7,11,8,9,8,40000,216
Fredrik Andre Bj√∏rkan,Norway,180,73,25,71,73,66,67,63,68,64,67,57,67,66,67,61,81,90,67,74,80,73,71,58,56,53,47,56,32,42,46,12,9,13,10,9,2500000,249
Kyle Dempsey,England,178,75,27,65,64,59,62,70,64,66,63,65,67,59,67,66,68,91,62,73,70,69,77,51,62,59,63,61,65,48,47,8,10,9,16,11,92500,95
Stefan Lainer,Austria,175,73,31,69,68,74,76,86,73,66,73,60,73,70,72,70,75,91,72,78,73,76,69,63,73,59,65,65,45,45,63,8,10,14,7,7,6500000,388
Logan Ketterer,United States,191,82,29,21,10,10,10,17,57,5,9,42,38,12,36,34,37,41,63,28,39,38,50,20,41,5,8,10,13,36,5,65,54,57,55,52,14000,116
Giannis Michailidis,Greece,188,85,23,66,56,72,72,71,64,45,71,58,68,57,69,70,69,75,69,59,68,64,77,72,70,35,67,63,49,53,52,10,9,6,6,10,1900000,448
Dario ≈Ωupariƒá,Croatia,185,84,31,58,54,63,68,72,65,28,67,43,61,24,59,59,45,74,83,53,49,48,82,70,33,20,12,34,12,18,19,12,12,12,14,11,1000000,473
Sirin√© Doucour√©,France,193,75,21,67,59,18,22,63,58,67,23,53,49,31,60,42,54,64,78,45,62,49,71,71,61,65,45,32,31,63,53,13,10,11,7,11,67500,222
Brede Mathias Moe,Norway,184,84,31,62,54,69,70,69,69,37,70,43,66,40,66,59,65,76,83,60,69,55,90,66,63,34,48,36,31,38,34,6,6,15,7,9,1500000,249
Jack Aitchison,Scotland,180,69,23,63,62,14,16,35,61,63,24,59,60,53,61,55,80,69,45,72,81,79,63,55,64,60,61,56,56,58,54,11,11,10,11,12,47500,416
Atem Dor Jok,Australia,188,78,22,47,45,18,13,25,51,51,10,42,46,29,48,45,72,54,66,52,74,64,63,54,52,50,52,37,48,56,42,7,9,8,14,10,11000,130
RƒÉzvan Began,Romania,194,91,27,13,5,11,12,45,58,6,6,31,21,10,37,35,31,45,71,44,33,50,77,12,40,6,6,12,13,12,5,56,62,55,53,55,17000,560
Jonathan Leko,England,182,64,24,64,65,29,36,57,61,61,30,57,55,57,61,44,90,58,65,73,90,78,65,56,63,62,56,53,34,50,50,8,6,12,11,9,67500,389
Andrea Pinamonti,Italy,188,72,24,74,70,24,30,55,73,77,16,45,62,48,64,42,73,81,75,74,75,69,74,75,79,77,73,55,54,78,74,7,14,10,15,11,6500000,558
Gonzalo Escalante,Argentina,182,76,30,77,69,75,75,83,72,64,75,70,80,68,77,76,63,76,70,68,63,63,74,63,79,66,63,63,52,64,59,12,10,12,7,11,6500000,163
Deniz Undav,Germany,179,86,27,77,73,29,37,72,74,80,18,77,79,67,72,62,69,66,77,79,67,68,66,66,79,80,76,74,66,74,79,11,9,12,9,13,6500000,103
Akil Wright,England,183,73,27,54,55,56,58,60,54,56,57,54,58,43,55,52,65,73,78,67,71,66,78,54,51,39,46,42,38,41,31,10,8,8,15,15,23000,599
Claudio Aquino,Argentina,172,75,32,72,73,26,29,45,60,70,49,70,65,68,70,66,66,70,74,73,72,76,72,58,70,70,70,64,68,70,65,15,10,15,16,10,1500000,134
Brian Salvareschi,Argentina,188,84,24,59,44,67,72,70,67,26,63,39,60,27,66,59,62,79,75,64,67,61,75,66,34,28,22,27,29,37,26,12,8,15,12,9,1200000,283
Maurice Litka,Germany,180,67,27,66,66,29,35,43,57,58,26,64,48,64,62,40,76,34,40,75,69,80,62,39,63,57,59,60,40,52,48,7,15,13,11,9,42500,301
Marko Inostros,Bolivia,183,76,31,58,49,58,60,64,62,55,64,63,74,41,65,67,66,73,72,63,64,68,71,64,75,42,60,52,56,49,61,8,13,13,7,11,50000,46
Claudio Gomes,France,180,72,23,69,67,64,66,72,65,51,62,66,64,56,70,67,72,67,65,70,70,76,60,60,68,52,58,59,51,54,48,12,10,5,12,7,1100000,450
Luca Bendel,Germany,182,81,20,15,10,11,9,41,57,8,11,59,56,14,22,28,41,32,60,40,42,44,60,19,41,10,12,30,28,27,8,58,57,54,55,56,12000,296
Ian Maatsen,Netherlands,168,57,21,71,72,68,72,76,68,65,66,63,67,71,70,63,83,74,51,80,82,81,69,57,63,56,58,65,59,45,46,15,9,10,12,9,3100000,109
Tobias M√∏lgaard,Denmark,183,73,27,63,61,61,62,74,61,56,61,52,58,65,63,62,84,83,77,70,82,68,75,62,60,40,45,50,38,38,46,8,9,7,11,14,1200000,12
James Taylor,England,180,71,21,51,53,46,51,55,47,44,50,50,46,53,42,34,69,62,61,67,72,69,64,50,44,33,35,41,38,36,29,5,12,13,14,6,11000,105
Kim Hyeon Tae,Korea Republic,170,65,31,44,44,51,44,49,51,25,47,45,39,30,50,52,61,90,37,65,55,50,52,42,50,27,28,33,35,44,32,12,10,12,14,8,5000,559
Paul Jaeckel,Germany,186,83,25,61,39,75,78,76,68,32,77,53,62,35,63,58,67,69,76,58,73,62,59,70,47,25,36,31,37,44,33,12,11,12,6,15,4200000,635
Vafa Hakhamaneshi,Iran,198,92,32,45,30,62,63,51,52,38,62,30,53,37,50,42,55,72,87,30,54,34,69,56,46,24,26,30,31,40,30,10,7,7,10,10,22000,140
Enner Valencia,Ecuador,177,74,33,73,75,41,48,76,73,80,42,65,71,67,68,60,87,79,77,72,87,83,91,78,81,77,71,73,73,78,64,9,9,12,16,8,8500000,254
Aubrey Modiba,South Africa,172,72,28,71,74,63,69,26,64,66,62,68,71,71,69,61,84,81,51,82,81,71,38,59,65,53,62,70,74,53,54,13,8,9,9,7,1900000,394
Elvis Rexhbe√ßaj,Kosovo,182,73,25,75,75,65,69,74,71,70,63,71,65,68,76,74,63,81,63,72,69,71,58,58,80,59,64,51,41,54,50,8,14,11,6,14,3500000,206
Fabian Gmeiner,Austria,177,73,26,56,66,60,66,60,57,52,63,46,49,58,60,61,70,67,56,63,65,69,62,49,51,36,48,35,32,41,32,13,11,12,13,13,60000,522
Jown Cardona,Colombia,170,64,28,69,74,53,37,57,62,62,40,68,63,60,62,51,83,57,58,86,70,86,75,42,63,62,68,66,74,55,32,7,16,9,14,8,1100000,291
Neboj≈°a Kosoviƒá,Montenegro,177,67,28,65,62,53,59,29,59,58,61,63,60,63,68,65,68,76,38,77,65,74,54,43,66,61,67,62,63,61,64,7,7,11,14,6,37500,399
Drago»ô Albu,Romania,186,82,22,62,60,59,60,68,62,55,62,64,67,64,65,63,68,75,67,81,69,70,76,45,72,51,64,64,68,59,33,11,13,10,5,6,62500,247
Corral,Spain,182,81,25,51,58,61,60,50,57,43,59,36,55,60,49,30,70,70,65,73,68,52,61,51,20,23,25,44,33,38,25,11,14,13,14,14,42500,360
Tim Wiesner,Germany,192,87,26,20,12,14,15,26,55,12,14,31,30,12,22,20,36,23,66,35,34,39,57,16,43,13,15,18,16,20,14,57,62,59,57,60,20000,529
Thomas Waddingham,Australia,180,75,18,48,48,28,34,38,46,49,30,39,42,38,44,33,65,55,58,63,64,65,60,48,50,50,40,39,38,43,41,13,14,14,10,8,5000,104
Reda Kharchouch,Netherlands,192,75,28,59,63,25,20,39,64,65,15,51,60,42,59,48,53,65,84,53,54,50,72,68,67,67,65,48,40,64,59,12,7,9,12,11,80000,199
Jonatas Santos,Brazil,176,65,21,61,64,27,21,39,57,59,28,51,57,51,55,46,78,62,65,75,84,70,51,38,65,61,58,43,44,53,46,12,7,10,11,11,45000,28
Allan Tchaptchet,France,193,95,21,42,35,60,64,52,54,27,63,33,49,31,45,41,63,59,74,55,49,45,70,58,49,24,32,36,31,47,35,8,7,10,14,12,24000,287
Duan Yunzi,China PR,178,70,28,53,45,20,21,28,56,54,13,49,48,41,49,37,67,56,65,69,75,67,67,52,53,63,48,58,48,67,42,7,9,12,15,7,15000,678
Thorsten Kirschbaum,Germany,195,88,36,21,19,9,13,31,64,8,7,29,49,11,32,39,23,30,68,39,28,26,60,13,50,13,9,18,10,20,11,65,69,64,67,68,11000,337
Simon Murray,Scotland,183,70,31,60,60,17,12,35,59,60,13,54,54,32,55,34,82,66,69,61,86,73,60,60,69,66,57,52,34,67,58,9,8,14,14,12,57500,517
Amar Muhsin,Sweden,190,78,25,62,55,11,15,51,57,61,16,58,52,38,55,36,72,52,63,34,75,42,62,57,61,64,55,45,42,60,50,7,10,9,6,12,37500,310
Jens J√∏nsson,Denmark,182,78,30,66,64,74,77,76,68,60,76,70,69,54,75,70,67,77,72,71,69,73,78,62,63,54,60,53,48,45,46,15,12,8,6,10,3600000,8
Lloyd Jones,England,191,78,27,47,40,64,66,66,62,21,62,32,53,32,55,50,53,57,81,50,61,36,67,64,44,22,24,31,36,41,29,12,6,15,13,11,67500,121
Khanya Leshabela,South Africa,175,72,23,58,60,45,47,44,55,55,44,57,58,56,59,57,79,60,62,77,78,77,58,46,60,51,54,50,58,49,49,8,14,11,7,7,27500,376
Galeno,Brazil,179,62,25,80,83,29,39,52,78,79,45,69,85,68,69,55,91,80,67,73,93,84,73,41,75,76,74,75,70,59,65,11,13,6,13,15,16000000,230
Johan Brannefalk,Sweden,179,75,25,52,50,50,53,55,48,50,54,52,61,52,58,51,64,66,57,63,66,69,62,36,52,37,55,53,37,29,34,11,7,13,10,10,17000,576
Iago Aspas,Spain,176,67,36,86,87,18,21,63,84,86,39,81,85,80,79,73,78,69,60,72,85,87,66,76,79,90,80,79,83,82,84,12,12,16,9,13,26000000,486
Valent√≠n Burgoa,Argentina,175,73,23,72,73,48,57,64,62,64,49,70,65,68,64,57,82,63,57,78,80,81,60,49,70,51,57,53,48,55,49,9,13,6,14,13,1200000,320
Sigurd Kvile,Norway,187,80,23,52,42,57,60,56,55,24,55,33,47,28,55,48,66,60,75,52,68,53,74,57,36,27,25,32,30,34,25,7,13,10,5,13,23000,249
Jonathan Dean,United States,173,69,26,39,46,44,42,45,50,46,39,43,38,54,59,53,60,53,45,78,60,50,57,48,46,33,31,40,31,40,34,11,13,6,13,10,5000,141
Neil Etheridge,Philippines,191,95,33,32,21,13,14,16,69,18,24,48,60,11,31,33,46,34,76,58,48,54,47,11,45,13,11,18,18,43,11,70,69,62,60,70,70000,88
Thomas Henry,France,191,86,28,73,63,29,39,74,75,78,25,73,76,51,73,63,54,78,87,50,74,55,69,82,80,77,62,45,59,82,72,6,5,13,9,15,6000000,309
Mads Juel Andersen,Denmark,194,82,25,58,43,68,69,80,67,30,71,25,53,35,61,56,52,72,80,51,42,44,62,69,45,32,30,34,28,37,33,9,15,13,14,15,1400000,79
Rafael Castrillo,Venezuela,169,65,24,62,67,55,61,55,55,58,45,61,56,55,66,62,70,61,60,65,67,70,56,46,53,57,66,56,65,66,58,8,10,9,10,11,55000,193
Ayo Obileye,England,191,84,28,56,54,60,61,70,55,42,61,55,59,37,59,59,71,71,82,58,73,35,77,66,71,45,51,46,55,46,45,10,8,15,9,11,55000,385
Pablo Pagis,France,181,67,20,59,57,20,16,31,62,57,15,47,52,36,53,36,62,67,56,67,58,58,62,63,58,69,58,42,43,69,49,6,9,8,13,8,27500,435
Zitha Kwinika,South Africa,180,72,29,44,42,67,71,61,62,43,65,42,61,41,66,63,70,70,64,70,75,65,70,73,55,32,32,35,38,38,32,15,15,8,10,14,72500,351
Viktor Tsygankov,Ukraine,178,72,25,81,80,37,39,61,78,79,39,81,77,77,79,73,84,77,52,73,85,82,50,45,72,76,75,72,76,81,69,6,9,7,15,12,24500000,281
Carney Chukwuemeka,England,187,70,19,72,72,54,50,58,55,66,48,69,69,53,71,67,67,50,61,75,63,57,50,46,56,66,46,55,46,58,52,11,12,12,9,10,60000,138
Lewis Miller,Australia,187,83,23,55,58,61,60,70,58,50,57,52,53,55,56,55,59,74,71,57,69,55,76,56,52,41,39,35,29,37,31,10,10,11,11,5,42500,313
Noha Ndombasi,France,177,69,22,62,67,13,28,48,63,63,19,55,55,35,45,40,84,63,62,72,83,82,68,60,55,64,53,58,31,68,47,6,13,11,11,7,57500,235
Aboubacar L√¥,Senegal,183,76,23,40,27,65,66,51,49,29,55,31,49,34,38,27,55,49,59,68,53,32,75,55,46,29,21,32,30,40,34,15,6,10,14,14,15000,225
Matteo Arena,Italy,184,82,24,42,33,49,50,51,44,26,49,36,38,26,44,31,63,60,70,56,62,47,67,50,43,24,18,31,28,38,23,12,8,14,5,15,9000,539
Kasim Adams Nuhu,Ghana,190,83,28,59,53,68,73,73,63,32,64,46,70,42,68,67,62,72,90,36,65,53,83,70,67,36,29,45,31,49,59,7,10,10,16,12,1500000,208
Niall Ennis,England,180,76,24,64,64,33,35,57,60,63,39,49,61,49,51,48,82,70,69,76,84,81,57,56,62,64,59,51,35,59,57,13,5,14,9,6,67500,468
Max Anchor,Canada,191,74,19,16,12,13,12,18,35,5,8,38,23,14,19,18,20,17,46,44,33,34,58,13,40,7,5,12,12,15,8,51,50,51,53,50,3500,670
Ryan Porteous,Scotland,188,75,24,62,60,69,69,86,57,53,68,64,58,57,65,70,55,75,80,68,75,47,81,70,68,34,28,54,45,51,43,13,7,7,10,12,1600000,664
Nemanja Miju≈°koviƒá,Montenegro,185,80,31,54,22,61,65,70,61,33,62,36,46,31,55,60,54,67,82,65,38,59,60,70,21,31,29,52,41,54,11,16,12,9,7,12,57500,404
Tyronne Ebuehi,Nigeria,187,72,27,66,70,69,67,71,69,60,64,41,63,66,66,52,83,78,69,62,90,73,89,54,62,37,30,41,33,47,30,11,8,16,16,14,2300000,191
Kim Tae Hwan,Korea Republic,177,72,34,66,64,68,64,88,66,65,66,57,57,70,63,57,85,84,76,80,88,83,76,58,60,48,53,61,50,56,53,9,12,10,16,11,1600000,633
Takashi Uchino,Japan,177,69,22,59,56,59,61,60,55,39,55,39,44,50,45,38,70,65,55,76,70,76,64,43,39,28,27,40,29,31,25,12,6,13,14,5,27500,187
Yeferson Paz,Colombia,176,67,21,60,56,59,63,71,51,60,55,48,57,64,62,59,73,71,70,72,71,63,71,56,71,47,43,68,38,46,37,5,14,7,8,15,50000,461
Gabriel Kirejczyk,Poland,197,81,20,50,51,22,24,54,54,56,22,45,48,33,41,33,46,55,80,32,51,33,62,64,58,60,42,37,22,55,43,10,5,8,8,8,16000,465
Kevin Strootman,Netherlands,186,78,33,78,67,64,75,80,67,69,75,70,74,68,76,71,42,75,76,66,49,57,49,68,77,58,75,71,69,72,60,6,7,12,11,7,2400000,274
Arnau Comas,Spain,191,83,23,62,46,66,67,59,67,29,66,49,65,44,64,60,74,66,68,56,78,66,70,66,44,34,29,48,26,42,31,7,11,10,9,8,87500,208
Murray Wallace,Scotland,188,75,30,63,59,70,73,69,67,57,70,44,61,58,64,60,53,80,82,56,62,55,75,71,45,21,24,34,24,34,21,9,10,11,16,7,1600000,407
Oskar W√≥jcik,Poland,190,78,20,39,36,57,58,62,49,30,55,37,42,29,49,51,60,62,63,60,59,50,71,59,33,22,24,25,31,37,28,8,5,7,6,7,15000,157
Luca Sosa,Argentina,179,77,29,61,55,67,72,72,63,36,72,46,67,60,66,55,71,68,80,53,68,56,73,62,33,37,39,37,27,44,41,9,9,10,11,12,1400000,77
Uro≈° Matiƒá,Serbia,184,77,33,72,71,58,62,69,71,73,60,70,70,60,72,68,68,86,80,70,66,73,73,63,70,64,67,59,60,66,55,8,14,14,15,6,1500000,22
Daniel Svensson,Sweden,178,72,21,65,60,54,59,50,56,51,58,53,52,57,55,45,77,63,60,67,77,74,68,44,52,38,40,54,42,40,40,9,15,12,12,9,40000,228
Jonaldo Monteiro,Brazil,179,74,23,61,55,65,66,71,72,55,63,61,62,66,71,67,75,81,67,73,74,71,56,61,52,51,45,54,55,61,53,13,14,16,12,15,1700000,263
Jonathan Sabbatini,Uruguay,175,71,35,68,66,58,60,73,65,65,66,73,71,66,72,67,59,72,64,79,56,70,57,57,65,61,60,67,59,57,63,10,8,11,9,7,40000,223
Carlos Moros Gracia,Spain,183,79,30,60,54,61,63,81,62,36,64,47,52,28,63,60,61,62,74,58,65,57,90,59,32,32,30,33,27,39,31,13,10,5,12,9,72500,180
Kevin Molino,Trinidad & Tobago,173,70,33,68,69,47,53,54,68,68,36,67,70,63,67,60,70,62,69,75,69,73,71,59,69,67,65,68,63,69,60,8,7,9,12,7,95000,151
Bruno Sep√∫lveda,Argentina,187,82,30,65,59,25,25,55,68,74,24,58,49,42,60,44,55,71,79,62,56,54,62,68,73,69,59,44,45,70,63,12,5,8,11,13,1000000,80
Magnus Christensen,Denmark,190,74,26,63,57,62,63,59,61,48,63,56,57,52,62,56,65,75,73,63,64,63,75,63,56,40,42,37,44,48,43,5,11,6,9,12,60000,250
Ryan Kitto,Australia,179,76,29,61,62,55,57,59,58,57,54,56,57,63,59,57,82,72,70,67,81,75,66,50,55,53,50,57,48,49,51,7,11,16,14,14,47500,25
Caleb Wiley,United States,178,73,18,62,55,55,59,32,64,58,53,45,50,59,61,48,73,64,55,69,78,76,64,47,20,35,20,34,26,40,20,14,13,10,13,12,25000,64
Amine Salama,France,192,78,23,68,67,19,22,42,54,67,19,52,53,40,51,38,63,52,72,46,69,51,61,67,60,71,62,42,41,70,44,14,6,7,9,15,85000,50
Darlin Yongwa,Cameroon,174,65,22,60,63,67,64,52,55,55,57,57,55,63,64,55,81,81,67,84,89,86,53,44,35,41,40,42,37,41,39,14,7,11,12,13,1100000,222
Ignasi Miquel,Spain,188,82,30,67,55,69,68,70,68,26,70,54,61,49,67,59,53,60,79,32,55,58,59,70,55,34,21,27,24,43,26,6,11,7,6,9,1200000,285
Liam Gordon,Scotland,182,77,27,53,42,68,68,74,59,31,64,29,53,31,54,52,52,78,76,63,54,49,85,66,35,26,26,30,25,21,26,11,9,11,7,10,80000,589
Alex Liza√±as,Uruguay,168,60,23,53,50,63,62,55,59,42,60,35,63,59,56,47,74,74,33,84,69,70,40,58,43,55,63,46,31,50,70,12,12,10,18,14,62500,673
Luis Mu√±oz,Spain,182,76,26,62,60,70,71,64,67,66,68,69,55,44,68,66,68,76,77,64,64,56,62,65,74,59,63,35,55,73,50,9,14,9,14,11,1100000,419
Declan McDaid,Scotland,178,73,27,60,62,48,44,57,54,56,34,54,51,55,60,56,70,62,59,76,77,71,54,49,64,53,44,59,41,46,48,10,11,7,9,13,35000,93
Max Ehmer,Germany,189,93,31,53,54,60,61,65,61,39,54,51,58,44,56,53,50,71,83,45,61,61,63,56,64,55,46,59,55,48,53,14,12,6,9,10,27500,277
Kriszti√°n Hegyi,Hungary,193,85,20,10,13,13,10,15,49,4,6,31,21,14,20,16,25,15,51,31,25,30,42,14,38,7,8,14,13,16,8,49,53,52,50,55,7000,668
Alejandro Prisco,Colombia,182,80,21,56,51,11,19,31,59,53,10,41,41,31,48,31,55,55,68,59,57,53,67,58,53,65,56,38,34,60,46,14,11,14,9,12,19000,174
Ed McJannet,Republic of Ireland,177,69,19,60,61,33,31,40,56,44,28,52,55,43,53,49,60,45,42,74,64,58,53,45,58,46,39,49,45,51,40,9,14,9,15,7,11000,386
Paul Charruau,France,187,87,30,19,12,15,18,37,53,8,24,17,52,10,18,14,42,17,82,43,52,37,58,8,43,8,13,15,12,14,7,63,64,59,57,63,27500,47
Fred,Brazil,169,62,30,80,80,70,81,85,87,75,83,76,76,73,83,80,78,94,52,88,74,89,82,56,79,63,68,78,74,64,62,11,7,16,15,15,20500000,396
Arthur Gomes,Brazil,173,68,25,72,76,15,23,34,70,72,17,74,67,69,65,64,79,62,47,65,77,73,50,59,64,69,60,59,56,68,61,10,6,13,6,7,2700000,585
Adnan Vidual,Brazil,175,70,31,74,68,74,79,62,76,66,74,66,67,78,75,63,85,81,71,66,82,73,57,71,57,47,54,56,58,55,49,6,9,10,6,7,15000000,100
Sondre Flem Bj√∏rshol,Norway,184,75,29,62,59,62,63,64,60,50,62,44,60,63,61,56,77,80,73,67,76,65,67,45,35,31,20,41,29,33,21,15,15,12,5,7,77500,650
Cameron Harper,United States,176,71,21,63,66,29,37,34,51,57,25,46,52,54,53,44,85,60,48,83,86,82,50,43,58,61,50,55,48,57,43,15,6,10,6,14,45000,506
Ming Tian,China PR,180,71,28,60,61,63,65,63,63,62,60,59,57,59,58,51,83,83,59,60,87,80,74,56,38,30,38,49,37,35,32,6,12,7,10,7,97500,679
Yu Sang Hun,Korea Republic,194,84,34,13,12,18,13,32,61,10,22,61,59,14,35,34,42,32,60,52,34,44,43,19,45,19,14,11,13,25,12,67,64,68,60,72,40000,272
Roberto Nicol√°s Fern√°ndez,Uruguay,178,79,25,65,66,58,63,70,69,62,66,68,69,59,59,63,72,79,72,74,60,64,56,40,55,67,63,56,43,54,45,14,8,9,11,6,97500,283
Seymour F√ºnger,Germany,191,82,21,55,45,57,61,55,59,29,55,32,44,26,59,57,55,56,72,46,63,46,74,60,35,20,20,26,26,35,24,10,12,6,14,8,24000,296
Alberto Olaru,Romania,175,72,25,50,52,54,54,50,57,40,52,51,58,56,60,55,76,59,60,70,79,78,68,45,58,35,38,53,30,42,29,6,13,7,9,13,24000,229
Byron Lagunares,Ecuador,190,75,27,70,68,22,44,48,70,72,23,72,59,48,68,55,65,53,50,42,55,60,51,56,63,65,62,70,55,50,57,7,8,9,8,16,1300000,5
Marcelo Flores,Mexico,163,65,19,63,67,33,34,41,61,56,31,63,66,52,66,62,82,57,31,82,73,83,56,42,60,57,53,59,50,58,54,8,7,7,14,9,60000,478
Lamine Gueye,Senegal,178,74,25,70,69,18,23,38,62,70,19,62,69,68,72,64,76,70,65,74,80,71,68,65,71,68,69,65,67,67,67,13,6,10,11,8,1800000,225
Jakub Czerwi≈Ñski,Poland,183,82,32,52,31,65,68,77,62,35,66,30,64,30,58,58,54,75,84,64,53,63,91,67,57,23,22,33,24,33,44,14,7,7,9,13,1000000,465
Esmir Bajraktarevic,United States,175,64,18,67,70,38,31,44,54,47,26,57,55,41,57,52,75,54,42,77,71,72,70,36,47,39,37,44,38,42,42,5,15,13,5,11,20000,424
Harry Steele,Australia,170,75,20,54,50,50,54,49,59,53,50,60,50,43,64,62,68,59,55,54,66,64,66,49,49,30,39,41,32,42,35,11,8,13,12,13,18000,130
James Furlong,Republic of Ireland,178,71,21,50,54,57,55,55,55,36,55,26,52,55,52,51,70,50,50,63,65,60,63,42,36,25,32,38,31,29,25,10,12,8,9,14,17000,416
Jonas Martin,France,184,77,33,76,73,68,73,73,78,69,72,76,79,72,76,74,55,71,68,68,55,68,61,59,69,64,69,75,66,76,63,15,8,8,14,11,3300000,366
Mohammed Kanno,Saudi Arabia,192,67,28,72,74,59,71,67,67,68,66,67,66,66,75,76,70,77,76,58,81,75,70,69,77,66,70,56,51,64,56,13,10,15,9,11,2500000,32
Bonfils-Caleb Bimenyimana,Burundi,194,75,25,57,61,25,17,33,64,62,17,56,52,33,52,33,68,59,69,53,66,64,74,70,60,71,56,46,37,78,51,6,7,14,7,15,67500,351
Lukas Nmecha,Germany,185,80,24,80,77,27,33,71,77,77,37,68,71,58,76,59,78,78,79,65,86,73,79,74,80,79,71,61,48,81,71,8,9,11,11,6,16500000,648
DeAndre Yedlin,United States,171,75,30,60,62,65,66,73,65,62,66,57,60,61,62,52,89,76,67,83,90,90,92,55,73,40,51,70,28,38,60,11,7,15,7,11,1400000,333
Leonardo Rocha,Portugal,200,72,26,66,65,16,11,26,61,65,16,41,62,53,56,40,54,53,87,31,60,50,64,68,66,67,63,38,46,68,55,5,8,7,6,9,80000,494
Will Bapaga,England,176,69,20,64,71,22,29,57,51,56,18,53,58,51,53,39,83,55,41,86,82,90,67,27,56,55,52,53,50,48,45,10,14,6,13,9,42500,156
Liberato Cacace,New Zealand,184,81,22,70,69,65,68,69,66,71,70,65,72,64,68,63,79,84,77,76,79,65,77,58,67,61,62,65,62,61,51,9,12,11,10,12,2000000,191
Anastasios Bakasetas,Greece,181,78,30,79,76,49,56,71,75,78,55,77,76,76,78,75,67,75,76,68,74,73,69,67,86,74,81,79,79,70,74,8,12,12,13,14,10500000,623
Billy Sharp,England,175,70,37,69,58,28,34,73,77,78,33,65,81,61,66,53,57,53,72,71,52,63,55,73,72,79,64,65,55,75,74,11,7,8,11,8,65000,568
Corry Evans,Northern Ireland,180,69,33,64,57,64,65,66,64,44,66,55,61,53,68,65,49,69,67,62,45,59,61,60,62,51,63,55,44,47,47,15,13,12,6,15,60000,603
Valentin Antov,Bulgaria,185,75,22,53,47,66,70,70,66,40,64,52,57,28,57,50,53,69,79,63,65,59,86,68,43,32,34,32,42,46,41,8,7,12,12,14,1100000,413
John Celerios,Ecuador,191,87,27,51,44,74,72,49,67,31,55,44,60,57,62,61,56,59,90,61,59,45,62,76,53,52,44,51,55,62,49,9,9,15,7,11,80000,5
Kabongo Tshimanga,England,180,78,26,59,61,20,24,52,58,61,20,51,62,49,55,38,82,66,78,81,81,82,72,57,60,63,54,44,31,60,59,9,7,13,16,11,55000,462
David Hovorka,Czech Republic,179,73,30,68,66,71,72,80,66,32,73,66,70,48,70,69,64,33,74,58,66,61,79,68,59,29,46,54,46,36,34,10,8,11,12,7,2000000,575
B√©ni Nkololo,France,186,75,26,62,63,38,28,44,58,60,27,61,57,58,58,51,80,51,65,65,81,62,57,37,59,59,55,59,46,49,49,14,11,5,10,6,52500,130
Jonathan Afolabi,Republic of Ireland,180,72,23,55,52,23,14,41,56,59,20,57,55,34,50,35,75,55,63,74,77,55,69,52,60,58,52,48,34,60,49,8,6,11,12,8,24000,93
Isaac Nuhu,Ghana,171,60,21,67,73,42,28,38,68,68,21,55,58,63,60,54,87,54,39,90,74,91,73,54,64,64,63,46,44,45,59,6,13,13,5,6,82500,344
Majed Qasheesh,Saudi Arabia,169,60,21,40,44,47,50,43,41,37,48,30,38,42,42,35,65,52,40,69,68,66,55,37,26,25,22,32,28,29,26,8,12,8,8,14,5000,36
Muhammed Damar,Germany,185,73,19,66,70,37,36,48,59,51,31,66,59,53,65,59,60,50,55,64,67,55,58,48,62,60,54,62,69,63,56,6,9,5,15,6,50000,613
Tony Njik√©,France,178,75,25,64,62,63,65,59,56,41,58,49,49,44,66,60,69,70,62,64,67,62,68,59,59,35,50,45,36,45,29,7,12,12,10,13,50000,205
Kang Hyeon Mu,Korea Republic,185,78,28,10,20,15,20,41,63,15,23,64,50,14,29,22,42,27,32,56,47,32,51,19,48,16,13,19,19,25,12,69,70,68,64,72,1200000,278
Wiliam Santinho,Brazil,195,91,27,21,9,12,13,44,61,20,28,63,54,8,20,16,37,31,85,20,34,21,62,10,57,8,7,8,17,14,9,70,61,77,76,73,1500000,261
Andy King,Wales,184,79,34,65,66,64,68,62,69,69,68,69,69,59,70,65,55,54,61,60,50,63,60,69,69,61,66,64,59,60,67,10,8,6,7,6,62500,105
Filip Pan√°k,Czech Republic,188,77,27,71,67,69,71,67,68,63,70,69,80,52,73,73,68,67,82,55,67,62,59,78,52,51,61,47,53,44,44,11,8,15,12,5,2200000,582
J√©r√©my Frick,Switzerland,192,90,30,27,13,14,19,26,67,9,19,11,36,20,33,29,42,28,71,43,48,42,60,13,51,4,9,12,8,15,8,67,70,67,68,71,1100000,561
Alec Van Hoorenbeeck,Belgium,187,77,24,57,50,65,67,72,57,39,62,43,47,62,57,52,57,65,72,61,70,62,62,68,41,21,31,38,26,31,27,8,10,15,13,12,62500,347
Robbin Weijenberg,Netherlands,180,70,18,61,58,51,46,44,54,50,25,65,64,46,64,64,70,50,48,68,66,62,59,53,54,44,38,59,48,58,47,6,7,12,10,8,20000,282
Micky van de Ven,Netherlands,193,81,22,68,64,78,76,75,68,48,73,46,68,58,65,73,76,69,84,49,91,59,68,78,48,37,51,37,34,39,47,11,7,13,13,7,6000000,648
Pratik Chaudhari,India,188,80,33,42,39,54,56,71,48,26,52,36,45,29,35,31,52,68,76,49,58,46,75,50,35,21,19,24,25,31,28,13,14,11,9,6,9000,338
Cote,Spain,182,80,33,71,71,71,74,71,76,69,77,72,70,79,78,72,64,65,66,66,64,65,68,75,69,46,59,75,71,45,42,16,12,13,10,13,3900000,480
Oriol Rey,Spain,180,71,25,67,62,57,63,63,67,58,61,62,62,53,70,68,59,66,59,71,56,67,71,50,48,54,62,56,42,48,35,6,6,13,12,5,72500,114
Mykola Kukharevych,Ukraine,193,79,22,62,63,17,18,68,57,63,20,52,61,34,56,48,51,69,79,44,54,52,71,67,69,67,59,55,41,71,55,10,13,9,10,7,57500,313
Lucas Besozzi,Argentina,176,74,20,63,64,25,25,33,57,59,22,54,53,62,62,60,67,52,48,63,65,66,41,39,62,61,53,47,42,59,52,13,10,6,9,11,42500,131
Micha√´l Cuisance,France,181,74,24,78,76,54,61,57,69,63,48,75,62,76,75,78,79,63,64,75,63,83,61,49,77,59,74,83,74,61,63,8,9,14,11,15,2700000,551
Clementino Gonz√°lez,Paraguay,184,82,33,56,65,35,33,45,63,65,23,55,65,51,60,55,72,68,62,74,75,73,31,67,58,68,65,56,65,66,56,10,8,8,14,14,47500,284
Lewis Mayo,Scotland,191,82,23,57,58,63,65,60,60,41,61,57,50,53,55,55,66,67,75,50,69,55,65,64,41,34,36,30,30,38,26,12,13,6,11,10,50000,358
Andr√©s Correa,Colombia,176,76,29,55,53,68,66,70,65,45,68,60,56,68,63,51,71,90,72,70,80,83,80,50,64,39,45,48,45,58,28,10,7,14,7,12,1300000,367
Ryan Ferhaoui,France,183,74,26,65,62,57,64,59,52,52,55,65,54,56,68,66,64,60,58,62,62,61,60,48,62,53,57,53,57,56,55,9,10,14,12,12,45000,593
Emanuel Chabo,Sweden,183,75,20,50,52,17,19,30,48,59,16,47,55,34,46,37,61,55,59,58,61,62,61,53,55,56,52,33,29,61,41,9,9,14,11,13,12000,324
Harry Burgoyne,England,193,80,26,20,14,20,19,17,53,8,11,43,45,20,27,26,32,20,44,38,37,40,50,20,45,15,14,19,18,20,20,59,61,60,60,61,20000,572
Youcef Bela√Øli,Algeria,178,75,31,80,81,21,24,67,69,69,29,71,78,75,72,67,78,68,70,79,80,75,44,38,81,71,75,82,59,67,73,12,14,10,8,11,7000000,6
Leonel Miranda,Argentina,173,70,29,77,74,60,68,70,70,71,70,76,75,70,78,73,76,84,62,80,74,80,57,57,74,64,67,79,67,60,67,9,14,11,15,10,4200000,493
Cheikhou Dieng,Senegal,180,66,29,62,66,32,24,39,64,62,36,58,55,56,61,54,82,34,59,75,86,80,86,58,65,63,61,59,43,52,62,10,11,7,6,13,60000,681
Rom√©o Monticelli,Belgium,180,70,17,40,52,55,58,52,54,44,51,37,36,49,32,27,73,65,55,62,75,67,73,35,43,23,27,33,20,26,36,5,7,14,13,9,11000,580
Budimir Jano≈°eviƒá,Serbia,190,86,33,14,11,13,13,35,50,6,10,48,45,12,20,24,25,22,69,26,21,23,40,18,41,7,5,16,13,14,9,66,64,66,55,66,30000,13
Scott Simons,England,183,74,19,15,12,16,12,28,43,4,8,31,38,11,31,29,31,20,53,33,34,38,48,18,41,8,9,17,12,19,10,52,52,53,55,55,7000,126
√âver Banega,Argentina,176,78,35,82,79,74,77,83,79,75,77,83,80,79,83,86,60,73,70,80,55,79,49,55,77,71,76,83,77,70,65,7,13,8,7,10,9500000,38
Baptiste Guillaume,Belgium,191,86,28,70,68,22,18,48,65,72,19,58,72,55,65,51,61,68,81,57,41,72,77,70,68,70,63,36,39,65,58,12,13,10,8,7,1300000,192
Massimo Coda,Italy,184,73,34,75,71,16,17,51,73,79,26,60,75,48,65,42,66,58,73,66,55,59,61,75,77,79,70,71,66,63,63,11,15,10,7,16,2700000,274
Armando Izzo,Italy,183,81,31,66,63,76,76,84,72,16,75,33,68,35,62,60,55,68,76,66,61,61,76,73,56,19,44,26,26,34,32,11,12,6,10,12,3500000,413
Demeaco Duhaney,England,180,70,24,63,62,62,61,56,54,50,56,43,50,57,55,44,74,68,65,70,72,72,65,50,51,27,25,47,30,32,37,10,14,14,13,6,50000,685
Guillem Naranjo Planelles,Spain,188,81,23,54,56,18,22,34,55,59,19,52,54,38,50,40,58,61,68,60,59,50,62,74,66,69,60,45,67,69,54,6,12,13,14,6,47500,505
Riza Durmisi,Denmark,173,69,29,70,71,66,63,80,65,60,65,72,64,69,65,62,74,72,56,80,75,72,78,64,79,53,67,72,71,40,54,11,10,6,6,11,1300000,115
Kevin Ortiz,Argentina,176,70,22,65,63,65,67,68,67,56,61,56,62,49,69,67,69,75,71,74,72,57,62,58,58,52,50,52,47,45,51,6,7,14,8,6,67500,515
Luca Bolletta,Italy,190,78,18,13,14,12,10,24,45,4,6,38,34,14,25,21,40,40,52,43,44,38,61,12,40,9,5,14,10,16,5,53,51,54,53,57,8000,59
Tom Krau√ü,Germany,182,72,22,74,72,71,74,87,72,70,70,72,65,51,75,69,74,83,67,68,69,69,74,64,73,61,71,50,47,55,62,12,7,11,5,8,3600000,232
Alejandro Remiro Gargallo,Spain,192,79,28,26,19,18,17,34,76,11,20,35,55,12,36,29,40,42,73,40,46,69,66,13,59,13,11,14,17,24,15,85,83,76,79,84,23500000,504
Leon Bailey,Jamaica,178,77,26,81,84,18,25,55,78,79,21,77,75,73,72,65,93,63,61,84,92,85,76,57,79,78,77,79,79,71,73,15,12,13,6,14,24500000,60
Ra√∫l Guti,Spain,177,74,26,72,66,64,66,67,76,65,71,72,69,58,75,73,67,87,79,74,65,66,58,60,76,67,64,66,64,53,58,11,8,15,12,11,2600000,190
Ansgar Knauff,Germany,180,73,21,76,80,44,48,54,72,72,52,71,65,71,75,58,88,72,53,75,85,79,64,48,66,64,62,68,43,41,61,14,8,13,13,7,8500000,265
Liam Millar,Canada,176,79,23,74,69,23,22,29,58,62,15,62,63,63,63,52,83,59,68,69,82,73,72,54,66,64,64,63,60,56,50,7,14,9,13,8,1400000,122
Joe Low,Wales,196,83,21,36,39,53,55,74,50,31,53,32,39,27,41,35,48,55,77,38,59,34,44,58,43,23,19,31,22,34,21,8,12,14,8,14,14000,661
Alexandru Despa,Romania,181,71,21,58,56,20,28,46,50,47,26,49,52,40,55,52,73,54,56,61,66,68,58,40,49,48,49,50,50,48,43,9,14,8,6,10,12000,231
Bruno Fagundeiro,Brazil,169,69,23,72,70,48,53,45,67,64,60,74,68,67,71,69,66,69,63,75,64,67,44,57,75,60,71,70,71,69,66,10,5,12,13,6,1600000,162
Ad√£o Salvadaldo,Brazil,174,69,27,71,77,23,17,40,65,69,30,36,58,66,55,41,73,53,52,80,72,87,70,61,66,77,71,51,52,77,65,7,13,15,15,8,1500000,62
Carlos Augusto,Brazil,184,75,24,72,72,74,74,70,72,70,72,68,72,74,74,68,69,82,74,58,79,68,67,69,68,58,68,68,47,43,66,12,11,12,5,13,3500000,413
Nemanja Radonjiƒá,Serbia,185,76,27,72,75,23,30,43,74,71,22,75,68,66,70,66,89,67,65,66,88,76,45,49,76,72,73,68,54,57,74,13,7,9,14,6,4700000,620
Vid Belec,Slovenia,193,84,33,21,13,11,10,25,66,11,21,23,70,11,24,28,53,20,59,31,43,55,73,13,49,10,16,12,13,23,10,69,70,69,65,71,80000,53
He Tongshuai,China PR,175,65,23,49,41,46,35,54,50,53,43,45,44,44,60,59,67,58,40,80,62,59,61,42,50,25,36,39,30,37,32,8,14,12,8,10,5000,678
Jean Erme√±o,Bolivia,181,78,31,63,61,59,64,70,63,64,66,64,66,65,68,65,66,79,70,64,62,61,66,53,80,54,42,79,76,73,45,13,13,13,14,9,55000,46
Anton Ziegler,Germany,177,70,19,55,56,33,37,60,61,49,33,48,47,44,56,51,64,42,47,72,66,61,48,40,50,50,48,45,39,45,43,9,8,14,8,14,11000,542
Christos Albanis,Greece,184,80,28,74,75,27,26,43,64,67,44,61,65,62,64,62,75,62,71,58,77,67,68,54,72,72,68,57,45,56,62,9,15,8,7,12,1700000,203
Paul Ebere Onuachu,Nigeria,201,98,29,78,73,36,48,74,75,81,41,68,74,41,73,68,63,73,93,32,75,42,54,85,78,81,63,58,30,86,73,9,9,12,14,8,14500000,579
Lautaro Rinaldi,Argentina,180,75,29,65,64,20,17,61,51,59,22,57,61,48,62,52,70,51,71,63,69,71,80,62,67,59,63,49,41,67,63,8,10,10,11,13,40000,660
David Puntigam,Austria,185,75,19,15,8,12,11,17,36,5,8,21,23,10,17,15,26,24,58,41,17,32,59,10,38,7,5,12,10,13,6,54,57,51,51,60,8000,71
Joost van Aken,Netherlands,193,75,29,68,58,68,65,64,67,35,74,55,63,40,68,68,54,66,72,49,67,59,80,65,56,25,32,26,34,44,33,7,13,7,9,11,1000000,684
Mata,Spain,185,79,34,76,75,29,28,80,82,79,19,66,76,63,67,51,62,65,76,35,68,64,71,75,80,74,71,55,52,76,73,6,12,8,10,12,3600000,275
Guillermo Fern√°ndez,Argentina,178,75,31,78,75,66,67,60,75,71,73,77,81,65,80,77,73,74,63,70,70,77,70,45,71,65,69,74,69,59,65,11,9,14,6,6,7000000,92
√ìskar Sverrisson,Iceland,184,80,30,58,54,57,60,51,57,56,57,37,47,43,56,39,65,70,71,63,66,58,70,39,53,48,41,46,35,44,43,13,8,14,14,15,22000,642
Cihan √áanak,Belgium,175,65,18,63,66,33,40,58,55,54,33,56,52,62,62,57,82,60,40,82,79,78,53,50,56,55,44,60,52,47,52,9,15,8,7,7,57500,597
Aurelian PƒÉun,Romania,181,75,22,18,11,11,13,25,44,17,15,43,36,14,28,30,32,25,53,44,22,28,57,12,42,19,17,13,11,16,16,56,58,52,56,58,13000,238
Eoghan O'Connell,Republic of Ireland,191,80,28,57,52,62,65,74,59,46,62,58,62,27,57,58,58,82,81,38,64,61,72,64,56,33,48,30,32,36,29,12,13,11,15,8,67500,677
Jonas Mukuna,England,176,64,18,53,54,24,31,43,48,45,23,46,51,49,46,40,75,58,63,77,74,74,48,40,57,46,48,51,42,47,42,12,14,14,10,15,9000,661
Giovanni Reyna,United States,185,79,20,79,85,37,35,57,77,73,37,78,78,70,79,64,78,73,74,77,78,84,66,45,78,71,77,79,64,50,77,12,10,13,14,7,15500000,97
Brian Maher,Republic of Ireland,185,78,22,26,24,15,17,31,57,10,15,62,36,13,40,36,50,37,40,52,47,51,58,7,44,10,12,14,11,16,12,60,61,61,58,61,30000,177
Macaulay Gillesphey,England,188,70,27,55,53,65,66,62,58,29,63,38,53,37,65,62,51,82,84,62,53,49,81,63,58,28,33,38,51,49,34,10,15,9,8,11,67500,468
Romain Thomas,France,193,84,35,64,31,73,76,75,70,28,73,37,71,42,68,68,33,46,82,41,32,38,70,78,64,30,28,39,34,50,18,14,13,7,11,10,1400000,538
Christoph Fenninger,Germany,182,78,28,61,62,21,26,39,48,54,23,41,48,44,56,31,64,61,58,51,66,49,49,49,58,59,54,49,38,53,51,12,12,7,10,7,18000,581
Kiyan Nassiri,India,174,65,22,55,56,15,17,30,48,49,19,47,49,37,50,37,59,53,47,76,66,71,62,53,50,59,49,37,37,55,49,10,7,12,14,13,13000,17
Robert Gumny,Poland,182,71,25,70,66,68,72,53,68,63,70,57,64,65,68,52,77,79,70,74,71,77,66,53,47,35,45,54,31,38,46,12,11,6,13,6,2500000,206
Franco Sbuttoni,Argentina,190,87,34,53,37,63,67,76,58,35,62,40,60,28,61,53,40,57,85,43,47,40,70,71,47,27,25,37,34,35,23,11,9,10,12,5,47500,556
Ciar√°n Kelly,Republic of Ireland,191,79,25,50,52,58,60,59,53,24,57,34,57,51,56,53,38,63,75,38,35,44,70,61,46,34,28,42,26,31,22,5,10,11,11,12,23000,98
Andy Diouf,France,187,82,20,76,72,61,62,73,54,59,58,58,60,51,73,73,68,66,67,65,66,62,69,60,71,46,70,68,51,49,41,9,10,15,13,10,82500,208
Ond≈ôej Lingr,Czech Republic,175,70,24,75,75,42,43,80,70,80,38,70,74,67,71,69,79,78,78,86,78,84,79,74,75,73,74,66,66,63,68,10,14,5,11,12,4900000,575
Sinan Karweina,Germany,173,68,24,64,66,38,43,58,62,65,37,65,59,53,60,54,75,63,55,85,75,85,71,45,61,58,53,43,35,55,62,11,8,8,13,7,67500,71
Kade Craig,England,183,79,20,39,42,52,53,53,45,40,54,39,33,39,36,28,64,62,70,64,63,58,70,41,21,29,23,33,27,31,21,8,13,14,10,14,8000,572
Jakub ≈Åukowski,Poland,172,74,27,63,65,24,25,48,48,61,62,59,60,61,63,58,81,71,57,87,80,84,58,50,69,60,63,54,54,58,50,11,16,10,15,13,77500,360
Niclas Eliasson,Sweden,178,70,27,72,74,35,48,40,67,60,35,73,66,74,67,57,90,75,54,78,87,91,60,32,60,61,61,73,69,53,62,16,11,7,10,14,3300000,8
Carlos Arrua,Paraguay,172,70,26,67,75,70,71,49,60,60,60,68,55,50,68,60,70,80,59,59,70,61,60,36,70,70,72,55,72,70,38,6,7,9,13,14,1200000,152
Bikash Yumnam,India,180,75,19,35,25,56,57,48,49,30,52,32,43,42,43,46,57,62,70,65,57,57,70,40,40,36,24,33,21,36,30,15,13,7,11,10,8000,140
Dejan Iliev,North Macedonia,195,87,28,21,13,12,14,18,52,12,21,38,44,20,27,22,45,35,68,52,43,37,50,11,45,17,12,13,12,23,18,60,64,59,60,64,30000,294
Matheus Henrique,Brazil,175,71,25,77,79,60,57,66,72,73,52,75,67,69,80,82,78,79,55,73,69,82,64,50,64,56,61,65,60,61,59,11,8,12,7,7,4800000,558
Tomislav Mrƒçela,Australia,195,88,32,54,50,62,67,74,62,34,64,47,60,30,57,56,42,73,87,57,50,39,52,67,44,29,32,26,39,45,23,13,10,10,6,13,57500,659
Hidde ter Avest,Netherlands,182,78,26,72,70,68,66,67,70,61,63,61,68,71,69,65,69,78,71,65,76,65,67,63,64,59,32,59,29,43,33,7,12,12,9,9,1900000,239
Rahul KP,India,167,64,23,56,55,42,43,53,42,53,23,50,42,48,45,40,88,58,37,90,89,80,69,47,55,55,44,47,36,46,49,14,12,7,6,12,19000,357
Samuel Anini Jr,Finland,171,65,20,58,56,28,29,36,50,51,19,50,52,50,56,50,78,56,42,82,75,84,46,31,56,52,47,42,34,42,44,12,12,9,13,11,18000,294
Francisco Concei√ß√£o,Portugal,168,61,20,78,83,33,37,42,68,65,23,70,72,68,71,68,85,64,32,85,78,93,40,36,63,63,57,61,48,59,64,15,9,6,7,14,4600000,26
Lo√Øc Nestor,France,179,70,34,58,47,69,65,73,67,42,72,46,66,57,62,65,61,88,78,74,39,67,91,67,52,43,42,33,29,49,44,13,15,7,12,14,67500,287
Fabio Gonz√°lez,Spain,176,69,26,68,65,68,71,61,62,55,65,63,63,45,71,68,65,72,66,77,54,65,80,63,56,57,56,50,44,48,41,7,11,7,11,5,1200000,630
Emre Bilgin,Turkey,188,85,19,17,9,12,10,27,44,6,8,38,28,12,22,21,34,24,56,38,32,31,64,10,44,8,9,10,13,14,6,59,67,60,58,67,30000,87
Julien Faussurier,France,173,70,36,73,69,69,74,75,69,73,70,74,71,75,75,73,55,71,62,73,45,60,82,60,56,59,58,65,49,62,50,13,6,14,10,7,57500,246
Henry Hore,Australia,180,70,24,58,59,30,38,53,55,56,32,54,57,48,55,45,77,71,57,70,80,68,68,50,57,57,54,52,42,56,49,6,14,12,13,10,30000,104
Hamari Traor√©,Mali,175,70,31,77,76,76,79,75,76,72,73,66,72,80,75,73,81,89,73,79,85,75,85,71,72,52,58,74,42,47,32,7,10,14,9,16,18000000,594
Sergio Pe√±a,Peru,178,70,27,77,74,44,52,63,65,64,61,79,82,73,78,79,59,68,71,87,51,80,45,57,74,62,68,73,71,71,68,10,5,12,13,6,2500000,393
Pep Gay√†,Spain,185,74,23,52,45,64,65,64,56,33,60,38,52,40,65,50,53,67,77,44,49,45,72,67,45,30,20,35,36,38,37,11,12,14,15,14,75000,489
Cao Yongjing,China PR,180,73,26,57,61,53,55,59,64,62,55,55,50,46,53,50,80,79,74,62,81,74,60,52,54,52,55,68,65,58,49,10,15,8,13,12,37500,83
Jean-Claude Billong,Cameroon,192,88,29,40,44,69,70,70,64,28,61,38,61,39,59,46,47,63,90,34,39,34,73,68,54,25,30,32,32,41,36,6,7,11,8,12,87500,117
Montasser Lahtimi,Morocco,185,71,22,67,71,26,27,39,57,57,29,58,61,66,61,61,77,60,68,61,74,80,53,48,69,60,62,70,64,66,57,12,13,6,9,11,85000,623
Marius Funk,Germany,187,88,27,13,12,10,9,27,60,8,14,28,31,9,20,17,39,28,61,40,38,37,59,12,47,9,11,10,13,19,7,63,65,64,62,65,57500,221
Nawaf Al Saadi,Saudi Arabia,168,62,22,57,59,26,27,43,48,50,27,53,51,47,54,51,67,42,39,72,69,71,55,30,45,48,42,46,50,45,33,5,11,12,14,11,15000,22
Kim Yeon Soo,Korea Republic,185,76,29,26,20,62,62,52,51,29,60,30,44,24,35,24,54,59,67,55,51,37,74,51,32,21,15,20,20,32,21,7,13,10,13,13,12000,327
Dennis Politic,Romania,175,75,23,62,63,37,28,37,56,56,25,59,58,58,56,52,78,59,68,68,79,79,65,42,65,55,63,53,49,53,49,15,9,6,12,6,47500,471
Orozco,Equatorial Guinea,182,75,25,58,52,61,63,76,55,45,60,41,44,48,48,45,72,64,66,57,80,67,68,54,43,29,30,42,38,40,34,15,6,10,11,12,32500,10
Facundo Mater,Argentina,164,64,25,68,69,65,68,72,65,67,67,63,68,63,68,62,71,72,65,69,69,70,34,55,60,57,57,47,42,43,40,13,14,11,10,6,1400000,80
Lennart Moser,Germany,196,88,23,12,8,11,12,28,61,5,10,29,24,13,22,15,18,18,64,24,32,35,34,11,44,5,7,13,14,19,9,63,69,63,58,70,75000,344
Arthur Okonkwo,England,196,85,21,17,9,12,13,20,61,6,11,30,30,10,33,20,44,29,50,31,44,40,50,12,46,6,7,12,20,19,7,64,64,62,61,66,60000,536
Marten de Roon,Netherlands,185,76,32,75,69,79,84,84,78,67,83,67,83,68,76,73,64,86,81,73,74,61,80,75,77,60,77,61,54,80,63,12,14,15,7,12,15000000,86
Steffen Puttkammer,Germany,192,81,34,56,32,59,66,67,45,27,59,38,68,22,61,56,45,65,80,55,31,42,70,66,40,24,16,29,27,34,27,15,8,6,10,6,23000,543
Youri Schoonderwaldt,Netherlands,195,82,23,13,14,10,13,19,57,8,9,31,25,14,29,24,15,25,49,46,27,25,62,13,41,6,6,14,14,18,5,58,60,59,55,59,22000,583
Martin Braithwaite,Denmark,180,77,32,79,80,26,30,70,76,77,29,74,76,68,75,65,83,76,75,69,79,81,82,68,78,76,72,72,74,73,75,7,14,13,11,8,8500000,488
Hugo Pamanez,Uruguay,193,85,31,17,8,14,15,26,66,5,15,33,22,18,28,26,21,26,63,30,27,39,28,13,53,6,10,11,16,14,11,63,70,68,71,67,80000,662
Jean-Pierre Nsame,Cameroon,188,88,30,74,72,15,19,66,76,76,18,58,74,39,63,46,73,77,87,64,80,57,87,78,79,73,70,56,56,74,77,15,13,12,5,5,5500000,75
Abdulaziz Al Bishi,Saudi Arabia,173,73,29,69,72,31,26,53,59,60,28,63,67,60,62,62,87,68,66,88,87,86,82,47,64,59,55,72,59,51,54,14,10,12,6,16,1200000,33
Tyrone Tormin,France,177,67,22,60,61,31,33,39,51,60,19,54,54,50,54,48,85,51,48,75,81,80,60,41,56,55,51,53,49,62,51,12,9,6,10,6,30000,430
Tommy Smith,New Zealand,188,82,33,52,50,60,62,69,54,48,59,50,56,49,55,53,51,69,73,52,44,51,64,60,45,32,38,32,32,34,30,15,11,16,9,10,16000,148
Joscha Wosz,Germany,173,75,21,71,69,43,52,42,61,51,50,60,65,52,65,60,64,60,45,78,68,71,54,39,65,53,50,54,47,48,50,8,9,7,6,5,35000,529
Kayne Bonnevie,France,191,76,22,15,8,13,10,35,58,7,9,36,40,12,17,25,22,20,62,23,17,28,45,10,44,6,5,11,10,16,6,59,62,57,58,63,27500,439
Luis Sinisterra,Colombia,172,60,24,83,87,47,48,56,77,75,50,77,77,68,78,67,92,77,57,87,87,93,89,69,72,77,72,64,48,55,74,13,15,13,9,9,24500000,374
Catena,Spain,194,82,28,66,35,77,79,75,72,33,76,55,68,39,73,71,65,78,79,52,66,60,83,80,52,38,32,42,31,44,29,8,9,9,14,11,9500000,498
Iv√°n Marcone,Argentina,182,83,33,75,68,73,75,78,72,70,74,73,79,70,77,76,52,75,80,62,40,54,54,67,70,57,66,59,60,59,49,16,16,11,12,10,5000000,330
Luc Ihorst,Germany,190,89,23,64,61,21,25,63,59,63,30,54,52,52,57,34,73,65,79,49,88,46,74,64,68,63,54,40,34,60,57,12,12,10,9,14,85000,99
Lasse Schulz,Finland,198,84,20,18,11,12,11,18,38,5,12,39,29,14,20,20,21,15,63,24,18,22,33,14,43,8,7,12,9,11,7,54,57,60,57,56,11000,268
Kristers Tobers,Latvia,189,75,22,58,44,61,65,66,56,28,64,52,54,36,62,57,55,66,75,46,53,44,74,56,51,39,44,31,35,42,36,10,14,12,9,11,60000,373
Torgil Gjertsen,Norway,175,72,31,65,66,46,50,57,58,63,52,62,66,62,63,54,75,71,62,85,71,84,38,46,65,62,62,62,57,56,63,12,12,9,8,7,70000,361
Gustavo Maia,Brazil,169,60,22,62,64,21,19,40,60,61,20,60,50,59,60,57,75,68,63,69,78,79,59,55,62,60,59,60,58,62,58,7,8,9,8,7,70000,640
Tashan Oakley-Boothe,England,182,68,23,65,62,55,60,59,57,53,56,61,65,48,67,66,63,60,58,51,65,57,59,45,44,37,35,56,55,52,34,14,13,7,9,8,37500,382
Vincy Barretto,India,170,57,23,53,55,26,25,38,40,46,17,47,45,49,52,46,71,44,52,67,82,75,45,33,47,47,39,47,36,50,40,11,9,15,7,9,13000,140
Marcus Berg,Sweden,184,74,37,71,68,25,33,59,75,83,28,66,75,56,72,51,66,67,71,71,68,70,83,74,75,77,72,66,57,70,70,8,10,7,12,14,1800000,323
Jailson Caeiro,Brazil,177,75,31,71,73,73,72,53,73,59,71,51,67,71,69,66,73,82,68,71,68,71,77,71,55,51,52,46,49,62,58,11,11,10,18,14,4800000,128
Jaime Seoane,Spain,175,73,26,76,73,61,69,75,69,74,67,73,76,68,73,71,74,78,75,79,69,74,68,65,74,72,71,73,76,73,55,11,10,11,5,15,3400000,275
Michael Venturi,Italy,193,80,24,63,61,68,70,58,57,51,59,54,56,50,74,59,61,47,59,54,55,57,60,57,59,48,39,47,43,53,40,14,8,8,14,8,60000,155
Daniel Sappa,Argentina,193,97,28,23,11,11,13,25,62,7,22,43,47,11,26,25,31,23,73,35,37,33,55,15,46,8,11,21,17,39,11,67,63,62,61,66,55000,195
Vasilis Zagaritis,Greece,178,68,22,55,58,58,60,53,63,53,59,37,57,55,53,51,74,72,56,78,80,70,59,53,58,33,45,50,34,37,41,10,13,9,9,13,52500,456
Guillermo Parresino,Uruguay,181,77,31,52,40,65,59,67,58,38,60,48,40,38,68,61,61,58,68,63,58,52,59,48,47,33,35,36,39,34,28,13,14,11,10,13,27500,509
Jordan Bowery,England,185,76,32,57,61,42,49,59,53,58,40,41,55,52,55,45,76,80,79,61,80,67,66,60,61,59,53,32,35,58,51,11,9,10,12,13,32500,397
Giorgi Kvilitaia,Georgia,193,80,29,74,73,33,31,65,74,74,31,58,63,49,69,57,63,71,80,46,65,62,69,75,71,76,66,64,42,75,73,12,10,5,13,9,3100000,53
Lewis Holtby,Germany,176,72,32,76,72,64,61,73,68,68,62,74,74,70,74,74,66,62,61,79,62,78,86,52,70,64,65,78,74,66,67,11,12,12,8,9,1500000,315
Boris Singh,India,161,63,23,53,55,52,54,48,47,50,50,52,48,53,50,47,70,63,36,87,76,72,62,45,47,50,44,49,42,45,37,6,11,14,10,6,17000,338
Richard Brush,England,185,86,38,17,11,10,13,36,48,16,18,36,57,16,23,43,51,25,59,49,52,52,55,10,41,17,12,10,14,19,17,56,55,55,55,56,400,576
Ander Mart√≠n,Spain,176,78,22,67,70,54,46,32,56,58,52,63,57,59,65,56,73,62,56,70,69,69,44,43,66,66,51,57,59,67,48,10,14,14,11,8,85000,504
Marko Johansson,Sweden,194,86,25,24,17,15,12,23,58,14,22,32,51,16,35,37,40,35,63,42,42,39,68,12,53,20,20,17,13,15,16,63,67,64,71,70,72500,646
Joaqu√≠n Pereyra,Argentina,181,71,24,72,70,52,57,58,67,70,65,74,75,70,73,72,66,74,65,71,67,68,66,46,68,62,71,71,65,57,56,10,8,12,10,7,2200000,66
Luca Plogmann,Germany,188,78,23,24,11,13,10,29,62,10,10,29,43,12,26,26,38,24,64,46,42,46,67,13,46,10,13,12,15,21,14,58,66,61,61,67,52500,282
Jayden Davis,England,178,73,21,57,56,29,30,34,53,51,29,48,49,52,49,41,78,52,41,82,81,74,48,33,53,49,39,48,38,47,49,9,9,13,7,12,16000,158
Miguel Baeza,Spain,177,76,23,70,69,50,45,44,58,61,40,66,63,69,73,74,65,59,48,73,65,67,70,43,62,65,63,70,54,49,53,14,7,8,6,13,1400000,508
Jhon Lucum√≠,Colombia,187,82,25,68,58,73,74,73,70,33,74,36,71,61,72,71,67,71,84,60,69,63,71,71,38,23,28,39,31,36,23,8,6,11,10,7,3100000,94
Javier B√°ez,Paraguay,180,84,32,63,65,70,72,66,70,69,75,67,70,62,70,65,69,70,75,64,70,73,73,75,56,56,44,57,40,75,50,14,10,15,15,10,1600000,330
Harry Lennon,England,190,77,28,49,44,60,61,64,56,33,59,38,55,33,52,45,61,59,75,49,67,65,74,56,38,25,26,34,31,37,24,13,7,8,8,10,30000,677
Claudiu Ke»ôer√º,Romania,179,80,36,65,63,33,35,67,63,70,35,68,68,66,68,66,53,55,70,70,51,63,65,64,72,65,67,69,71,70,68,8,14,10,12,12,30000,631
Neal Maupay,France,173,69,27,75,66,33,55,80,79,79,26,69,70,61,74,59,77,78,67,81,66,76,59,73,79,77,71,63,55,78,75,8,11,12,7,14,6500000,197
Jake Hollman,Australia,176,70,22,59,62,57,57,65,58,57,58,58,57,48,61,56,70,67,55,76,67,76,69,44,56,52,50,49,45,45,40,14,14,6,9,8,25000,392
Gjermund √Ösen,Norway,182,71,32,69,69,40,45,68,65,65,55,72,68,71,68,67,63,74,65,68,54,71,55,61,72,62,62,68,67,64,65,7,7,12,15,13,1000000,381
Jacopo Fazzini,Italy,178,70,20,66,67,62,57,64,68,63,57,54,55,58,70,64,66,69,52,71,68,66,62,54,69,34,45,50,50,51,47,14,9,5,11,12,52500,191
Fabian Rohner,Switzerland,178,67,25,63,61,50,53,51,61,57,47,48,60,57,60,55,81,65,47,73,85,76,43,35,57,54,55,53,30,44,37,13,11,9,7,10,55000,244
Facundo Castelli,Argentina,183,75,28,63,57,20,17,41,61,60,25,48,53,35,44,37,59,55,70,63,62,50,68,64,62,67,53,38,33,61,51,6,10,9,14,6,35000,131
E√≠ran Cashin,Republic of Ireland,180,86,21,57,58,71,70,75,64,42,67,44,71,50,66,65,63,66,72,68,60,56,73,72,43,32,30,42,44,34,34,11,8,9,7,10,1400000,176
Jean-Philippe Gbamin,Ivory Coast,186,83,27,74,74,72,76,83,73,65,76,71,72,68,75,72,66,48,80,63,76,64,77,72,80,40,71,62,60,40,53,14,11,13,8,10,5500000,623
Andreas Linde,Sweden,196,93,30,18,20,11,14,18,62,15,22,57,57,16,22,18,48,25,70,32,49,30,60,12,50,13,19,13,12,23,12,73,73,64,66,75,1300000,268
Gregory Materan,Venezuela,177,64,25,65,64,32,26,40,61,64,25,63,50,65,56,53,70,70,38,57,65,72,46,41,46,59,36,42,33,61,36,8,14,12,5,7,67500,193
Max Power,England,181,78,30,66,65,63,64,74,67,64,64,67,65,70,67,68,58,93,76,75,55,62,76,68,72,63,66,63,66,59,56,11,7,14,14,7,1200000,672
Jack Diamond,England,175,66,23,62,66,27,33,45,59,62,32,58,61,57,57,49,91,81,55,82,85,83,60,51,59,59,59,48,45,68,44,11,14,5,9,13,85000,382
Viktor Djukanoviƒá,Montenegro,184,78,19,64,64,21,22,50,58,58,25,58,58,53,56,43,73,58,54,71,71,71,50,36,55,56,50,48,43,44,48,12,7,11,10,15,35000,299
George Timotheou,Australia,190,89,26,54,37,58,59,63,46,32,56,37,55,34,56,51,55,42,91,58,50,40,62,55,50,21,39,28,31,26,22,15,14,16,9,6,25000,400
Ali Ya≈üar,Belgium,180,70,28,58,55,60,64,55,60,34,64,28,57,59,59,57,67,57,57,67,69,69,68,58,32,15,49,68,69,39,28,11,8,7,10,10,47500,685
Simon Thomas,Canada,191,90,33,23,14,15,17,34,52,12,18,42,40,14,35,35,42,28,68,52,36,37,54,14,43,14,14,14,14,20,17,59,61,60,57,61,12000,625
Fran Gonz√°lez,Spain,188,81,25,52,40,65,68,77,59,28,55,28,54,34,64,53,44,65,79,45,55,41,70,55,41,21,25,28,26,40,30,13,10,6,7,11,60000,67
Runar Norheim,Norway,175,65,18,62,61,45,46,58,50,56,48,58,55,44,60,56,66,54,36,75,64,76,48,49,45,52,45,42,44,45,38,6,13,12,11,14,20000,625
Emmanuel Mas,Argentina,180,82,34,72,67,67,69,81,69,63,71,64,68,64,68,62,77,74,73,59,78,71,76,73,70,53,65,64,50,57,60,14,7,7,15,16,1200000,195
Ajibola Alese,England,192,77,22,55,60,63,65,65,58,30,65,39,62,51,58,44,76,67,79,58,80,53,73,59,43,31,35,40,27,28,34,10,14,6,14,6,77500,603
Rafanilton Vilela,Brazil,180,71,35,75,73,13,12,33,77,72,44,55,66,55,65,61,82,62,73,71,82,71,72,75,61,66,56,63,64,65,62,16,7,13,9,10,90000,611
Elio Capradossi,Italy,185,78,27,57,41,72,74,72,60,32,78,36,60,31,70,61,65,70,68,65,55,66,73,68,38,33,40,39,34,40,41,10,9,6,8,15,1800000,120
Leonel Picco,Argentina,188,79,24,67,66,66,68,74,61,58,65,63,54,43,71,67,53,71,75,49,55,53,61,63,61,57,64,45,44,47,39,14,5,13,6,14,1400000,152
James Sands,United States,186,73,23,69,63,66,72,74,69,49,71,63,55,46,73,66,43,73,72,63,53,58,71,61,53,55,40,38,35,37,38,12,10,7,7,5,1400000,497
Dennis Cirkin,England,182,72,21,63,66,62,63,59,59,50,61,52,51,62,61,45,75,66,58,64,78,68,63,57,37,40,34,50,43,47,29,11,7,8,11,15,87500,603
Ryan Sessegnon,England,178,70,23,78,77,65,73,67,73,77,71,75,76,76,76,65,81,75,60,78,79,79,66,55,67,66,55,74,31,61,55,8,6,11,7,7,8000000,588
David Pech,Czech Republic,178,78,21,72,74,65,65,73,68,64,65,69,67,67,71,68,79,74,71,82,79,71,62,59,65,59,55,66,63,62,59,14,9,10,13,11,1600000,575
Koba Le√Øn Koindredi,France,184,77,21,73,72,53,50,58,66,62,55,72,70,66,73,70,64,63,68,62,63,66,64,59,78,61,75,65,73,70,66,6,12,9,14,10,1300000,478
Ren√© Klingenburg,Germany,190,84,29,68,66,51,59,75,65,63,60,66,62,54,65,65,54,76,85,64,47,62,70,68,68,55,63,43,40,56,63,6,12,15,13,8,72500,350
Fabian Ehmann,Austria,189,77,25,20,19,15,10,19,58,12,16,34,27,14,20,18,43,44,56,52,41,37,55,14,41,12,12,10,13,21,17,63,62,60,55,66,40000,614
Falah Waleed,United Arab Emirates,177,69,24,56,53,56,58,60,55,51,60,56,55,41,58,57,66,84,69,75,67,62,71,47,55,40,42,37,35,43,39,11,13,5,12,10,32500,28
Sa√∫l,Spain,183,75,28,70,65,70,69,59,70,49,68,53,55,64,70,64,67,56,67,62,65,61,63,69,66,29,65,70,65,43,22,15,7,14,15,9,1300000,479
Patryk Soko≈Çowski,Poland,181,73,28,64,66,62,67,58,66,54,67,62,62,54,67,63,62,82,71,60,60,72,59,52,58,44,58,32,57,46,29,9,8,14,15,8,95000,375
Mathis Bruns,Germany,192,75,19,44,39,59,61,55,52,24,54,31,39,27,44,33,33,45,62,53,47,47,68,58,43,22,21,24,22,25,20,9,7,6,15,9,15000,371
Ryan Delaney,Republic of Ireland,196,72,26,51,45,61,63,64,57,35,57,36,57,32,53,48,53,67,82,40,43,34,68,67,23,32,18,36,28,38,25,15,5,5,8,14,37500,414
Ion Gheorghe,Romania,171,63,23,66,68,39,42,55,67,65,43,65,68,64,67,59,90,86,53,81,83,85,63,35,67,63,64,68,60,62,40,14,14,12,8,12,1400000,560
Facundo Far√≠as,Argentina,171,69,21,80,83,37,43,72,72,75,29,69,80,64,73,72,91,73,69,91,82,90,57,63,82,69,70,69,49,74,71,6,6,13,6,13,6000000,152
Giovanni Sio,Ivory Coast,181,80,34,72,69,12,18,73,65,69,18,67,70,62,70,63,70,62,76,70,72,74,69,70,73,68,72,73,69,68,73,15,15,9,10,16,87500,234
Edward Chilufya,Zambia,171,65,23,70,70,13,15,40,56,61,31,61,51,59,52,36,92,78,38,86,90,90,90,40,54,63,54,55,33,51,58,14,13,8,10,11,1200000,226
Billal Messaoudi,Algeria,184,76,25,73,73,21,34,37,64,64,27,64,66,56,58,38,84,62,68,67,77,74,72,37,73,68,64,72,70,65,67,13,7,14,10,15,1000000,346
≈Ωan Zaletel,Slovenia,185,77,23,62,46,64,67,60,62,25,63,34,55,32,61,50,52,64,74,52,54,55,75,63,37,28,20,35,28,35,29,13,5,6,8,11,75000,649
Lautaro Ovando,Argentina,174,73,20,64,63,22,21,52,55,59,20,48,50,36,55,53,63,65,63,71,67,64,71,61,57,65,58,39,34,65,40,14,6,6,14,9,37500,55
Hira Mondal,India,167,65,27,46,40,55,56,73,45,44,48,38,40,44,41,38,72,80,66,72,67,60,71,38,46,29,39,39,33,27,42,14,13,5,15,5,13000,431
Szymon ≈ªurkowski,Poland,185,77,25,77,76,71,71,75,76,77,73,72,78,70,78,71,78,90,78,80,85,80,71,65,78,74,74,68,58,52,62,13,10,6,11,6,8500000,368
Ronny Rodelin,France,193,83,33,72,69,19,30,43,72,71,53,72,64,71,71,62,55,84,87,59,54,71,85,72,71,73,70,70,62,71,72,16,8,13,10,10,1500000,561
Th√©o Pellenard,France,182,78,29,66,63,67,68,62,63,52,66,51,63,71,67,63,59,64,72,59,54,61,73,68,41,32,38,54,39,42,33,9,10,9,12,14,87500,14
Alex Telles,Brazil,181,71,30,79,77,76,77,76,79,76,79,78,75,84,80,79,78,82,62,70,79,75,81,66,87,63,83,87,79,83,66,11,13,8,12,14,18500000,562
Miha Bla≈æiƒç,Slovenia,185,81,30,59,31,72,77,65,71,25,72,58,55,28,68,69,57,59,79,55,64,58,71,72,48,30,33,26,32,38,29,12,6,11,13,11,2000000,50
Carlton Morris,England,185,85,27,67,66,28,25,63,69,69,39,60,65,48,60,45,74,68,82,60,76,66,78,67,73,71,59,44,36,63,56,14,7,14,12,12,1500000,386
Nicolas Cozza,France,178,72,24,72,70,75,77,73,75,49,76,55,67,59,71,62,76,69,70,72,74,60,75,67,49,39,35,60,36,50,31,14,6,10,8,13,6000000,648
Lewis Leigh,England,172,67,19,59,52,45,39,75,51,53,42,55,57,43,60,57,67,63,32,83,65,62,34,33,51,31,42,41,45,40,37,7,9,10,14,8,11000,475
Lobete,Spain,177,72,22,68,63,15,13,44,65,69,17,54,62,51,53,53,74,60,57,78,64,71,61,64,65,67,59,47,40,57,50,7,7,13,11,5,85000,491
Taylor Washington,United States,178,77,30,52,40,61,67,42,66,27,62,25,43,60,55,31,72,54,62,65,73,48,75,54,32,22,24,36,23,37,20,12,10,11,12,14,35000,423
Jean Pierre Rosso,Uruguay,179,72,26,60,61,59,61,49,56,59,59,54,58,65,63,53,73,69,59,67,70,71,58,53,48,41,56,49,49,39,49,10,14,7,9,7,60000,556
Federico Paradela,Argentina,178,69,24,66,66,49,53,44,60,60,50,65,64,54,64,66,67,68,59,73,69,72,54,44,57,56,54,56,50,55,49,14,7,9,14,11,55000,556
Fran Grima,Spain,174,70,36,62,55,61,64,65,65,53,62,46,56,60,53,48,71,80,61,78,67,72,71,40,54,41,33,59,46,48,30,14,15,9,14,8,22000,629
Vladyslav Dubinchak,Ukraine,173,62,25,66,73,67,70,67,65,66,67,67,63,67,74,69,79,71,45,82,75,73,69,45,59,30,61,72,46,34,58,13,7,14,9,13,1700000,186
Santiago Montiel,Argentina,166,60,22,56,58,62,62,70,56,63,57,45,59,56,57,49,68,70,37,62,66,66,62,41,58,37,55,55,58,55,37,11,10,10,10,7,35000,55
Alexandru Utiu,Romania,192,75,20,16,14,12,10,25,33,8,7,24,29,13,28,28,28,19,31,44,22,35,56,11,40,7,5,10,12,13,5,50,55,52,53,55,6000,220
Luis Pavez,Chile,175,74,27,63,64,63,64,71,54,64,52,56,54,71,58,54,80,82,62,71,82,81,71,48,58,47,53,50,30,35,43,15,12,12,12,14,85000,638
Andr√©s Cubas,Paraguay,166,60,27,72,67,75,78,81,74,65,73,69,74,59,75,71,70,87,32,92,68,90,72,55,59,49,61,55,44,51,33,13,9,12,11,7,2500000,670
Emanuel Coronel,Argentina,173,72,26,58,49,70,68,65,63,57,64,35,60,64,61,39,69,73,60,77,68,70,72,65,47,25,22,48,32,41,34,9,7,10,13,8,1200000,76
Anthony Mandrea,Algeria,186,78,26,18,16,21,19,23,63,15,19,15,51,13,28,19,41,28,61,55,49,33,51,15,47,17,14,14,20,23,16,71,71,64,63,74,1300000,538
Osvaldo Jonia,Ecuador,172,66,31,67,65,26,26,40,63,60,37,54,70,66,62,44,67,63,55,87,65,62,66,65,65,68,65,40,65,65,58,7,8,7,15,9,57500,418
Jashar Beluli,Albania,178,70,19,56,54,12,13,41,47,52,17,45,46,36,43,37,67,34,33,64,68,73,55,48,49,57,50,36,34,48,44,14,12,11,13,5,8000,7
Maicol Gil,Bolivia,169,66,21,53,61,54,60,49,58,51,55,48,55,57,61,49,70,65,55,65,68,55,62,45,47,45,46,35,46,55,44,6,8,13,13,13,25000,289
Oumar Solet,France,192,81,23,68,69,70,74,75,69,59,74,56,69,31,74,71,77,73,89,36,86,68,80,68,64,35,39,35,34,42,33,14,12,14,10,15,6000000,485
Ruud Boffin,Belgium,196,86,35,16,20,11,12,35,67,13,25,41,56,11,18,12,56,38,70,33,57,52,75,12,48,13,20,17,15,20,17,69,72,67,64,71,27500,51
Konstantin Kerschbaumer,Austria,179,78,31,67,65,54,63,69,63,67,62,70,68,58,65,63,69,91,72,71,74,72,71,48,72,64,67,58,63,55,48,15,8,9,14,15,97500,675
Timoth√©e Kolodziejczak,France,185,75,31,64,55,67,69,74,67,62,68,62,65,67,71,68,68,73,77,52,67,67,86,70,47,30,43,59,34,49,30,16,14,6,10,7,1300000,232
Michael Mancienne,Seychelles,186,86,35,63,56,62,62,75,63,35,64,52,60,45,62,61,54,54,78,62,47,63,80,62,63,27,26,32,25,41,40,12,15,14,9,11,20000,110
Bogdan VƒÉtƒÉjelu,Romania,171,70,30,67,67,63,64,69,66,61,64,63,69,68,65,67,81,69,65,87,85,84,87,58,74,54,72,68,67,52,59,10,6,13,12,11,1200000,636
Erik Sviatchenko,Denmark,184,82,31,69,51,71,73,73,71,67,74,65,74,44,72,69,52,77,89,70,66,68,91,77,67,41,59,45,39,38,38,11,14,15,7,16,4600000,226
Lee Ji Hoon,Korea Republic,176,69,29,50,52,60,63,70,57,53,56,38,54,48,52,35,78,60,54,75,67,71,60,40,25,21,23,43,33,38,20,5,6,11,11,6,22000,559
Paul Anton,Romania,182,81,32,66,58,60,67,72,67,62,66,62,67,57,66,70,65,75,74,64,64,62,70,61,77,54,73,70,66,55,48,11,8,14,9,8,85000,631
Joris Moutachy,France,175,68,25,58,64,53,57,52,50,45,52,55,52,60,61,53,82,80,66,80,84,79,67,44,38,28,34,42,39,44,45,11,11,9,5,14,42500,430
Laurin Ulrich,Germany,180,76,18,67,67,38,45,54,56,55,47,59,60,55,66,62,73,62,67,76,79,77,68,44,65,57,60,52,54,48,55,12,8,14,6,12,32500,645
Karifa Yao,Canada,188,81,22,35,34,57,57,64,50,20,54,34,40,29,44,43,59,46,80,46,76,39,79,60,36,16,22,27,25,33,25,6,14,6,6,7,21000,670
Huang Zichang,China PR,173,67,26,64,74,46,42,60,65,58,46,53,52,48,51,44,81,75,62,82,80,85,89,60,61,66,46,53,40,46,41,14,9,8,14,9,65000,311
Ross Callachan,Scotland,178,70,29,67,65,63,62,82,62,65,60,66,64,61,68,65,65,81,69,67,66,66,63,60,65,65,67,59,55,68,58,13,10,10,12,12,90000,517
√Ålex Revuelta,Spain,192,80,23,42,38,62,68,64,57,27,55,33,55,26,53,48,64,68,74,45,67,40,71,61,40,26,33,42,29,35,24,13,13,9,11,10,40000,275
Salvador Ricuelme,Bolivia,177,73,39,66,43,61,63,62,63,51,62,45,68,63,64,63,57,60,60,75,60,60,69,61,65,46,64,43,68,63,42,12,7,8,10,7,13000,46
Tommi O'Reilly,Republic of Ireland,170,63,19,63,64,62,54,45,54,55,47,62,69,49,68,57,69,51,44,73,54,77,59,56,62,55,52,60,53,61,51,12,14,9,15,13,23000,60
Lindrit Kamberi,Switzerland,182,83,23,61,38,63,65,55,55,34,61,38,55,30,60,59,70,72,74,65,70,60,85,64,39,25,17,28,33,38,23,6,14,6,7,10,50000,244
Tolgay Arslan,Germany,180,77,33,77,78,68,75,80,71,72,76,71,76,67,80,75,59,63,65,76,73,71,55,58,83,68,74,75,72,74,65,6,6,11,10,6,3900000,632
Sam Sanna,France,170,65,24,70,70,67,67,65,64,60,55,63,66,62,69,66,72,71,45,82,69,70,45,54,63,55,48,60,55,57,56,10,6,6,6,10,82500,593
Mattia Zaccagni,Italy,177,63,28,82,85,52,58,61,77,78,58,76,71,71,78,75,85,73,63,84,80,86,46,66,75,73,72,67,51,61,66,8,13,16,14,7,18500000,370
Diego God√≠n,Uruguay,187,78,37,70,52,72,74,80,70,52,73,53,77,52,74,68,47,60,80,53,50,51,90,82,67,42,43,49,49,50,47,5,6,8,15,15,1300000,657
Kane Smith,England,175,73,27,55,58,57,57,59,54,54,55,51,52,57,52,43,79,74,60,73,78,73,71,48,60,43,48,56,41,44,37,6,5,5,5,15,40000,598
Jean-Paul Bo√´tius,Netherlands,178,76,29,78,79,40,45,44,73,74,40,77,72,73,75,68,78,89,60,75,67,84,68,57,70,69,71,78,64,61,72,11,15,12,9,9,5500000,312
Juan Ram√≠rez,Argentina,174,72,30,79,82,64,67,72,71,72,66,72,73,64,75,71,84,81,60,75,79,82,33,47,68,67,68,68,56,67,49,6,12,13,9,10,4100000,92
Cristian SƒÉpunaru,Romania,187,81,39,62,55,61,67,87,67,65,65,66,61,63,65,65,47,68,79,57,40,50,73,66,76,60,70,69,65,73,53,12,8,13,16,8,22000,231
Paul Bourdelle,France,191,78,22,18,9,14,12,25,53,4,8,21,36,14,26,17,54,17,61,25,50,58,35,14,38,8,9,11,10,10,6,57,55,57,50,59,14000,287
Umar Sadiq,Nigeria,192,75,26,75,76,19,20,42,70,71,19,61,67,51,72,48,81,72,90,43,86,66,84,74,81,80,69,62,45,72,65,11,11,9,13,9,12000000,504
Ryan Duncan,Scotland,185,67,19,53,51,33,37,39,50,46,30,53,49,41,54,52,66,36,51,72,68,64,53,35,53,42,41,49,40,45,41,6,8,10,9,6,8000,21
El Mehdi Moubarik,Morocco,177,68,22,65,61,64,62,63,59,42,65,66,64,57,66,71,74,83,65,65,67,62,68,55,49,37,38,65,42,60,31,5,13,11,8,8,90000,28
Victor Braga,Brazil,193,79,31,19,18,18,13,23,60,14,20,31,32,13,22,18,47,33,75,45,45,30,59,11,52,12,13,17,19,23,18,65,68,66,69,70,80000,40
Aaron Evans,Australia,183,83,28,32,25,64,64,50,48,26,58,27,47,28,40,32,60,74,80,62,64,62,76,50,38,24,15,36,38,40,25,10,11,8,6,6,21000,431
Gustav Engvall,Sweden,185,85,27,70,70,21,36,67,63,73,22,64,70,65,59,45,66,69,74,59,70,59,62,61,72,70,57,52,48,58,57,8,14,11,6,13,1300000,347
Prince Ibara,Congo,194,87,27,58,53,21,28,54,54,65,22,50,59,46,58,38,51,52,85,34,55,48,56,73,68,65,62,38,41,65,65,11,6,9,8,10,52500,85
Alvino Mederos,Ecuador,179,69,27,57,64,59,57,61,51,40,55,34,39,63,54,48,62,64,67,57,66,58,63,49,56,39,36,51,43,42,35,40,66,65,40,49,24000,77
Hamilton Acuria,Ecuador,187,85,35,17,16,13,7,19,60,5,6,27,56,7,19,23,12,14,58,32,13,24,23,6,58,8,11,8,13,26,13,63,57,74,77,68,15000,365
Manor Solomon,Israel,170,67,24,74,83,35,47,30,66,74,35,73,78,72,78,71,82,66,64,79,79,84,55,38,75,72,71,75,72,58,46,13,12,11,9,10,9000000,267
Hidemasa Morita,Japan,177,69,28,77,77,71,77,70,78,76,79,76,71,70,79,80,69,81,74,69,66,70,59,47,69,73,70,72,47,48,30,7,6,10,13,8,15000000,585
Ryu Seung Woo,Korea Republic,172,68,29,62,68,29,42,49,59,68,44,61,52,55,60,55,77,65,34,90,78,87,73,42,63,50,57,64,45,56,66,8,9,10,8,9,60000,606
Dani Jim√©nez,Spain,179,72,33,20,12,12,13,31,65,15,25,54,47,29,34,23,49,40,66,54,52,65,77,13,46,13,10,24,10,25,19,64,66,64,61,69,42500,112
Erik Brenden,Norway,180,72,29,66,64,56,58,60,62,60,59,61,64,56,65,61,74,77,63,77,78,79,65,44,60,54,56,54,48,53,49,11,10,10,12,5,47500,251
Kevin De Bruyne,Belgium,181,75,32,90,86,53,66,75,91,88,65,94,88,94,93,93,75,89,74,78,73,76,63,55,92,85,91,89,83,83,83,10,15,13,5,13,107500000,395
Anirudh Thapa,India,169,60,25,63,61,53,56,61,61,55,60,61,57,60,64,63,68,79,60,88,65,80,37,41,54,52,51,60,61,45,45,14,9,13,6,11,45000,140
Ali Al Aamri,Saudi Arabia,185,83,29,10,8,14,10,16,48,5,8,30,36,11,25,30,30,32,35,46,29,38,60,13,42,9,5,13,12,18,7,57,60,55,56,59,16000,27
Connor Malley,England,180,73,23,56,57,39,41,47,51,51,45,53,52,57,57,51,66,58,55,71,68,57,56,40,63,52,50,43,50,55,45,9,14,8,13,6,15000,183
Daniel Samek,Czech Republic,184,80,19,65,67,61,62,58,62,56,59,63,68,71,71,70,58,65,58,70,59,59,51,60,64,64,67,63,66,59,70,6,12,12,14,9,52500,371
Hamadi Al Ghaddioui,Germany,190,90,32,63,61,16,22,60,64,70,20,57,56,42,65,41,52,66,87,50,53,55,53,72,72,72,62,49,37,66,67,11,7,5,10,14,1000000,545
Timur Gayret,Germany,177,73,25,61,65,46,43,55,63,60,38,64,56,50,62,59,71,63,55,71,67,64,58,39,57,61,48,45,52,48,48,14,10,11,5,8,45000,296
Mohamed Buya Turay,Sierra Leone,180,75,28,65,69,16,17,77,65,69,23,57,58,51,55,47,87,77,71,74,91,87,82,67,66,68,61,54,47,61,58,10,14,9,5,10,1300000,393
Daizen Maeda,Japan,173,68,25,72,69,46,49,70,68,78,44,65,68,63,67,47,92,90,58,76,89,91,68,73,73,72,68,64,57,70,71,9,5,9,5,12,3500000,129
Sofiane Feghouli,Algeria,176,75,33,77,78,31,32,72,68,75,31,76,70,75,76,74,65,45,62,74,67,68,68,60,79,66,75,67,68,62,68,10,13,7,10,8,2400000,353
Franco Armani,Argentina,189,88,36,37,16,19,13,43,77,17,21,54,53,18,35,29,41,35,81,39,45,37,65,19,52,11,17,15,16,20,18,80,78,74,69,85,1900000,54
Koki Machida,Japan,190,80,26,61,41,67,69,72,64,37,71,60,60,46,66,63,74,73,85,38,84,54,73,72,53,34,25,29,25,35,21,14,7,7,11,7,1600000,481
Pedro Amaral,Portugal,178,72,26,70,67,65,70,63,69,60,67,40,65,62,60,53,71,70,62,70,74,58,56,59,73,30,56,64,39,48,32,8,7,10,6,8,1500000,34
Lukas Browning-Lagerfeldt,Sweden,183,79,24,62,60,58,59,44,52,46,55,55,53,49,57,51,63,63,67,60,65,63,56,54,58,41,47,53,48,53,50,13,5,10,8,10,17000,576
Jadenilson Baia,Brazil,167,63,35,63,60,66,63,69,64,57,60,53,62,62,63,62,77,75,54,70,76,73,60,54,52,46,52,36,30,42,35,11,8,6,8,13,37500,154
Daniel H√∏egh,Denmark,190,79,32,63,42,68,71,71,67,32,68,42,64,31,67,65,34,66,82,51,36,47,82,74,58,31,46,30,28,34,33,7,8,13,14,11,1100000,496
Steffen Hagen,Norway,185,80,37,57,32,65,67,61,68,34,65,46,67,40,62,63,33,51,72,44,33,32,73,65,45,31,40,30,23,36,16,6,8,11,14,13,13000,441
Yohan Cassubie,France,184,78,22,67,63,55,65,61,56,25,60,64,66,50,68,62,68,67,72,58,72,65,70,56,52,47,45,37,35,50,40,13,12,5,9,14,62500,430
Jo Sung Wook,Korea Republic,188,79,28,30,20,55,55,42,44,22,57,28,44,21,32,27,52,56,65,55,54,45,72,45,35,16,22,22,20,38,25,14,8,11,6,14,7000,559
Cornel Ene,Romania,187,81,30,32,29,59,62,77,59,29,58,30,44,26,25,24,55,68,74,52,54,47,72,64,34,17,19,24,27,32,29,15,10,11,8,13,21000,220
Taxiarchis Fountas,Greece,170,65,27,72,75,37,40,70,75,80,56,68,73,63,68,60,91,75,57,91,86,91,84,67,75,78,73,72,69,60,73,12,16,14,15,9,6000000,165
Martin Bergum,Norway,175,70,21,57,56,52,53,53,48,49,51,52,48,42,58,56,61,58,47,75,63,56,57,53,50,38,39,39,38,44,30,9,11,8,6,7,12000,381
√Ålexander Petxarroman,Spain,179,67,26,60,58,63,64,63,60,58,58,58,47,66,66,62,69,80,59,73,71,73,65,60,64,40,59,70,68,45,34,14,9,9,6,12,85000,203
Shi Yan,China PR,174,64,21,56,62,40,42,45,61,56,26,52,50,56,53,51,64,63,42,72,71,72,52,43,52,48,46,54,45,43,42,12,6,7,14,9,25000,618
Juan Mu√±oz,Spain,179,79,27,68,67,18,17,58,66,68,20,43,60,53,63,42,63,70,70,62,62,68,64,65,71,69,68,56,65,72,68,10,9,7,8,14,1100000,112
Tosin Kehinde,Nigeria,178,75,25,70,71,42,38,58,64,63,39,65,68,59,66,58,83,72,62,84,85,85,79,50,62,57,55,56,52,54,55,12,14,7,6,8,1600000,496
Hassan Kadish,Saudi Arabia,179,70,30,61,60,64,67,61,63,60,64,57,49,64,64,58,74,78,81,60,76,72,86,64,58,28,53,51,55,40,29,15,15,11,7,10,85000,39
Semi Ajayi,Nigeria,193,83,29,62,60,68,70,75,69,52,68,43,68,34,58,55,69,79,81,35,81,56,80,77,61,42,59,27,36,32,24,6,7,11,9,14,1600000,667
Devin Padelford,United States,183,79,20,42,40,44,48,48,50,42,47,40,43,40,42,38,60,59,56,55,59,58,57,39,35,28,28,39,37,39,28,11,15,15,7,8,4500,408
Sone Aluko,Nigeria,173,62,34,66,68,35,41,50,62,63,31,62,63,62,63,57,72,49,49,83,72,90,49,48,67,56,62,72,66,52,64,15,14,8,7,6,45000,335
B√°lint V√©csei,Hungary,185,80,30,72,71,50,58,63,68,61,58,72,68,51,73,71,58,62,87,75,59,72,69,52,80,62,74,58,63,64,58,11,11,6,12,11,1400000,255
Luke Ivanovic,Australia,189,80,23,58,60,16,12,49,52,60,26,54,49,50,55,46,81,55,62,65,79,80,71,55,56,58,57,53,48,59,49,6,14,7,9,9,27500,460
Daniel Mancini,Argentina,171,70,26,74,75,59,63,73,73,67,59,66,64,70,69,66,80,76,61,79,76,80,72,55,72,64,65,70,68,65,61,12,6,13,13,13,2600000,452
Joseph Attamah,Ghana,180,80,29,61,60,67,73,64,66,32,67,58,64,33,69,67,67,69,81,64,64,63,85,61,69,27,63,36,46,42,59,9,6,6,13,12,1100000,356
Miguel Jacquet,Paraguay,179,75,28,62,38,63,69,63,64,31,63,32,49,35,61,42,60,61,80,66,60,47,72,69,39,32,30,29,26,40,35,7,8,6,12,11,95000,467
Daley Sinkgraven,Netherlands,179,70,28,77,76,68,70,73,69,70,71,72,68,72,72,74,79,73,54,78,70,81,68,67,63,58,59,74,65,56,65,14,10,13,11,15,3000000,378
Hillal Soudani,Algeria,182,75,35,74,75,28,37,75,69,75,48,68,73,73,71,68,72,64,81,71,76,76,70,71,75,72,70,71,59,67,68,9,14,15,9,8,1400000,168
Giovanni Grotta,Italy,196,76,18,17,6,12,14,22,56,4,7,31,22,12,22,18,20,17,57,29,32,33,31,10,43,6,8,12,13,18,8,54,58,54,57,60,11000,450
Marchena,Spain,180,75,21,66,64,50,51,63,58,63,49,64,42,48,67,65,68,58,47,66,64,69,55,43,56,51,61,33,39,45,42,8,13,6,14,9,42500,500
Sulaiman Asiri,Saudi Arabia,169,62,22,50,53,35,41,38,48,46,43,50,48,46,51,49,66,50,58,60,64,52,58,44,46,47,45,42,44,51,39,13,15,7,13,6,9000,22
Viktor Korniienko,Ukraine,175,70,24,66,74,70,68,68,64,65,65,66,70,75,75,59,79,74,74,84,75,77,78,67,70,43,55,68,65,46,39,12,8,13,8,14,2500000,563
Kevin Kouassivi-Benissan,Finland,185,74,24,58,60,50,52,48,56,55,55,54,50,56,54,52,77,62,57,67,78,66,62,42,57,51,47,51,36,35,31,8,14,8,5,14,24000,294
Halvor R√∏d√∏len Opsahl,Norway,188,80,20,54,40,60,62,55,58,26,60,30,41,30,54,46,56,56,70,64,59,47,77,58,35,22,18,30,20,39,22,5,10,6,12,7,30000,297
Muzaffer Cem Kablan,Turkey,192,86,23,16,9,14,14,24,55,6,10,22,33,13,19,20,32,19,60,28,25,25,35,14,38,7,9,14,12,15,9,53,53,54,50,58,11000,353
Eddie Nketiah,England,180,73,24,77,78,15,19,56,78,78,20,58,69,43,72,47,83,71,62,72,78,79,73,70,73,79,60,54,38,70,70,9,12,10,11,5,6500000,58
Santiago Laquidain,Argentina,184,75,22,44,41,63,64,56,51,42,56,33,47,51,40,43,67,72,71,61,62,48,70,58,43,20,22,42,28,32,27,13,9,14,8,11,25000,44
Juan Infante,Argentina,177,76,27,68,65,68,73,68,68,65,72,55,65,55,74,55,75,72,65,72,73,66,73,54,65,47,50,37,43,44,34,14,11,14,11,10,1900000,467
Kasey McAteer,England,177,67,21,59,58,42,48,44,54,49,43,57,60,56,59,57,78,62,51,64,77,77,58,42,61,54,50,56,54,56,57,9,10,5,9,5,27500,11
Philipp Schulz,Germany,185,80,18,52,51,55,59,57,56,40,59,50,46,46,58,55,55,55,68,58,54,55,68,61,51,35,41,47,45,51,37,8,6,7,10,5,18000,3
√âric Vandenabeele,France,184,77,31,51,44,64,67,68,62,21,65,34,49,34,58,45,46,70,76,61,34,53,84,67,43,39,39,34,21,44,24,10,14,12,5,14,70000,511
Matty Jacob,England,180,79,22,49,58,56,51,51,48,51,55,36,37,51,39,30,65,53,61,65,59,57,61,48,22,24,22,33,31,34,25,9,10,10,6,11,12000,318
Yao Xuchen,China PR,176,70,23,53,57,47,42,57,48,63,42,46,42,48,58,51,64,56,54,73,57,61,65,48,46,43,42,37,35,39,35,9,5,6,7,6,15000,142
Heorhii Sudakov,Ukraine,177,68,21,71,72,39,35,40,60,66,36,65,66,56,71,63,72,72,68,73,70,74,69,68,73,65,60,51,42,48,50,12,13,9,13,9,1300000,563
Adri√°n S√°nchez,Argentina,177,75,24,68,70,59,65,58,66,57,61,68,67,59,70,68,61,70,73,67,67,59,57,45,54,49,50,36,37,51,33,9,7,5,8,10,97500,66
Hernan Lemonez,Bolivia,188,77,19,60,58,60,66,68,61,59,66,58,66,70,64,67,76,61,77,59,78,60,76,65,79,50,76,52,70,66,59,10,8,8,9,12,77500,328
Gabriel Strefezza,Brazil,168,65,26,75,77,28,25,50,69,75,29,74,65,72,77,69,85,77,36,84,80,89,57,31,57,71,66,75,50,54,51,10,15,15,8,6,6000000,371
Oualid El Hajjam,Morocco,181,72,32,69,67,71,74,71,68,61,71,60,69,63,71,68,66,80,72,66,65,63,60,66,59,35,56,69,38,33,35,13,6,13,11,8,1700000,305
Choi Sung Geun,Korea Republic,183,73,32,65,59,59,65,67,60,55,66,60,56,52,63,58,63,80,64,66,65,70,66,48,61,52,61,48,51,40,44,10,7,13,15,15,60000,606
Ra√∫l Moro,Spain,168,60,20,73,72,22,26,45,59,63,23,64,61,59,65,59,74,34,30,82,73,76,44,31,53,61,47,52,43,47,46,6,7,14,11,9,92500,478
Lukas K√ºbler,Germany,182,74,31,66,64,74,76,73,74,47,74,49,64,70,71,54,71,73,69,68,78,66,71,61,56,44,43,46,27,58,50,8,12,14,11,8,4900000,526
Ga√´tan Charbonnier,France,188,80,34,79,74,20,43,47,76,79,28,78,78,57,74,59,30,54,82,47,32,46,46,77,76,77,71,63,59,72,71,8,11,13,11,16,1900000,16
Lucas Possignolo,Brazil,188,80,29,52,43,69,70,73,67,20,72,31,58,29,64,51,52,68,79,56,48,57,90,71,53,34,29,37,36,50,45,14,12,14,8,5,1400000,682
Paulo Ot√°vio,Brazil,174,68,28,75,78,76,70,74,70,59,78,64,68,76,70,61,89,69,45,83,87,86,72,41,66,51,57,65,46,41,52,15,8,7,6,13,7000000,648
Dominic Bernard,Republic of Ireland,180,73,26,57,59,60,62,61,58,55,61,48,55,55,55,52,73,78,70,70,74,71,90,59,43,33,35,41,33,42,30,15,10,13,10,14,37500,262
Leon Dajaku,Germany,180,75,22,63,65,21,16,39,63,59,14,55,55,54,58,52,78,66,59,71,77,78,58,57,60,59,58,50,57,58,53,13,14,8,5,14,57500,235
George Blackwood,Australia,189,81,26,59,56,46,49,40,52,63,38,48,54,53,53,50,62,69,74,66,66,68,77,55,60,59,54,52,41,56,50,9,10,6,11,7,25000,25
Dylan Wenzel-Halls,Australia,175,70,25,64,64,13,15,56,49,63,23,62,65,40,59,43,81,65,62,70,84,83,65,56,64,66,65,64,55,60,56,8,9,12,15,9,55000,130
Matthias Zimmermann,Germany,177,76,31,67,62,70,67,74,69,41,72,65,67,71,71,65,73,73,68,77,65,74,69,54,62,46,60,55,41,44,55,12,8,13,11,13,1600000,187
Coke,Spain,177,74,36,71,65,67,68,75,65,69,73,60,66,73,72,63,56,53,61,61,51,64,80,83,74,66,60,70,46,70,56,6,10,9,13,16,42500,629
Carl Johansson,Sweden,187,80,29,55,41,62,68,74,61,29,65,31,47,29,61,55,51,63,77,57,54,55,78,70,35,25,20,31,25,36,23,8,6,9,15,14,87500,496
Declan John,Wales,178,75,28,63,64,56,57,56,58,59,58,57,61,64,58,55,90,64,63,82,85,87,68,54,65,50,52,63,55,60,46,7,12,7,12,10,57500,95
Lee Sang Min,Korea Republic,182,77,24,64,56,54,58,60,58,50,64,61,52,40,64,62,62,68,66,67,60,61,61,53,45,45,51,45,36,45,39,7,8,12,12,11,25000,559
Beno√Æt Badiashile,France,194,75,22,67,58,74,78,69,76,47,78,68,75,48,78,77,54,64,84,35,66,42,78,78,70,38,47,56,34,46,31,15,8,7,5,8,11000000,138
Kr√©pin Diatta,Senegal,175,69,24,75,79,50,32,57,70,69,48,69,70,66,68,64,90,83,61,76,91,89,90,62,73,68,72,62,58,59,68,11,10,8,11,12,6500000,15
Elliot Embleton,England,173,64,24,65,63,53,56,65,62,66,54,68,58,54,65,63,76,66,47,83,71,79,63,52,68,59,65,59,60,55,53,6,6,13,15,13,97500,603
Loum Tchaouna,France,180,67,19,66,64,33,36,47,65,52,32,60,59,63,65,58,75,53,55,69,76,64,51,50,64,58,61,60,49,59,59,8,14,12,15,14,60000,178
Joe Woodiwiss,Wales,182,74,20,43,31,52,55,47,46,29,52,26,45,25,40,26,62,57,73,67,65,63,77,51,36,23,17,21,21,30,21,9,12,6,10,8,10000,429
Tony Muttinho,Brazil,183,80,27,67,61,72,73,65,67,59,66,51,63,67,72,71,66,73,75,58,71,71,54,66,48,45,46,53,45,61,51,12,8,8,7,8,2300000,263
Jannis Nikolaou,Germany,187,84,30,61,54,66,69,77,62,32,72,65,55,45,70,66,64,71,79,65,64,61,83,61,47,42,43,51,56,53,39,7,12,10,5,12,1200000,99
Jamie Cumming,England,185,79,23,25,16,14,12,29,62,8,13,50,49,13,44,47,38,32,58,50,40,52,66,21,50,5,9,12,14,17,7,65,66,65,66,67,75000,389
Nen√©,Portugal,187,66,28,65,66,63,66,75,70,60,65,60,67,59,67,65,60,75,79,65,65,60,70,56,68,55,67,60,54,60,69,8,7,11,14,6,75000,336
Dylan Nealis,United States,181,79,25,54,54,59,67,71,62,40,63,38,53,49,56,43,70,66,69,68,70,67,79,59,50,36,45,32,25,31,29,5,14,15,13,6,50000,506
Thomas Didillon,France,191,88,27,22,13,20,18,27,66,9,14,54,37,21,35,54,57,25,67,33,54,55,57,15,54,13,16,19,15,22,14,71,73,67,72,72,1500000,15
Ibrahim Ciss√©,France,185,70,27,66,60,64,68,63,62,55,67,56,52,64,66,63,72,76,80,73,74,71,85,69,45,34,38,53,41,34,33,16,12,8,13,13,1100000,538
Jack Rudoni,England,185,77,22,65,67,59,62,57,61,68,58,69,61,52,65,63,71,78,63,63,73,70,73,64,62,63,64,56,57,53,50,11,8,8,13,10,85000,317
Marc Rzatkowski,Germany,172,66,33,70,68,60,63,65,66,65,66,67,61,67,68,66,66,74,56,80,62,72,59,40,67,57,70,75,73,45,62,16,16,15,10,11,80000,56
Alexandru Ioni»õƒÉ,Romania,175,77,28,68,69,34,35,54,60,61,33,68,65,64,66,65,69,58,60,83,69,78,38,44,66,63,66,62,62,58,56,9,9,15,11,6,90000,231
Christoph Kobald,Austria,186,80,26,60,47,70,72,64,61,29,66,61,57,26,68,69,71,61,76,61,64,59,84,69,41,21,23,28,27,33,22,11,6,6,14,10,1400000,354
Nathan Ngoumou,France,182,70,23,70,70,34,31,46,69,71,17,63,67,66,67,60,83,71,59,61,93,67,58,46,66,67,59,62,47,66,65,12,9,11,9,11,2200000,388
Amarjit Singh Kiyam,India,171,62,22,58,56,55,50,52,52,50,49,55,56,41,57,55,67,61,59,70,71,77,72,41,45,40,42,50,43,47,42,13,15,7,6,7,13000,189
Petros Mantalos,Greece,177,74,32,78,77,45,52,63,72,75,55,80,77,76,79,79,74,70,60,78,72,78,66,59,70,69,68,75,71,69,63,10,8,14,7,12,7000000,8
Francisco Flores,Argentina,182,78,21,61,59,63,65,70,60,46,62,56,55,47,64,56,69,72,68,59,69,68,67,62,42,32,28,32,27,38,32,7,6,11,11,10,57500,552
Steeve Beusnard,France,170,62,31,67,70,58,64,51,65,53,58,67,71,59,68,61,82,60,48,90,81,64,57,49,54,62,51,58,57,63,61,7,14,6,12,5,55000,458
Mirko Salvi,Switzerland,188,82,29,24,13,12,10,34,63,13,16,60,61,16,21,20,44,38,64,54,35,50,62,10,46,13,18,19,19,24,15,63,64,59,61,64,35000,208
Danilo,Brazil,174,68,24,75,72,14,18,54,68,73,23,65,70,44,72,49,79,83,71,79,75,77,79,74,70,79,71,68,62,68,68,8,10,9,9,11,4900000,256
Nahuel Meriz,Venezuela,179,74,31,65,75,35,34,40,71,76,33,75,71,55,53,59,74,55,59,63,52,40,43,48,61,71,65,59,66,51,52,11,13,15,19,12,97500,314
Patrick Herrmann,Germany,179,71,32,73,73,54,29,58,69,69,29,67,68,74,74,66,74,67,56,74,68,76,66,54,75,71,75,74,73,62,70,8,14,13,8,7,1900000,388
Salvador Higuerrez,Chile,178,78,39,66,68,30,33,52,58,56,23,60,73,58,61,42,63,47,69,72,65,43,58,63,66,69,65,59,53,75,64,12,11,14,15,13,20000,52
Casper Nielsen,Denmark,182,76,29,76,72,71,73,80,72,73,74,76,77,74,78,77,72,90,73,78,72,75,50,60,82,65,78,70,74,55,67,11,12,12,12,13,7500000,146
Sebasti√°n Ferreira,Paraguay,180,78,25,71,75,33,37,50,72,72,35,60,61,41,64,52,72,69,62,57,70,79,79,68,76,76,65,57,65,73,58,6,5,10,13,8,2200000,316
Kadete,Spain,185,81,29,62,60,64,65,67,60,63,64,60,61,64,67,66,69,70,67,56,69,74,71,46,40,35,35,46,41,46,33,13,5,14,14,13,77500,400
Aidy White,Republic of Ireland,175,61,31,59,52,58,57,48,58,57,57,53,55,58,57,56,64,57,62,67,67,71,72,55,60,52,47,49,57,58,43,12,16,8,9,15,21000,510
Narciso Baumer,Chile,182,80,31,73,75,24,20,32,65,70,19,58,52,48,61,55,75,65,44,76,74,83,62,62,62,74,56,56,36,55,56,13,9,10,11,14,1000000,639
Dimitri Laval√©e,Belgium,188,85,26,68,60,70,69,74,68,41,68,60,64,63,68,63,58,60,72,62,69,64,69,65,45,21,29,38,27,24,22,10,5,14,9,8,1300000,347
Kortney Hause,England,191,77,28,67,54,71,73,78,67,32,72,56,60,58,69,65,53,50,87,53,64,53,85,74,70,35,50,36,26,40,31,10,15,16,14,14,4000000,664
Bart Ramselaar,Netherlands,178,74,27,75,74,44,53,66,73,72,48,67,72,62,73,70,84,73,64,76,82,81,58,54,73,69,75,72,55,63,67,12,7,10,15,12,3300000,239
Benjamin ≈†e≈°ko,Slovenia,193,77,20,76,72,35,42,62,66,74,32,61,73,55,66,52,77,70,83,61,84,74,83,71,79,75,70,59,56,61,68,14,10,8,5,6,4700000,485
J√≥n Gu√∞ni Fj√≥luson,Iceland,193,85,34,61,48,65,69,71,65,35,68,54,64,44,67,65,32,50,87,32,35,32,62,74,68,41,53,52,56,60,46,15,12,14,11,15,67500,299
Joel Mvuka,Norway,173,65,20,68,70,36,38,37,55,62,41,58,64,63,56,54,90,71,33,86,88,91,49,46,57,56,45,55,38,47,43,10,14,6,13,13,92500,249
Braian Aguirre,Argentina,174,71,23,64,59,68,66,68,64,57,67,51,53,65,55,53,69,71,73,70,68,60,65,56,46,36,41,42,45,50,38,10,8,11,12,14,1100000,369
Michael Loba√±o,Ecuador,181,78,23,69,66,24,26,47,58,63,30,51,60,50,66,61,74,76,75,59,76,69,73,62,72,64,66,60,55,75,69,14,12,12,12,12,1000000,418
Stanley Nsoki,France,184,83,24,67,68,73,76,75,65,55,71,63,66,59,68,65,69,75,80,65,77,61,70,75,47,34,36,49,31,37,31,9,8,12,13,10,3100000,613
Mateusz Bogusz,Poland,175,69,22,66,67,44,42,51,57,57,25,65,60,59,68,64,72,62,60,72,70,73,50,39,67,61,66,60,66,59,47,13,12,11,9,7,80000,629
Ahmet G√ºlay,Turkey,174,70,20,62,60,60,60,62,59,52,60,44,56,61,61,58,68,53,53,62,64,64,74,58,48,37,39,42,45,47,34,13,12,14,6,8,40000,42
James Holden,England,196,82,21,11,8,14,10,18,52,5,12,46,30,14,27,19,32,19,57,28,27,27,43,11,38,5,8,10,12,16,6,52,53,54,50,55,9000,121
Jeremy van Mullem,Netherlands,184,75,24,55,42,63,65,54,61,40,64,33,52,35,62,56,64,70,65,62,63,52,66,60,46,21,27,35,30,37,32,8,8,13,11,8,40000,583
Nemanja Maksimoviƒá,Serbia,189,78,28,78,75,70,79,73,80,79,81,79,76,65,79,78,52,83,75,54,51,59,76,73,72,74,76,63,72,51,49,15,14,10,15,13,18500000,275
Armando Broja,Albania,191,75,21,76,78,23,33,67,73,76,20,58,72,40,65,47,69,69,83,63,84,68,62,69,80,77,61,53,36,74,64,8,9,7,15,9,6500000,138
Javi P√©rez,Spain,184,74,28,67,61,58,64,44,63,65,65,65,57,43,66,64,38,76,74,49,51,37,72,63,66,62,67,38,48,50,34,11,10,11,6,9,70000,108
Javi Llabr√©s,Spain,172,71,21,65,68,32,34,31,50,60,27,56,56,62,58,52,81,75,43,82,83,86,46,37,59,64,52,53,44,58,52,9,15,10,11,13,80000,114
Fredrik Oldrup Jensen,Norway,186,73,30,66,56,60,64,58,64,57,66,61,68,55,66,66,52,76,70,58,51,60,64,63,60,46,51,58,58,41,47,14,12,16,8,10,72500,658
Chenglin Zhang,China PR,183,76,36,60,57,64,66,60,60,44,56,36,65,58,58,52,67,58,72,67,54,61,60,63,33,39,39,33,37,37,42,9,13,7,15,14,12000,292
Emmanuel Sabbi,United States,178,70,25,67,68,29,35,53,60,62,40,57,63,54,60,50,90,67,56,88,90,89,92,57,66,60,59,61,48,54,59,10,14,13,8,7,97500,442
Jonathan Clauss,France,178,69,30,78,77,72,75,67,81,75,68,75,76,84,75,67,85,88,63,70,83,83,62,58,77,68,68,77,77,52,56,8,15,14,15,15,18500000,440
Diogo Dalot,Portugal,184,76,24,78,81,77,77,81,79,77,76,78,78,78,80,73,79,83,76,71,86,77,86,74,79,52,68,80,52,47,44,6,10,6,10,8,22000000,396
James Nikolovski,Australia,184,75,21,42,38,46,50,51,47,26,49,31,44,24,45,42,56,57,69,54,61,59,63,48,38,21,26,25,22,29,18,8,10,15,7,10,6000,104
Nadhir Benbouali,Algeria,190,85,23,66,56,15,23,60,60,70,18,67,67,42,65,41,62,57,85,47,72,57,61,71,65,69,58,42,47,71,64,7,7,12,6,5,1200000,580
Cas Odenthal,Netherlands,190,79,22,63,54,67,66,56,66,25,68,44,65,54,63,59,55,65,74,56,65,56,73,63,44,30,23,35,32,49,26,8,8,6,11,15,87500,153
Jakob Ahlmann,Denmark,179,70,32,65,64,62,64,56,62,63,63,60,64,66,65,58,64,72,70,69,62,64,59,54,59,41,49,60,55,42,57,13,14,14,8,8,62500,19
Florin Bor»õa,Romania,175,73,24,52,55,60,61,69,58,36,58,38,52,60,56,40,82,70,60,79,80,77,73,52,50,32,32,47,38,37,26,8,11,9,12,10,50000,229
Zhu Ting,China PR,178,67,38,63,62,56,58,58,73,59,54,51,66,54,62,56,52,56,70,52,34,34,56,54,51,46,53,61,45,50,51,9,8,15,12,13,4500,167
Nasser Al Shikaili,United Arab Emirates,178,54,23,59,58,27,29,45,48,46,31,49,55,50,49,49,91,42,42,71,85,78,58,39,45,45,41,47,46,43,41,8,14,13,9,13,19000,28
Nico Moos,Germany,192,86,23,56,22,63,66,47,49,17,56,28,51,39,51,35,58,66,79,70,67,71,54,59,32,21,26,26,29,33,22,14,13,6,10,11,25000,581
Cristian Dell'Orco,Italy,183,75,29,69,67,68,70,64,70,58,70,41,67,52,74,59,60,65,64,65,62,62,73,73,60,42,42,63,44,44,44,7,5,12,5,12,1200000,461
Zhao Honglue,China PR,180,76,33,58,65,61,61,67,64,42,68,40,55,68,62,56,62,58,61,70,65,60,69,61,44,33,27,45,33,44,32,6,12,9,7,6,50000,311
Marc Roca,Spain,184,81,26,77,73,72,74,71,72,60,73,80,79,65,82,85,55,72,67,65,63,68,57,42,66,59,68,66,52,68,44,10,12,11,11,8,10500000,374
Philipp Sander,Germany,185,76,25,69,66,56,62,59,66,58,62,69,60,56,69,65,73,80,63,75,60,74,52,55,62,53,59,60,40,39,49,7,15,6,6,11,1200000,315
Benjamin White,England,185,77,25,77,74,80,83,78,82,41,83,69,80,58,82,80,71,78,77,58,73,63,79,74,50,22,25,45,20,24,21,5,8,11,12,6,22000000,58
Donat Rrudhani,Kosovo,188,78,24,70,68,31,28,48,52,62,17,65,56,66,59,50,75,72,70,62,76,73,64,54,65,65,63,65,40,56,69,10,10,9,8,9,97500,75
Jonathan Corozo,Ecuador,176,77,18,58,58,60,66,56,43,55,55,55,54,44,58,55,66,62,58,67,66,65,60,50,56,55,57,48,43,55,47,6,12,7,11,5,16000,77
Marco Moreno,Spain,191,78,22,50,41,64,65,72,56,26,55,27,52,32,58,56,49,64,76,41,65,44,68,54,63,22,30,31,25,33,26,10,12,7,12,8,40000,67
Priestley Farquharson,England,191,93,26,44,41,59,62,65,53,32,57,30,54,30,53,42,70,65,90,45,69,45,74,63,40,33,21,26,20,36,22,9,12,8,12,12,37500,429
Aaron Zehnter,Germany,180,75,18,57,60,58,60,57,54,48,58,40,45,61,58,52,60,55,55,65,63,65,55,54,33,34,42,63,42,47,28,10,12,14,12,15,22000,206
Ousseni Bouda,Burkina Faso,180,79,23,56,60,19,20,26,37,49,17,49,52,47,54,51,74,47,60,78,72,70,50,36,51,53,44,42,52,33,49,8,5,9,14,6,15000,534
Alexandru Voda,Romania,176,72,25,60,61,53,59,42,55,50,58,54,57,57,58,50,83,62,52,67,83,75,59,49,53,47,36,51,34,49,42,10,12,8,8,11,42500,247
Vladim√≠r Coufal,Czech Republic,175,76,31,75,72,77,81,86,77,68,76,68,72,78,75,73,70,84,76,77,64,67,85,70,66,50,59,74,42,49,61,6,13,12,12,13,12500000,668
Sebastian Andersson,Sweden,190,86,32,70,66,24,30,66,73,75,25,61,70,32,69,44,39,48,77,51,50,49,70,79,74,71,66,39,42,65,72,15,10,9,14,6,1600000,0
Brian Aguilar,Argentina,179,76,20,46,42,64,64,57,60,46,62,38,48,47,51,46,55,53,70,69,54,48,65,63,32,33,28,31,27,39,26,6,8,7,9,8,37500,369
Majid Hosseini,Iran,187,76,27,54,42,70,71,65,65,27,70,30,66,28,65,69,63,73,73,67,65,55,75,70,46,22,30,35,37,40,22,12,6,13,12,13,1300000,356
Leny Meyer,Switzerland,182,73,19,39,55,52,55,48,54,48,49,36,48,50,32,31,63,62,53,63,58,58,56,46,30,27,23,32,28,38,29,10,11,6,7,11,9000,224
Marek Janssen,Germany,191,80,26,55,58,18,24,45,55,49,18,57,42,35,50,30,55,65,82,47,71,46,65,68,65,67,58,31,33,54,50,7,12,6,7,15,37500,543
Serhiy Sydorchuk,Ukraine,189,80,32,72,70,68,75,68,76,69,77,70,76,50,78,73,68,78,73,48,65,57,61,47,78,62,74,66,49,61,69,13,8,14,16,12,3900000,186
Li Chao,China PR,178,75,36,46,35,65,58,56,62,28,60,30,56,30,58,56,55,54,60,68,64,48,76,50,46,27,29,21,28,33,25,15,12,11,11,9,7000,679
Wang Xianjun,China PR,185,71,23,51,42,47,56,77,62,37,58,52,38,33,62,40,62,48,59,61,70,73,59,40,49,34,32,31,32,39,34,14,13,14,6,9,15000,167
Anders Kristiansen,Norway,185,74,33,14,12,13,23,13,55,20,19,48,13,20,13,13,22,34,65,31,28,27,59,16,47,12,13,20,21,22,10,63,64,61,62,65,24000,557
Kristian Onsrud,Norway,186,80,29,64,62,50,56,56,65,61,63,63,55,40,64,63,52,76,74,54,54,48,59,55,60,55,63,51,50,35,40,9,7,9,8,14,62500,297
Mees de Wit,Netherlands,181,78,25,69,72,64,65,62,65,67,61,62,62,68,69,66,76,84,67,63,74,54,76,58,44,42,62,43,52,49,52,7,6,10,14,14,1500000,18
Reinhold Ranftl,Austria,180,77,31,65,67,59,63,68,71,66,64,63,67,67,65,62,75,81,66,69,70,71,56,49,64,51,58,59,49,51,54,7,11,11,7,9,1000000,248
Octavio Moraseca,Peru,176,75,27,55,52,73,67,56,72,55,74,69,81,62,69,68,63,90,67,63,66,66,71,67,61,41,45,51,52,61,34,15,7,13,10,7,1500000,584
William Baeten,Belgium,185,77,26,64,64,50,56,65,59,60,49,62,60,60,64,62,73,75,67,72,73,72,65,40,70,64,67,58,60,61,39,12,7,10,7,14,80000,247
Mansour Al Bishi,Saudi Arabia,175,69,23,60,60,42,45,71,49,53,50,55,45,50,60,55,65,39,62,67,64,68,64,36,46,41,37,45,40,37,40,13,13,15,11,11,13000,37
Rasmus Lauritsen,Denmark,189,78,27,58,47,71,73,74,68,54,71,53,60,44,65,68,56,70,78,59,59,49,86,78,45,42,35,52,53,35,35,11,15,10,12,14,2200000,107
Benjamin Nygren,Sweden,184,77,22,70,66,18,16,48,60,66,21,64,62,64,68,63,63,65,66,64,68,62,72,55,64,67,64,58,60,64,55,12,6,10,6,8,82500,228
Yeon Je Woon,Korea Republic,185,78,29,55,40,65,67,61,56,32,64,40,50,42,62,61,68,77,78,76,64,60,82,68,37,27,32,28,28,42,28,8,13,13,14,6,80000,339
Chris Basham,England,190,80,35,64,63,73,74,83,73,50,73,57,62,63,67,62,51,66,79,54,54,55,67,73,59,37,40,48,30,31,52,7,14,15,6,6,1500000,568
Rafael Santos,Brazil,180,77,25,44,63,70,69,58,57,52,58,35,41,62,33,32,67,64,58,64,67,62,61,45,45,48,32,48,41,42,28,10,6,12,6,12,35000,445
Abdoulaye Doucour√©,Mali,184,76,30,79,77,74,79,76,77,75,79,74,77,66,76,73,66,85,81,67,67,65,74,69,84,75,77,44,52,54,68,15,15,12,12,14,10500000,197
Moussa Diallo,France,184,74,26,58,59,60,57,64,57,47,60,54,60,57,58,56,67,71,67,72,66,71,83,59,59,41,34,35,33,41,31,14,13,8,12,14,40000,561
Wilson Ram√≠rez,Ecuador,180,78,19,13,9,11,15,19,55,9,15,35,33,13,16,30,22,20,42,48,22,38,65,13,44,9,8,11,11,20,9,55,61,60,58,53,15000,77
Martin Terrier,France,184,78,26,82,80,34,31,57,78,82,27,77,79,73,78,72,84,77,75,70,86,73,78,75,79,85,80,77,58,73,79,5,12,5,13,8,28500000,594
Connor Metcalfe,Australia,183,70,23,64,67,55,58,72,71,64,66,67,66,57,70,67,62,83,80,76,65,68,82,53,63,60,56,54,50,50,49,12,6,14,12,11,1200000,236
Oliver H√ºsing,Germany,193,92,30,57,45,70,71,72,64,28,70,45,67,38,61,37,34,58,90,42,66,43,63,72,55,27,25,29,30,43,31,13,16,13,14,11,1600000,56
Pedro Gonz√°lez,Paraguay,188,83,24,14,11,12,13,24,55,8,6,35,32,11,40,50,33,25,62,34,30,29,44,10,47,7,7,11,14,16,5,55,60,61,62,61,21000,444
Curtis Thompson,England,178,77,29,65,62,64,66,77,64,61,67,65,64,53,67,65,75,76,73,79,73,80,88,62,59,59,63,50,48,53,47,12,11,10,13,11,72500,680
Julian Dunn,Canada,185,76,23,45,27,56,59,66,53,23,55,33,46,20,45,33,50,60,92,74,50,50,86,56,37,21,24,21,23,38,26,14,13,9,7,6,25000,297
Wilfredo Soleto,Bolivia,179,87,27,55,50,60,65,70,59,44,60,39,50,62,61,46,67,65,56,67,71,63,73,65,29,31,26,38,27,37,21,11,6,10,11,13,57500,436
Noah Wei√ühaupt,Germany,181,72,21,67,70,35,35,45,57,62,30,60,49,64,66,57,76,55,41,70,69,77,47,39,60,58,54,60,59,53,52,8,10,15,9,5,97500,526
Cristian Monta√±o,Colombia,180,76,31,61,64,59,62,60,57,57,62,57,58,58,57,57,78,67,63,67,76,76,73,58,67,57,56,62,51,55,55,8,6,11,15,8,50000,385
Piotr Krawczyk,Poland,187,78,28,58,58,19,14,39,66,68,15,46,58,42,59,61,67,65,70,62,66,60,64,59,58,66,64,42,40,62,49,15,6,15,9,6,52500,293
Tony Mauricio,France,169,67,29,73,72,35,32,42,65,68,24,67,59,65,67,61,84,73,59,92,77,87,54,43,69,69,63,64,62,68,61,12,12,8,13,11,1900000,246
Tom√°s Badaloni,Argentina,186,82,23,70,60,21,15,42,67,74,23,56,55,44,58,43,57,64,83,53,63,58,80,77,77,68,67,45,45,68,58,11,14,10,9,10,1700000,619
Renato Veiga,Portugal,190,80,20,68,59,62,65,63,65,44,61,66,71,50,68,69,65,67,69,56,69,63,62,63,52,31,32,33,34,39,30,13,6,15,11,9,50000,206
Yassine Benrahou,Morocco,170,68,24,77,78,47,43,42,69,68,31,75,70,72,72,67,74,65,59,89,75,90,50,46,72,63,70,75,72,69,59,11,10,13,8,14,3500000,295
Marcus Hannesbo,Denmark,184,78,21,62,60,54,55,56,51,58,50,46,50,56,52,46,86,62,60,64,90,73,64,50,60,51,46,50,35,47,47,15,11,12,14,14,25000,7
Feyzi Yƒ±ldƒ±rƒ±m,Turkey,175,67,27,59,61,55,58,49,62,60,53,60,58,65,63,62,70,55,57,72,62,69,60,54,55,42,40,66,60,64,48,16,8,12,11,15,32500,355
Thijmen Goppel,Netherlands,178,73,26,67,63,52,47,60,58,58,51,58,57,65,61,57,90,75,65,75,83,79,66,49,58,58,48,59,48,49,51,12,6,14,5,14,95000,665
Franck Honorat,France,180,70,27,76,78,39,45,48,72,73,43,72,74,77,72,65,81,79,55,67,79,78,79,59,77,74,78,69,60,68,74,14,10,15,7,15,8500000,592
Ousseynou Thioune,Senegal,180,72,29,65,61,62,65,67,64,59,58,68,64,52,66,68,48,77,70,69,45,57,67,58,58,48,59,59,48,49,58,13,6,10,14,10,75000,178
Yeom Ki Hun,Korea Republic,182,80,40,64,59,22,45,48,42,66,42,71,70,64,66,63,34,34,56,56,33,38,44,60,63,54,61,68,65,69,60,12,7,6,7,11,7000,606
Brian Oliv√°n,Spain,177,73,29,73,68,72,73,80,75,65,73,66,64,76,75,65,79,90,68,67,78,67,66,62,65,56,68,74,68,62,50,8,13,15,13,12,9500000,488
Ludovit Reis,Netherlands,178,78,23,76,75,64,67,67,71,62,72,75,69,54,74,72,71,80,65,73,78,80,80,57,66,65,62,61,44,51,48,11,10,15,14,7,3600000,298
Min Sang Gi,Korea Republic,184,77,32,61,45,65,67,66,63,42,66,48,61,34,68,67,69,72,83,63,74,73,83,67,58,28,55,33,38,32,43,14,15,8,13,15,1000000,606
Maciej Kowal,Poland,195,87,20,12,10,14,12,27,39,8,10,22,21,11,24,22,26,20,55,26,33,23,32,12,43,5,7,12,13,15,5,51,58,54,57,53,9000,469
Lewys Twamley,Wales,178,65,20,51,52,47,49,36,47,46,44,39,48,50,51,40,73,52,44,73,71,68,53,42,45,47,42,46,33,45,38,12,6,7,13,7,9000,429
Yunus Akg√ºn,Turkey,173,65,23,75,78,19,22,30,65,66,30,68,62,59,67,61,86,73,52,84,84,88,63,53,71,63,70,69,58,67,58,7,6,9,8,7,2800000,271
Husein Baliƒá,Austria,183,75,27,66,68,33,30,29,63,69,25,68,66,66,65,63,88,58,68,69,90,73,83,51,70,66,65,65,52,50,63,15,11,7,14,14,1100000,530
Mohammed Marran,Saudi Arabia,175,64,22,54,47,12,16,38,50,53,15,49,47,29,42,32,62,58,58,73,65,72,75,54,53,57,47,36,28,55,49,6,6,14,14,11,13000,36
Marcos Rojo,Argentina,186,82,33,66,61,77,76,92,73,54,80,60,70,63,73,68,64,62,86,64,65,67,80,75,79,50,62,67,60,75,48,15,7,8,12,10,9000000,92
Johan Larsson,Sweden,182,75,33,65,65,64,65,67,68,66,70,72,70,70,70,68,80,85,72,75,80,75,76,58,71,59,68,69,68,58,57,16,13,16,6,16,1300000,322
Niklas Vesterlund,Denmark,185,80,24,63,59,59,58,62,55,51,60,50,58,56,60,54,73,78,70,71,72,69,72,56,58,53,50,48,35,40,45,7,9,8,13,11,62500,625
Ricardo Rodr√≠guez,Switzerland,182,77,31,78,74,75,76,75,75,64,77,66,77,76,75,75,65,64,74,70,67,64,73,64,78,58,72,80,81,80,66,14,14,13,14,11,3500000,620
Dennis Lippert,Germany,172,63,27,62,54,59,63,56,54,37,59,36,43,61,55,36,68,67,34,79,78,75,76,42,33,25,42,49,26,28,23,15,8,10,14,5,47500,581
Simon Power,Republic of Ireland,177,67,25,59,60,20,29,31,55,54,24,54,55,59,55,49,85,61,44,72,88,73,47,38,53,52,52,59,57,52,46,7,11,11,14,9,37500,564
Nathan Fraser,Republic of Ireland,186,76,18,53,51,21,20,59,49,50,21,47,52,41,48,44,75,55,70,59,76,69,64,51,66,53,51,53,49,50,51,10,14,6,7,14,15000,676
Tijjani Noslin,Netherlands,177,75,24,66,70,22,23,30,64,56,15,60,58,59,58,50,81,66,56,69,75,75,74,53,62,58,59,51,40,60,48,11,10,12,6,12,85000,264
Mirko Elarra,Peru,181,79,35,60,61,23,24,44,65,66,30,45,75,42,54,68,74,65,71,65,72,65,73,51,63,67,64,52,51,50,45,11,10,8,14,11,23000,72
Ed Turns,Wales,185,76,20,52,46,58,61,62,57,27,58,42,56,29,49,30,61,50,62,61,57,49,72,60,45,24,30,32,37,49,33,14,14,14,9,7,21000,379
Amar Dediƒá,Bosnia & Herzegovina,180,67,21,67,71,63,64,57,58,64,60,62,64,66,66,61,83,87,67,73,83,76,82,46,67,54,57,58,58,44,59,14,11,6,9,9,1200000,485
Eddy Gnahor√©,France,188,88,29,67,67,53,66,64,69,65,65,64,64,61,66,66,58,70,85,57,54,59,70,60,67,62,67,63,62,57,59,9,13,9,10,13,90000,59
Lucas Villalba,Argentina,177,73,29,71,70,73,74,79,70,69,77,65,70,75,68,65,81,69,76,68,80,76,82,65,70,50,66,50,59,42,60,13,8,10,14,15,2800000,55
Sakarias Opsahl,Norway,187,67,24,67,63,58,61,62,60,58,62,63,65,63,68,65,69,78,60,67,67,67,58,55,66,50,65,65,63,55,51,8,13,10,9,10,82500,625
Marinos Tzionis,Cyprus,170,66,22,61,58,23,21,34,64,66,20,60,62,52,56,37,69,56,39,78,72,78,42,31,50,53,45,53,32,34,49,15,15,6,6,5,27500,587
J√©r√©my Doku,Belgium,173,77,21,76,83,25,28,58,70,72,18,71,71,65,70,59,94,61,67,87,89,89,75,37,73,67,59,60,44,51,54,9,11,10,8,12,6500000,594
Frank Liivak,Estonia,185,79,27,57,59,21,19,49,55,59,24,58,57,53,53,47,60,59,59,58,64,53,61,58,56,60,58,49,45,52,45,13,6,10,9,14,23000,576
Tomas Gomez,United States,188,86,30,12,20,12,19,18,49,16,24,20,28,18,21,19,47,37,76,47,42,39,53,11,51,11,12,18,17,24,15,62,60,61,68,59,22000,503
Jos√© √Ångel,Spain,182,80,31,65,59,53,59,72,69,64,66,67,67,51,70,69,57,85,72,59,62,62,58,48,69,54,70,64,69,59,39,9,13,10,8,12,97500,115
Tom Lockyer,Wales,185,72,28,63,55,70,72,78,69,38,70,49,65,45,62,62,68,77,79,64,64,68,80,71,37,38,34,44,30,39,21,9,15,13,14,7,2200000,386
Afonso Freitas,Portugal,181,73,23,63,61,64,66,57,67,49,66,35,60,55,58,51,68,62,64,65,69,64,77,54,27,34,29,34,35,37,30,10,7,12,7,5,77500,656
Vicente Seldero,Ecuador,175,69,31,65,58,58,52,42,64,58,43,58,64,69,68,63,74,63,44,73,71,63,53,40,54,48,51,71,65,72,49,14,8,14,11,9,27500,171
Jocelyn Janneh,Sierra Leone,178,72,20,47,46,60,60,56,55,38,52,46,49,41,57,50,65,62,61,69,64,58,64,62,58,28,58,48,46,47,32,15,9,12,8,9,14000,523
Seid Koraƒç,Luxembourg,191,85,21,50,46,59,62,76,56,33,58,30,46,44,51,48,59,62,80,45,60,48,72,60,40,23,21,26,21,31,25,12,7,7,9,7,40000,170
Landry Nomel,France,182,74,25,59,62,33,31,34,49,51,16,52,47,54,53,51,68,49,55,63,67,59,40,40,52,44,42,41,36,50,47,9,10,15,6,13,19000,641
Emmanuel Iyoha,Germany,191,86,25,70,71,20,30,31,69,72,30,46,67,60,62,43,77,79,77,54,69,72,60,55,70,68,63,61,40,56,59,5,11,14,13,14,1400000,187
Torge Paetow,Germany,188,85,28,52,32,64,66,61,60,28,57,35,52,26,51,36,61,53,76,47,62,45,72,59,41,27,26,30,28,40,25,14,5,8,14,13,45000,529
Andrea Meroni,Italy,188,80,26,45,40,60,65,82,59,30,60,40,55,35,50,40,52,69,76,60,58,50,73,67,67,31,30,31,27,40,33,10,14,9,15,12,70000,155
San Rom√°n,Spain,189,79,26,17,6,11,12,15,61,8,11,33,40,14,16,17,25,31,55,35,26,38,43,13,51,8,9,11,12,18,7,65,66,67,68,67,87500,533
Miles Robinson,United States,188,84,26,68,66,70,73,76,74,51,70,58,67,26,72,66,84,78,79,39,82,74,84,64,49,29,27,29,22,41,36,5,13,7,9,5,2900000,64
Bogdan Milovanov,Ukraine,178,75,25,56,65,65,64,68,65,52,68,43,53,63,55,46,72,78,73,72,73,66,61,50,48,37,29,43,35,48,35,12,7,9,13,13,1100000,57
Johan Guadagno,Sweden,188,77,20,26,19,18,17,18,52,10,12,38,38,15,35,35,48,25,45,42,48,52,67,12,41,9,9,15,14,14,12,52,54,55,55,55,10000,466
Rasmus √ñrqvist,Sweden,184,81,24,65,60,63,67,65,62,62,65,58,64,54,65,62,70,85,81,66,67,65,64,58,62,59,60,51,39,44,42,13,7,7,9,14,67500,170
Maic Sema,Sweden,173,65,34,65,66,31,36,40,62,61,39,63,62,58,64,51,75,68,57,80,73,74,79,49,60,60,61,59,48,59,61,15,7,14,6,8,37500,324
Duk,Cape Verde,182,75,23,62,67,23,21,47,68,65,22,51,60,48,54,38,79,66,70,84,84,83,74,70,70,66,51,62,68,64,55,6,8,8,12,6,1200000,21
Alja≈æ Casar,Slovenia,190,86,22,66,63,58,59,62,63,58,61,64,59,53,64,64,57,66,82,49,60,58,50,58,65,50,55,64,50,38,40,7,7,5,5,11,55000,296
Emin Grozdanic,Sweden,185,81,24,52,45,59,60,56,57,34,57,39,46,25,50,48,62,63,68,57,64,49,72,59,33,22,27,25,27,37,28,9,10,9,11,6,23000,325
Fidan Aliti,Kosovo,183,77,29,62,57,67,69,74,63,52,64,53,60,58,65,59,66,90,80,71,69,68,89,66,47,47,46,36,34,44,37,15,7,10,10,10,1000000,244
Brandon Soppy,France,181,80,21,68,68,68,68,68,65,65,64,60,60,69,68,63,80,73,76,72,79,74,75,65,64,41,51,58,32,49,48,10,7,12,12,11,1900000,86
Raffael Behounek,Austria,187,80,26,49,36,64,69,68,68,39,65,33,58,42,57,48,62,71,85,33,67,64,81,62,35,24,25,29,27,39,25,6,14,11,6,8,97500,660
Jos√© Lara,Spain,162,60,23,65,69,28,36,42,58,56,31,63,49,61,63,57,74,34,33,89,69,78,37,45,65,63,61,57,49,61,58,14,10,6,7,7,57500,500
Abraham Veznera,Colombia,186,73,35,62,67,65,67,96,68,57,61,56,77,68,70,67,76,68,82,66,74,67,72,68,72,54,70,73,74,74,71,8,9,16,8,10,50000,49
Adam Deja,Poland,185,82,30,60,61,59,63,79,63,52,62,59,57,56,60,62,64,80,80,36,66,57,64,59,66,39,58,48,59,45,43,14,11,11,14,6,60000,360
Lior Refaelov,Israel,175,70,37,77,75,51,56,61,69,82,45,77,80,75,75,70,65,61,56,70,55,70,62,48,75,77,72,81,78,78,74,16,10,8,9,9,1400000,492
Moritz Berg,Germany,178,74,20,58,54,50,55,53,53,41,53,58,46,41,62,55,60,47,47,76,63,55,55,49,46,51,41,35,36,46,31,10,14,13,8,13,13000,71
Patricio Ostachuk,Argentina,180,76,23,61,57,60,60,70,60,43,65,51,65,51,62,54,69,54,70,61,66,67,75,67,64,48,49,49,56,57,52,6,7,10,12,7,60000,330
Juri√´n Gaari,Curacao,181,73,29,61,62,62,63,64,60,53,65,41,56,53,65,43,77,74,74,64,88,66,81,61,56,28,50,35,35,40,32,13,8,13,12,11,62500,491
Lautaro Comas,Argentina,173,74,28,62,66,33,26,25,60,66,22,64,62,60,63,57,82,71,34,80,80,81,45,37,66,61,70,51,68,65,57,6,13,10,12,8,90000,457
Guillaume Fran√ßois,Belgium,174,72,33,66,66,64,64,68,62,64,64,59,66,64,63,59,68,65,64,76,63,69,72,53,62,54,59,62,59,58,54,14,12,16,6,6,60000,481
Curro S√°nchez,Spain,173,71,27,72,74,37,46,40,65,69,44,75,72,70,68,67,78,70,43,79,74,80,33,45,69,76,75,75,73,70,60,8,12,9,9,8,3300000,108
Gregorio Luperini,Italy,186,82,29,70,67,65,65,68,64,61,62,61,63,63,69,67,72,69,70,61,73,56,61,59,68,48,58,60,53,57,49,14,14,8,14,9,72500,461
Franco Zapiola,Argentina,176,70,22,67,63,57,54,51,52,61,36,65,63,63,71,63,71,53,47,77,78,67,54,54,62,50,46,56,54,57,54,15,6,10,14,14,85000,195
Laldanmawia Ralte,India,163,66,30,53,55,31,26,60,47,50,19,40,49,46,42,40,81,67,65,90,78,78,80,50,56,53,52,48,36,53,54,8,13,13,8,12,11000,431
Christopher Trimmel,Austria,189,82,36,70,69,69,75,79,73,66,78,67,70,87,72,72,64,82,82,53,79,61,59,72,75,61,65,73,63,60,57,8,16,8,6,15,4300000,635
Antonio Sandoval,Bolivia,180,71,21,61,54,63,64,55,52,48,53,45,44,39,64,61,67,60,61,73,69,59,57,53,53,34,31,35,32,47,33,5,8,7,9,11,25000,436
Angus MacDonald,England,184,70,30,55,39,67,66,63,64,28,66,44,48,31,56,51,50,34,71,44,47,47,83,64,35,22,23,27,25,36,33,11,6,11,16,12,60000,21
Maksim Stjopin,Finland,178,68,20,58,58,16,13,36,45,50,15,53,48,49,52,47,75,51,41,71,73,72,57,36,54,52,54,58,56,44,42,6,7,8,13,7,16000,294
David Ajiboye,England,170,70,24,62,65,33,36,42,56,57,37,56,62,59,57,44,91,79,69,89,91,93,33,45,57,57,56,49,52,55,44,6,8,10,10,11,82500,604
Paul Komposch,Austria,187,78,22,43,33,63,65,69,53,24,56,32,46,23,43,38,62,65,69,63,72,55,67,60,39,26,25,29,29,38,26,6,10,5,9,13,25000,536
Tobias Kainz,Austria,174,68,30,64,62,63,65,66,65,57,68,67,64,65,66,68,73,90,59,75,70,71,80,53,68,53,61,63,64,48,53,9,7,12,7,13,1000000,614
Kerem Akt√ºrkoƒülu,Turkey,173,71,24,72,79,41,43,46,73,74,24,72,68,63,69,59,89,75,48,70,80,88,45,52,69,72,73,73,72,62,55,9,11,7,12,8,4900000,271
Alberto Almici,Italy,179,75,30,66,58,58,57,67,64,58,58,46,60,70,66,61,68,75,75,72,73,66,70,55,65,17,65,60,65,42,61,9,9,8,7,8,75000,539
Jota Pereira,Portugal,177,83,21,65,64,27,33,37,54,52,28,52,54,55,57,52,72,52,65,66,68,67,34,37,63,59,44,55,41,52,53,14,14,8,11,10,27500,656
Junior Dorlans,Bolivia,185,81,23,63,44,64,66,61,63,37,69,47,70,49,63,65,69,41,68,43,77,64,60,62,57,43,51,43,45,75,44,10,11,8,10,9,75000,521
Lucas Digne,France,178,74,30,82,78,80,78,76,81,73,80,75,81,88,81,73,78,85,69,78,76,74,90,72,83,60,76,83,83,60,68,6,6,12,9,13,27500000,60
Joshua King,Norway,184,82,31,75,78,27,39,70,71,76,34,73,77,68,75,65,77,68,81,73,82,77,71,68,77,76,74,72,53,81,73,12,12,9,11,7,5500000,254
Edson Seidou,France,182,87,31,62,63,61,63,62,50,54,51,53,52,62,63,61,65,85,77,60,67,73,66,58,61,49,43,44,46,49,47,9,16,6,13,7,42500,593
Dereck Kutesa,Switzerland,177,76,25,68,70,34,39,39,57,61,33,62,64,56,66,55,87,68,72,81,88,86,90,37,60,60,59,49,38,53,41,11,6,11,6,7,1200000,561
Jonjo Shelvey,England,184,80,31,77,73,60,63,83,70,65,62,82,80,75,83,86,43,67,71,63,33,55,62,67,85,60,77,69,73,71,66,8,14,11,15,16,7000000,434
Santiago Arcilado,Colombia,177,70,27,63,65,24,26,33,60,55,18,63,49,60,60,52,74,58,50,71,68,58,55,39,45,58,38,44,39,51,39,6,10,11,11,11,52500,329
Lo√Øs Diony,France,183,82,30,70,71,15,23,67,69,73,21,67,68,67,68,49,69,64,76,72,69,63,72,69,75,73,71,57,48,68,66,14,7,6,8,16,1900000,50
Mattijs Branderhorst,Netherlands,192,87,29,27,17,13,15,21,66,4,10,40,55,17,26,27,40,28,65,41,39,37,66,12,50,15,19,13,15,23,18,69,71,68,67,71,1100000,420
Welinton J√∫nior Ferreira dos Santos,Brazil,175,67,30,71,70,15,15,45,62,71,20,59,72,61,64,52,79,64,42,74,75,80,67,61,73,69,72,75,62,66,70,15,11,16,12,16,1200000,472
Adil Demirbaƒü,Turkey,185,78,25,45,40,67,70,59,64,24,68,28,63,33,49,46,44,61,68,62,55,34,68,68,52,24,24,29,28,45,31,8,6,8,11,8,72500,359
James Pantemis,Canada,188,79,26,17,11,14,12,23,64,4,12,40,39,14,29,28,38,30,60,33,32,27,62,13,41,6,9,13,10,10,5,66,66,63,54,66,70000,116
Zeke Larrondo,Bolivia,168,62,31,64,69,26,35,30,68,67,40,67,70,64,62,50,86,70,59,87,85,83,64,45,50,58,46,68,40,68,70,8,12,16,9,9,82500,46
Christopher Avevor,Germany,185,88,31,56,48,61,65,68,61,35,61,53,63,53,59,59,63,49,82,61,66,57,81,65,58,32,41,29,35,31,33,10,7,12,10,6,57500,236
Ryan Bakayoko,France,196,85,21,62,55,25,29,55,52,61,22,49,55,50,56,41,49,67,77,37,62,43,73,67,53,64,54,48,49,63,55,6,15,5,12,15,27500,430
Andrei Panait,Romania,182,79,34,44,33,63,61,73,67,46,62,54,55,36,63,60,54,66,73,62,54,63,65,39,52,37,52,52,52,32,45,15,10,9,10,5,20000,119
Nordin Musampa,Netherlands,179,72,21,64,59,64,66,53,54,26,57,36,64,32,63,58,67,62,64,66,73,61,72,57,42,22,20,36,33,47,35,9,11,12,10,11,40000,219
Jordan O'Doherty,Australia,168,62,25,61,65,56,60,79,60,60,59,58,57,50,62,59,74,65,58,79,76,82,79,55,58,54,59,56,46,54,50,9,10,7,14,10,37500,189
Darragh Nugent,Republic of Ireland,183,72,22,57,56,51,54,64,57,59,55,59,56,52,56,53,55,65,63,55,57,54,61,55,56,55,54,53,48,52,48,8,5,11,7,13,19000,564
Nathan Redmond,England,173,69,29,77,81,30,26,39,70,77,30,72,64,69,73,62,85,67,50,86,76,86,39,33,82,70,75,70,65,57,55,6,12,14,16,10,5500000,87
Hussain Al Moqahwi,Saudi Arabia,175,68,35,67,68,52,57,57,62,66,56,67,60,66,69,67,64,63,67,75,56,73,74,57,61,63,61,51,59,49,53,16,7,15,15,8,32500,30
Mattia Viviani,Italy,183,74,22,71,63,60,68,63,66,56,65,72,61,58,77,72,71,62,62,69,76,71,65,59,65,49,61,72,61,60,50,14,7,9,9,13,1500000,84
Brendan Hines-Ike,United States,185,77,28,58,54,61,63,71,62,39,67,54,64,50,58,56,59,71,76,64,55,65,73,63,65,52,49,48,35,42,47,13,6,12,14,6,65000,165
Liam Smith,Scotland,173,68,27,66,59,64,67,68,56,50,61,51,56,60,65,58,72,80,67,72,69,60,84,56,55,42,50,56,31,42,38,9,6,13,7,10,55000,184
Carlos Manuel Cardoso Man√©,Portugal,173,63,29,71,80,33,34,55,65,65,49,68,73,65,66,60,90,62,37,90,90,90,66,64,77,63,66,81,47,65,72,9,16,14,10,11,2400000,356
Joshua Kimmich,Germany,177,75,28,85,82,78,85,89,88,80,85,85,85,91,87,90,77,94,68,84,60,84,79,72,78,68,83,85,73,44,69,15,8,15,7,15,97000000,210
Helton Leite,Brazil,196,92,32,20,10,8,9,22,79,8,11,15,41,11,27,21,54,42,79,25,51,57,57,12,53,10,13,12,8,19,9,75,75,73,70,78,4000000,51
Tom√°≈° Koubek,Czech Republic,197,98,31,20,17,16,12,31,71,12,11,39,54,13,14,20,39,33,79,29,43,25,53,13,50,12,17,18,16,20,19,69,74,62,67,73,1300000,206
Tiago Pombeira,Brazil,173,65,23,70,74,29,33,37,69,66,36,71,63,62,70,63,75,59,45,83,73,81,53,39,68,61,66,73,71,69,60,8,11,9,8,10,1900000,65
Dieumerci Ndongala,DR Congo,170,59,32,70,75,24,29,39,68,68,28,67,74,69,65,56,85,66,31,92,82,90,90,46,59,59,56,67,57,54,62,10,11,10,9,15,1300000,53
Manu Molina,Spain,178,72,31,67,65,60,66,63,68,67,66,69,65,62,72,68,64,70,56,74,55,70,65,37,59,57,67,66,64,65,57,8,11,11,9,12,85000,505
Jacob Maddox,England,179,69,24,62,64,53,61,65,60,56,55,61,60,58,64,61,73,70,50,75,69,74,34,28,63,52,55,57,54,51,52,11,9,7,5,8,37500,661
Park Byung Hyun,Korea Republic,184,83,30,40,37,61,58,72,51,57,55,35,48,56,51,48,65,52,76,51,67,56,70,54,25,26,29,35,34,35,21,6,11,9,13,14,21000,605
Andrei BurcƒÉ,Romania,187,82,30,59,43,70,71,78,68,32,71,33,62,26,66,50,67,72,86,56,68,54,73,68,31,18,22,20,20,37,29,7,7,10,14,7,1600000,513
Andrea Seculin,Italy,190,83,33,21,12,12,10,33,58,11,10,46,55,13,29,25,32,29,48,37,30,43,41,12,41,12,12,12,12,23,11,67,68,62,54,73,55000,410
Bruno Bianchi,Argentina,183,79,34,59,54,73,75,77,65,41,72,53,55,45,68,70,57,66,84,49,61,61,65,71,51,30,36,31,23,21,26,16,14,15,14,10,1500000,66
Johan Carbonero,Colombia,170,70,24,73,77,27,25,42,66,70,27,67,67,58,60,51,84,82,59,75,92,88,54,41,67,69,66,48,45,58,51,10,9,15,10,10,2800000,493
Manuel Monzeglio,Uruguay,181,70,21,72,69,24,22,26,50,64,23,70,50,54,70,66,65,61,51,64,64,62,61,50,57,65,65,56,52,55,45,8,12,6,11,8,1100000,421
Shaquell Moore,United States,180,74,26,72,66,66,63,56,69,68,62,56,69,73,66,58,89,87,78,66,90,82,89,55,64,59,58,57,39,56,45,13,6,15,11,12,2400000,423
Zhang Jinliang,China PR,184,77,24,41,46,58,56,47,53,27,58,27,38,39,42,38,53,56,66,67,55,40,71,57,36,17,29,24,22,36,22,12,15,13,13,6,14000,291
Geny Catamo,Mozambique,174,66,22,67,72,34,36,34,56,66,34,54,49,64,58,43,83,44,41,78,84,71,48,48,74,56,48,52,42,51,48,9,10,7,10,8,85000,398
Milos Kerkez,Hungary,176,71,19,68,69,69,66,75,69,60,66,67,65,72,69,59,85,87,64,80,84,82,64,62,52,45,50,54,42,46,52,13,8,13,10,13,2900000,18
Nick Suman,Australia,197,87,23,10,10,11,10,24,48,7,13,32,34,11,28,21,23,29,37,29,19,31,33,12,41,7,7,11,12,15,8,55,57,57,54,54,13000,392
Paul Mullin,England,178,71,28,65,65,27,35,58,67,68,34,55,68,55,58,47,73,83,71,76,77,71,84,64,70,69,66,64,59,63,61,9,14,8,10,7,1100000,677
Semi Belkahia,Germany,193,90,24,62,49,66,68,75,59,31,61,29,52,37,57,42,69,73,81,54,70,60,54,63,62,31,27,21,25,34,34,7,12,10,8,15,72500,4
Sebastian Nilsson,Sweden,177,75,20,45,42,54,55,49,42,36,52,30,42,42,42,39,64,57,48,69,65,63,64,52,32,21,15,26,27,35,23,6,11,9,15,11,9000,352
Ghislain Konan,Ivory Coast,176,71,27,75,76,72,76,70,76,71,73,68,74,75,74,68,85,87,67,85,78,73,70,60,63,45,51,72,32,41,58,11,8,5,5,8,10500000,36
Philipp Pentke,Germany,191,84,38,30,25,13,22,38,66,12,15,42,63,23,30,22,38,40,79,34,36,33,67,30,49,10,17,13,22,25,18,70,69,67,65,73,4000,613
Dan Gosling,England,183,79,33,73,65,68,70,73,73,69,71,68,76,66,73,71,51,56,65,67,49,62,64,65,71,64,70,63,57,61,62,15,6,15,14,6,1300000,664
Zaid Romero,Argentina,193,90,23,63,47,63,68,66,65,27,67,33,67,33,66,59,77,70,80,55,74,70,69,65,41,27,23,35,33,41,25,14,14,13,13,7,1200000,195
Sergio D√≠ez,Spain,178,72,20,58,60,58,56,60,57,53,60,55,49,46,59,53,79,65,57,73,78,76,67,37,53,42,40,34,41,52,39,10,7,9,13,10,30000,67
Niklas Geyrhofer,Austria,188,77,23,56,36,64,66,70,62,26,65,31,58,24,56,48,51,67,72,59,62,40,61,66,36,21,30,28,25,34,24,8,11,15,7,13,75000,536
Francisco Vidangosa,Bolivia,188,82,23,25,12,13,10,42,75,8,15,58,61,12,20,20,41,32,60,48,46,58,69,12,50,10,14,20,10,29,11,65,66,60,67,65,75000,328
Nadjib Ciss√©,Mali,188,79,22,52,33,59,63,58,47,26,51,30,38,48,43,41,48,37,77,43,56,34,39,65,42,24,25,32,26,31,27,9,6,8,11,15,21000,477
Genaro Orzazabal,Uruguay,175,70,23,70,65,25,23,25,69,67,22,75,61,55,45,51,57,67,50,72,61,53,58,55,63,59,55,57,56,68,55,15,16,18,10,13,47500,662
Jacques Siwe,France,183,72,22,53,56,17,22,30,54,59,18,47,48,35,51,37,60,46,56,61,59,61,70,59,58,61,50,44,36,62,48,9,13,9,12,13,19000,192
Ga√´l Ondoua,Cameroon,185,74,27,61,60,60,65,71,61,60,63,66,54,55,66,65,70,78,75,67,71,69,72,55,64,38,39,39,41,49,47,8,6,9,9,13,82500,300
Filippo Palazzino,Italy,170,68,19,53,56,32,39,46,57,52,36,49,56,53,56,46,80,59,44,85,77,75,48,44,61,56,44,58,54,57,47,10,13,9,14,12,21000,59
Jankat Yƒ±lmaz,Turkey,193,75,19,13,10,11,10,20,50,6,13,25,22,10,22,21,27,21,61,24,24,24,33,12,35,6,6,12,13,17,5,54,62,53,46,60,11000,271
Amey Ranawade,India,166,69,25,47,46,54,51,52,49,46,54,35,36,38,45,38,75,62,58,84,70,78,63,43,32,24,20,35,21,28,29,9,8,15,10,12,11000,417
Hao Junmin,China PR,181,74,36,70,67,56,61,68,66,66,64,71,66,70,71,73,63,58,58,70,54,69,58,41,69,69,70,76,77,66,63,8,13,16,8,16,27500,292
Saeed Al Muwallad,Saudi Arabia,183,77,32,69,60,60,59,68,61,60,57,53,48,67,64,56,75,75,74,67,73,68,56,57,52,47,54,64,45,59,51,13,11,10,9,11,62500,196
Hirving Lozano,Mexico,175,70,28,80,83,29,35,64,81,82,45,74,75,73,74,65,92,76,54,82,93,89,67,62,76,77,75,72,65,73,74,14,11,10,14,10,28000000,422
Dejan Ljubiƒçiƒá,Austria,187,74,25,77,75,71,74,79,76,69,73,74,73,69,75,72,67,91,72,64,87,71,74,66,73,72,69,64,47,52,55,5,11,14,12,8,8500000,0
Kas de Wit,Netherlands,175,65,20,62,61,41,47,42,57,47,24,59,58,48,63,61,69,53,45,74,69,64,52,50,55,47,39,59,47,57,53,7,13,9,11,6,21000,420
Giuseppe Ambrosino,Italy,187,76,19,55,56,25,26,49,49,59,24,47,50,28,49,29,55,62,65,56,60,53,70,67,49,58,49,27,26,54,48,13,6,12,6,14,15000,144
Edson Manjedo,Bolivia,181,75,23,66,65,32,33,44,71,66,43,61,67,51,56,51,71,66,71,74,73,72,61,41,63,61,62,65,66,67,64,11,15,8,18,7,57500,673
Marco Silvestri,Italy,191,80,32,20,18,16,18,31,72,14,11,47,44,12,22,20,58,34,60,34,61,65,74,12,45,20,16,16,11,16,20,80,81,77,60,83,9500000,632
Ibrahim Said,Nigeria,173,63,21,66,68,26,28,39,60,62,20,60,57,55,60,48,82,61,42,86,84,88,75,30,56,59,48,56,38,40,49,6,14,13,14,15,80000,649
Theo Vassell,England,184,70,26,58,57,58,63,61,61,52,63,50,58,53,58,57,73,72,75,61,72,64,83,60,48,31,40,47,20,32,30,11,7,10,6,10,57500,550
Jonas Svensson,Norway,170,70,30,74,73,72,74,82,78,69,74,71,75,71,73,67,79,91,77,93,83,77,75,61,75,55,58,73,54,48,61,10,15,12,7,16,9500000,24
Cody Gakpo,Netherlands,189,76,24,84,86,28,38,60,81,81,39,79,78,83,76,68,87,76,77,71,84,80,75,66,86,82,83,78,76,68,75,9,15,11,7,5,42000000,384
Andrea Cistana,Italy,185,78,26,68,60,70,73,70,71,44,72,52,60,51,66,56,64,72,70,71,72,70,82,75,62,56,40,51,39,40,39,7,16,10,15,15,2300000,102
Erik Lamela,Argentina,181,79,31,83,84,54,50,90,78,78,53,77,75,78,79,75,78,69,62,75,81,80,55,60,81,73,79,84,81,75,75,8,10,15,11,13,17000000,562
Kayden Pierre,United States,175,66,20,46,51,49,48,51,48,47,45,40,42,50,43,32,79,58,49,69,77,62,65,36,28,24,23,38,26,37,25,11,8,11,9,13,9000,587
Rafael Le√£o,Portugal,188,81,24,86,89,21,24,60,83,82,24,74,81,75,76,63,90,77,80,80,92,82,62,63,80,80,72,80,60,63,74,11,10,12,15,9,48500000,406
Matty Pearson,England,190,78,30,55,51,68,72,71,65,35,69,34,59,52,60,58,53,72,81,61,57,57,67,75,53,42,38,39,30,43,35,13,15,8,12,15,1400000,317
Tom√°s Marchiori,Argentina,186,84,28,16,9,12,11,20,56,8,10,33,29,9,23,26,33,25,63,37,26,27,53,13,47,6,7,10,14,17,9,67,62,67,63,66,55000,66
Jordan Lefort,France,184,81,30,66,59,66,67,72,70,62,68,47,65,64,68,61,65,77,71,56,66,57,70,61,25,22,27,46,33,37,22,12,14,6,12,10,1300000,453
Dylan Durivaux,France,178,69,22,56,51,57,60,51,51,46,50,33,42,50,55,43,81,65,68,71,86,70,62,49,35,42,39,38,32,45,46,10,9,5,9,13,27500,430
Jun Amano,Japan,175,67,32,69,68,47,56,53,63,66,59,68,63,64,69,68,74,82,61,72,74,82,70,49,64,57,67,68,76,42,54,7,5,6,13,14,1200000,340
Lasse Nilsen,Norway,180,78,28,60,63,57,58,54,53,55,58,49,58,62,57,48,81,78,64,73,81,69,63,45,62,53,53,55,40,40,47,6,6,8,10,13,57500,625
Nicolas Capraro,Argentina,184,78,25,58,45,65,69,57,53,28,61,38,58,34,67,55,73,63,61,56,71,54,67,68,46,29,26,34,34,51,33,12,12,13,9,6,60000,80
Alberto Grassi,Italy,183,75,28,76,74,64,69,67,70,68,71,72,66,64,74,73,66,69,59,66,55,64,56,63,70,58,67,64,58,63,60,8,12,6,15,8,2500000,191
Sergio Fabi√°n Ort√≠z,Argentina,173,77,22,61,55,58,62,62,57,38,60,47,48,59,62,59,64,61,60,63,60,59,57,53,59,42,40,58,47,44,41,9,9,6,12,11,35000,330
Michael Jakobsen,Denmark,185,81,37,57,52,60,62,65,58,46,61,45,58,54,59,56,50,72,83,47,45,61,80,63,57,40,52,37,50,56,39,10,6,11,10,9,9000,431
Jack Duncan,Australia,189,85,30,14,16,16,19,33,57,15,16,39,56,13,36,32,52,37,72,39,49,44,62,13,44,12,15,13,10,15,20,59,61,60,59,59,17000,426
Djaniny,Cape Verde,190,78,32,74,73,21,29,59,70,75,40,72,73,68,67,63,77,79,81,66,81,77,74,67,76,71,64,64,53,77,68,10,11,8,16,8,2600000,623
Suleiman Camara,Spain,179,71,22,60,62,26,30,44,56,62,31,55,60,59,58,57,84,64,58,66,76,80,55,56,65,63,54,52,46,56,57,14,12,8,8,14,57500,629
Sumit Rathi,India,176,70,22,42,42,47,48,57,47,37,50,36,43,37,36,34,66,68,69,70,76,72,73,49,32,21,24,33,22,34,22,6,10,9,8,10,8000,17
Ewerton,Brazil,175,73,26,76,79,34,23,57,67,73,24,72,75,72,66,56,84,62,54,85,80,86,66,36,69,73,74,70,66,56,54,6,9,10,7,9,4700000,575
Efrain Alvarez,Mexico,173,68,21,68,70,20,31,37,57,59,20,67,61,60,67,58,69,59,37,79,65,83,53,32,64,61,63,75,58,48,56,5,14,8,7,11,80000,362
Aldo Escuderos,Paraguay,175,73,23,64,69,53,42,77,62,56,42,65,70,54,59,58,66,67,54,73,64,85,83,75,48,68,62,68,63,70,47,9,7,7,12,9,47500,577
Daniel Veiby Held,Denmark,191,77,18,18,5,10,10,28,45,4,14,39,36,13,23,29,27,24,63,23,25,23,35,13,38,7,6,14,13,11,7,53,54,50,50,55,7000,19
Valentin Co»ôereanu,Romania,187,81,32,58,65,20,15,43,62,52,46,63,47,66,48,40,67,66,80,60,66,62,77,44,64,52,62,47,43,43,41,7,11,9,13,11,24000,119
Louis Patris,Belgium,185,77,22,62,52,65,69,70,59,51,65,65,56,60,62,57,72,71,75,60,82,65,71,66,60,54,49,42,42,50,47,10,13,10,6,9,1100000,438
Franco Orozco,Argentina,165,61,21,69,73,31,29,41,45,55,26,57,58,67,56,51,78,61,34,66,81,78,43,41,61,66,60,53,54,50,55,12,7,11,8,9,80000,369
Devin S√ºr,Germany,179,67,19,59,59,39,36,54,49,51,39,48,46,51,59,49,69,53,58,73,66,70,34,51,53,54,41,43,41,52,41,6,11,6,12,7,15000,4
Alexandru Mitri»õƒÉ,Romania,165,68,28,75,75,27,21,53,75,71,22,68,66,64,71,59,88,63,57,90,81,90,33,31,73,68,68,73,72,57,65,6,7,15,5,11,4500000,37
Ko Seung Beom,Korea Republic,173,70,29,68,72,58,66,75,66,66,67,72,69,59,69,65,72,92,68,80,72,73,68,46,69,57,71,63,66,48,49,11,12,6,7,12,1400000,606
Romario Benzar,Romania,180,73,31,61,57,62,62,67,64,52,65,60,67,65,61,59,67,60,60,65,68,68,54,49,60,49,56,66,68,59,49,6,9,10,6,7,50000,631
Nicolas Glaus,Switzerland,186,82,21,17,7,14,13,22,50,5,9,32,30,12,20,22,15,19,56,34,29,37,48,12,41,9,9,13,13,17,8,52,58,52,54,59,12000,645
Luca Jaquez,Switzerland,188,79,20,32,42,51,60,43,50,26,54,32,44,31,48,28,54,57,57,54,55,48,74,51,41,19,25,24,27,40,23,10,14,15,11,12,9000,224
Lewis Thomas,Wales,185,70,25,20,15,10,13,30,50,19,21,40,35,14,35,43,59,20,45,60,55,40,54,14,44,10,14,13,12,26,14,59,60,59,58,63,21000,262
N√© Lopes,Portugal,185,77,23,40,31,70,69,57,64,27,65,30,45,32,55,57,58,56,75,57,63,49,71,56,45,28,23,33,34,46,32,14,9,11,6,11,75000,276
Alexander Blomqvist,Sweden,185,79,29,55,42,64,67,68,46,28,54,33,50,48,62,60,63,55,76,59,67,62,75,66,48,25,33,50,22,39,34,12,10,7,16,8,55000,270
Efe-Kaan Sihlaroglu,Germany,178,67,18,56,57,49,55,53,50,52,54,56,44,42,67,59,69,50,50,77,59,81,72,47,49,47,48,51,38,44,46,11,13,13,8,5,16000,354
Alexandre Bonnet,France,173,65,36,69,67,32,49,42,62,63,56,66,69,68,66,65,73,61,65,82,67,85,32,46,67,64,66,71,67,74,54,6,6,7,13,9,42500,477
Innes Cameron,Scotland,190,75,23,60,56,42,45,69,54,57,48,57,54,49,60,54,55,66,78,67,64,58,68,67,68,62,49,51,40,59,52,13,13,12,7,7,40000,358
Jaushua Sotirio,Australia,175,71,27,53,56,49,48,67,58,59,46,51,51,58,50,48,91,79,74,80,90,83,77,54,65,63,59,53,52,54,49,9,15,14,11,10,42500,426
Sebasti√°n Moyano,Argentina,188,78,33,25,23,21,13,34,70,14,27,32,44,18,34,30,55,38,67,53,47,53,70,12,50,20,17,24,19,22,16,71,72,68,67,74,1200000,637
Josh Koroma,England,178,66,24,67,67,39,38,33,63,63,25,61,55,56,63,51,84,66,55,73,80,73,57,43,64,65,62,57,48,52,53,10,8,7,14,12,97500,317
Fredrik Oppeg√•rd,Norway,175,71,21,62,64,60,61,52,61,54,60,52,50,64,62,58,80,64,62,70,82,76,66,49,59,59,42,51,55,46,33,6,9,8,9,10,70000,282
Samuel Oum Gouet,Cameroon,185,74,25,66,64,62,65,60,70,49,66,66,69,58,69,64,55,80,82,60,55,62,57,64,70,47,57,59,46,41,41,15,10,9,5,10,1200000,347
Denis Ciobotariu,Romania,184,79,25,52,40,60,63,68,63,23,65,30,54,47,57,48,70,71,77,62,68,63,91,62,35,23,15,48,26,34,20,9,9,13,14,11,72500,560
Kylian Mbapp√©,France,182,73,24,91,93,32,34,64,93,92,38,83,88,78,85,71,97,87,76,81,97,93,77,72,88,93,82,80,69,84,83,11,13,5,7,6,153500000,455
Rigoberto Rivas,Honduras,178,73,25,69,72,37,29,33,58,63,24,64,58,62,68,56,80,67,53,70,81,74,60,49,72,63,49,59,44,66,63,6,14,8,9,10,1200000,507
Edoardo Bove,Italy,176,65,21,72,62,64,67,77,69,70,56,65,68,53,74,72,59,67,50,80,62,59,63,60,73,67,64,51,46,52,43,12,8,7,7,7,1600000,512
Lucas Torreira,Uruguay,166,60,27,80,77,76,80,87,80,68,80,74,82,71,82,76,77,90,68,89,68,87,51,59,80,68,74,70,72,48,65,7,5,5,13,9,25000000,271
Laurent Abergel,France,170,65,30,77,70,75,77,77,73,58,75,67,64,67,76,70,74,88,68,83,64,74,78,53,69,42,51,54,47,42,37,8,7,14,15,7,6500000,222
Rub√©n P√©rez,Spain,178,72,34,73,62,72,73,81,74,72,80,76,71,52,77,77,52,72,73,64,48,59,73,56,80,58,67,55,57,60,26,9,11,8,13,15,3700000,452
Mathis Picouleau,France,171,63,23,71,69,57,56,49,63,58,48,65,68,48,68,69,69,53,39,84,62,59,58,48,59,48,47,60,55,57,49,7,12,9,8,12,55000,641
Amadou Diawara,Guinea,183,75,26,75,73,72,74,73,72,54,71,70,75,62,76,72,60,68,68,69,54,75,54,54,66,48,56,60,37,52,46,11,11,14,5,11,3100000,492
Cebrail Karayel,Turkey,176,75,29,65,67,66,64,64,60,65,63,59,62,66,63,61,72,80,69,76,72,73,72,57,69,32,59,68,40,44,30,12,10,12,9,10,1200000,359
Terell Thomas,St Lucia,190,86,27,60,56,64,64,66,58,31,62,58,57,56,61,56,62,70,73,62,56,55,77,63,65,34,30,40,37,39,37,8,7,10,15,13,55000,137
Florin Achim,Romania,180,75,32,60,61,57,58,61,59,54,58,62,54,63,60,58,76,65,70,70,72,73,62,57,51,55,53,54,50,52,39,7,7,12,11,6,42500,245
Hou Sen,China PR,188,81,34,33,28,13,12,29,60,14,25,50,49,20,26,42,37,28,57,56,51,58,65,24,42,12,12,25,24,15,15,62,62,60,56,63,13000,83
Zhang Yuan,China PR,185,78,33,50,65,55,54,56,58,52,58,47,53,51,58,52,68,63,73,64,71,66,63,59,56,31,38,48,35,37,31,13,13,8,8,7,13000,571
Joaqu√≠n Laso,Argentina,185,75,33,59,54,70,66,83,68,38,72,40,68,42,64,61,55,69,81,55,67,53,82,71,55,37,40,49,30,43,31,12,10,13,14,7,1100000,330
Magnus R. Jensen,Denmark,195,85,26,60,50,61,64,65,62,62,60,42,52,36,56,52,54,66,89,43,46,39,42,68,55,56,30,39,25,46,45,7,9,14,10,8,57500,7
Alexander Merkel,Kazakhstan,179,72,31,71,67,59,64,67,69,58,62,67,69,72,74,72,69,72,61,69,61,77,55,58,66,57,66,75,69,53,69,12,14,7,7,10,1000000,273
Iker Piedra,Spain,182,74,21,18,10,12,11,30,55,7,11,40,34,12,17,19,37,25,49,48,35,36,64,11,45,8,7,11,10,16,9,62,60,61,60,64,32500,281
Frank Junior Adjei,Ghana,177,76,19,57,55,27,26,34,35,49,22,48,52,48,46,40,67,50,56,66,69,62,48,38,58,52,38,40,40,52,42,12,5,6,5,9,10000,325
Filip Benkoviƒá,Croatia,194,91,26,58,52,70,72,73,66,37,70,54,74,33,65,59,55,64,90,40,61,53,66,70,71,38,38,44,54,42,19,10,15,8,6,8,1900000,99
Felipe Soldivia,Chile,173,67,23,65,61,35,53,68,73,57,66,59,70,49,68,53,67,70,51,81,70,73,72,39,63,51,45,68,45,66,49,6,8,14,13,10,47500,639
Park Bae Jong,Korea Republic,185,78,33,18,12,14,16,16,56,18,24,54,56,16,23,17,56,33,62,56,50,37,54,13,43,11,18,11,17,24,19,60,63,64,57,64,24000,605
Tjay De Barr,Gibraltar,175,74,23,54,56,28,29,54,54,56,23,52,54,53,51,44,81,62,59,76,77,74,63,51,55,57,52,56,32,56,49,13,15,6,9,15,20000,680
Jack Tucker,England,192,85,23,52,46,63,63,67,58,32,63,43,50,28,60,56,70,76,82,49,57,47,79,65,36,31,22,21,22,25,25,7,9,8,5,15,60000,389
Simon Banza,France,189,77,27,78,74,18,19,67,77,77,17,61,72,36,64,52,73,73,81,66,74,68,80,78,78,79,73,54,52,68,74,5,8,7,9,6,12000000,524
Axel Maraval,France,184,79,29,26,9,18,15,23,55,8,19,42,31,17,32,28,42,18,58,56,40,33,55,14,48,7,14,15,22,34,19,68,70,63,64,69,72500,435
Alejandro Silva,Uruguay,178,68,33,71,75,55,58,75,69,74,66,75,71,68,74,69,86,87,64,83,88,81,66,65,70,66,71,70,72,80,52,13,12,15,14,11,4500000,444
Luimo Boas Santos,Brazil,176,73,23,81,82,19,20,43,85,82,20,75,73,42,74,56,86,79,63,73,80,82,87,76,75,81,82,79,60,74,76,10,9,12,8,9,21000000,100
Roope Riski,Finland,180,74,32,65,63,40,41,45,67,68,38,48,57,57,55,48,82,66,58,72,80,79,85,60,66,69,59,57,49,63,64,11,14,12,14,16,85000,294
Yanis Massolin,France,197,78,20,64,58,57,62,59,37,51,51,52,47,62,64,61,59,47,71,37,54,32,42,66,62,31,34,47,46,47,42,11,10,11,12,14,16000,145
Kristian Arnstad,Norway,171,69,19,72,68,53,59,66,60,48,65,67,62,56,70,66,75,54,44,86,66,85,68,32,56,48,61,61,63,46,50,8,11,12,13,11,75000,492
Jack Clisby,Australia,180,72,31,57,55,56,56,65,55,56,58,58,56,64,55,51,68,73,65,63,68,70,74,52,60,45,47,59,61,51,43,13,9,11,9,11,35000,460
Provat Lakra,India,170,66,26,47,47,52,52,77,46,42,45,35,37,44,43,40,71,68,67,70,72,69,69,44,29,24,38,45,32,32,21,5,6,10,6,5,11000,431
Tom Lowery,England,168,75,25,67,66,59,61,57,65,62,63,67,64,54,68,66,78,84,34,91,71,92,80,44,60,55,60,59,60,56,48,11,10,13,9,8,1200000,474
Adam Smith,England,180,78,32,74,68,73,74,73,73,65,69,68,71,69,73,64,67,75,69,69,66,66,62,66,72,52,68,67,66,55,43,9,8,9,15,6,3100000,9
Erta√ß √ñzbir,Turkey,188,78,33,25,11,19,14,32,69,12,13,11,51,24,22,17,39,30,65,39,45,35,58,14,49,11,14,18,19,23,20,70,73,67,65,72,92500,24
Vladislav BlƒÉnu»õƒÉ,Moldova,191,76,21,56,55,20,20,36,52,57,18,47,54,31,47,32,48,50,68,43,59,46,69,62,55,61,46,39,42,56,45,10,5,11,7,11,19000,247
Stefan Nutz,Austria,178,70,31,70,68,58,54,53,66,66,52,73,68,67,71,70,66,74,65,75,62,71,64,52,72,65,70,73,72,73,66,10,7,11,8,10,1300000,544
Richard Cabrera,Paraguay,176,70,28,62,31,63,68,50,56,23,67,33,52,38,59,44,64,56,70,63,74,60,73,60,33,30,17,37,25,34,34,14,5,5,9,10,37500,147
Adam Armstrong,England,172,69,26,70,72,25,23,79,76,75,41,67,72,62,70,58,86,65,61,79,76,79,85,66,78,74,76,67,60,70,65,12,10,13,13,7,3400000,579
Richard van der Venne,Netherlands,173,72,31,66,63,55,57,74,60,67,58,61,61,53,70,66,71,80,69,77,64,73,65,54,63,60,66,56,59,51,49,7,12,12,12,6,70000,401
Rome-Jayden Owusu-Oduro,Netherlands,189,82,19,10,10,11,13,16,40,5,9,25,35,13,25,23,28,28,57,31,19,39,52,12,43,6,9,10,11,17,6,61,60,57,57,64,16000,18
Tyreek Magee,Jamaica,173,67,23,66,68,26,28,38,39,45,27,60,56,53,62,61,73,48,50,65,65,78,70,38,47,37,50,52,51,45,49,14,12,9,13,6,27500,344
Alexis Claude-Maurice,France,175,64,25,79,80,66,72,69,72,69,69,73,72,64,76,69,79,70,68,79,81,88,70,60,75,70,76,79,69,65,61,14,11,13,15,15,4800000,487
Ant√¥nio Carlos,Brazil,191,79,30,52,33,69,73,74,65,30,70,33,60,30,56,50,61,69,89,32,55,59,65,73,48,28,29,32,35,45,36,12,13,6,10,16,1300000,445
Alfonso Simarra,Colombia,191,83,23,50,33,61,68,60,61,45,60,33,48,45,55,44,65,60,81,53,55,55,74,59,30,32,25,31,32,49,27,10,15,11,11,9,50000,341
Pawe≈Ç ≈ªyra,Poland,178,70,25,62,58,58,60,60,58,58,58,61,61,56,64,62,69,67,75,71,73,76,64,49,58,53,46,42,39,47,42,10,12,6,6,7,37500,596
Pablo Ruiz,Argentina,172,68,24,68,64,73,74,64,68,57,69,63,63,62,71,62,65,78,56,74,67,78,36,39,62,55,65,59,45,55,38,14,8,5,11,11,1600000,503
Juli√°n Malatini,Argentina,190,79,22,67,68,63,65,60,61,64,63,51,56,66,63,57,70,73,54,66,71,69,64,52,28,28,32,45,40,46,26,11,13,13,14,13,1100000,169
Jimmy Cambados,Ecuador,172,69,35,67,70,48,53,80,60,62,63,65,71,65,60,55,70,67,66,75,76,73,72,62,70,64,68,71,74,77,56,8,10,9,8,12,40000,5
Hwang In Jae,Korea Republic,187,73,29,14,16,12,11,29,55,18,12,50,31,11,23,25,28,36,59,34,24,33,45,14,44,15,18,15,13,14,17,50,56,57,59,51,9000,470
Meseguer,Spain,184,81,24,72,69,68,72,70,68,52,67,68,59,55,72,71,62,72,67,58,64,58,64,66,61,62,59,65,68,57,37,6,12,15,9,13,1600000,285
Fod√© Fofana,Netherlands,188,78,20,60,61,18,17,50,56,60,16,59,59,56,56,51,75,54,80,58,78,65,59,58,66,65,60,62,63,60,59,13,13,6,7,10,52500,449
P√•l Alexander Kirkevold,Norway,185,90,32,65,62,26,27,73,63,64,26,59,67,62,64,61,53,65,84,63,63,53,74,62,73,64,60,64,67,70,60,11,14,6,13,16,60000,297
Mamadou Doucour√©,France,183,78,25,56,48,62,65,63,58,29,58,48,45,35,62,50,53,34,69,66,55,65,74,56,56,21,28,30,35,40,31,9,12,7,6,6,40000,388
Jasper Pattenden,England,167,73,21,53,58,46,51,42,61,57,47,60,55,55,54,52,80,73,71,84,82,82,56,42,56,48,50,51,51,45,49,9,12,11,9,14,23000,680
Julien Laporte,France,185,82,29,64,40,73,76,73,67,29,73,29,55,27,67,56,45,81,86,53,45,41,86,78,41,22,27,28,25,39,33,15,14,6,15,14,4800000,222
Dylan Duffy,Republic of Ireland,189,76,20,54,58,42,41,49,53,56,44,52,50,51,53,47,69,61,59,59,66,65,65,53,51,55,43,58,56,53,48,5,13,12,12,14,16000,382
Carlos Vela,Mexico,177,77,34,84,83,14,19,57,81,82,32,81,82,76,78,65,79,62,67,83,76,79,67,67,76,80,81,84,71,72,82,13,8,14,8,10,16000000,363
Kim Ju Sung,Korea Republic,186,76,22,49,42,57,61,44,50,27,58,36,44,25,54,56,69,58,73,56,66,52,78,58,38,34,26,22,23,39,30,11,12,14,9,10,23000,233
Samuel Giovane,Italy,181,72,20,62,53,51,57,65,68,39,63,56,61,49,67,59,72,60,62,69,76,66,71,52,58,44,53,60,57,53,52,14,10,12,6,11,24000,59
Sebasti√°n Prieto,Argentina,180,73,30,62,60,66,65,63,60,56,62,43,51,65,61,50,73,81,62,70,72,61,61,55,37,45,35,50,27,68,35,11,11,6,7,14,90000,619
Paolo Guerrero,Peru,185,80,39,74,72,19,22,61,69,80,36,75,73,68,71,64,52,38,72,65,54,52,74,79,77,79,70,66,54,76,76,11,11,14,7,10,1900000,493
Edgar Ardenaz,Venezuela,178,74,31,68,67,46,50,45,55,61,59,63,73,60,62,65,65,68,52,62,65,66,71,56,67,62,56,66,62,74,63,9,9,15,8,11,47500,314
Matt O'Riley,Denmark,187,77,22,75,70,58,67,61,70,74,63,77,76,66,77,71,65,81,65,73,68,64,58,53,64,68,64,67,52,54,52,13,14,12,5,6,3600000,129
Joel Robles,Spain,195,90,33,25,18,14,11,23,68,13,22,41,54,12,15,26,47,25,72,39,55,50,56,12,54,11,11,11,20,15,13,73,76,73,72,77,2800000,374
Alex Parsons,Australia,180,75,23,58,65,28,25,32,44,56,15,51,53,42,53,44,82,54,60,70,86,81,44,39,65,57,54,44,41,49,45,11,6,13,13,10,27500,610
Samuel Obeng,Ghana,185,74,26,59,58,13,20,70,55,65,26,45,53,41,56,38,80,75,83,48,84,66,76,68,76,65,63,42,46,63,60,11,5,10,11,11,97500,532
Cenk G√∂nen,Turkey,190,84,35,16,13,15,14,32,55,9,20,43,47,12,30,24,34,26,64,42,36,42,72,16,48,18,12,12,14,12,15,63,67,60,64,67,10000,356
Sebbe Augustijns,Belgium,178,73,23,60,55,60,60,63,64,41,59,40,52,46,64,62,63,32,59,65,53,65,59,55,56,41,40,49,46,51,33,5,12,11,7,9,24000,491
Abdel Hakim Abdallah,Comoros,170,68,26,60,57,58,62,53,54,50,59,49,47,59,61,52,82,77,64,88,77,89,87,60,54,32,29,57,35,40,34,14,12,8,12,11,62500,511
Carlos D√≠az,Venezuela,175,67,22,60,24,60,65,60,60,22,60,33,60,28,60,45,55,52,61,70,55,49,71,65,36,20,21,24,21,38,30,9,6,7,10,7,40000,402
Erik Mor√°n,Spain,186,75,32,65,64,60,70,70,65,57,67,67,61,59,71,70,40,73,77,53,42,63,62,58,61,40,62,59,67,49,39,11,13,10,14,10,97500,533
Jo√´l Abu Hanna,Israel,184,80,25,58,47,64,67,66,61,28,68,54,53,62,57,62,67,65,74,66,71,62,77,60,46,29,32,37,30,35,29,14,10,14,6,12,72500,373
Marc Roberts,England,193,81,33,55,33,67,69,65,69,25,73,32,52,23,52,58,50,64,80,51,54,41,83,74,33,21,20,24,29,34,23,16,7,12,16,14,1100000,88
Antoine Bernier,Belgium,170,68,25,68,74,36,39,62,65,65,27,66,64,66,64,58,85,68,59,81,78,86,80,49,66,65,67,66,68,60,60,11,11,6,8,10,1400000,490
Jacob Rinne,Sweden,188,87,30,30,16,16,14,27,69,14,15,68,66,15,40,39,46,35,68,33,47,47,57,16,56,15,15,17,15,26,14,72,73,72,74,75,2900000,30
Marcel Hoffmeier,Germany,182,70,24,63,62,63,70,58,63,44,64,58,65,42,65,60,77,68,72,70,85,71,81,64,54,40,30,47,42,44,39,14,9,7,11,11,1100000,528
Ali Fouad,Saudi Arabia,181,62,21,50,38,50,54,53,48,30,52,30,44,42,46,34,62,66,70,79,57,45,77,49,34,20,21,29,22,34,27,13,6,14,14,12,11000,196
Rafael da Silva,Brazil,179,73,31,74,77,35,26,62,62,74,25,74,65,65,72,62,82,70,71,70,88,71,68,65,71,78,70,59,53,71,64,16,11,8,13,7,3000000,340
Leandro Viven√ßo,Brazil,174,69,23,75,77,21,22,57,74,65,22,57,62,61,55,57,73,78,54,83,76,73,75,65,83,76,73,77,74,71,72,18,14,11,10,17,2800000,483
Bobby Wales,Scotland,185,64,18,61,53,15,11,44,61,60,12,50,58,32,56,37,76,54,65,67,78,62,73,63,61,60,53,34,32,63,34,13,14,8,7,10,32500,358
Dylan G'Beuly,France,185,67,22,62,58,45,40,39,48,40,23,54,53,51,64,63,68,46,49,51,63,62,57,39,51,38,34,53,43,51,51,10,8,10,6,7,15000,477
Carlos Ponck,Cape Verde,183,84,28,61,59,65,68,69,63,45,64,44,63,48,59,54,67,70,79,57,69,61,91,70,70,35,46,41,45,49,33,11,13,12,9,10,1100000,269
Halil ƒ∞brahim Dervi≈üoƒülu,Turkey,183,76,23,76,74,39,41,58,65,71,28,72,68,52,71,53,76,69,67,60,75,74,54,64,70,69,67,61,63,62,64,9,9,12,6,13,1900000,109
Shane Duffy,Republic of Ireland,193,76,31,55,45,72,75,83,70,58,72,41,59,38,61,60,33,50,85,36,34,32,89,81,62,40,49,37,33,45,30,8,9,11,16,12,3500000,267
Pietro Perdichizzi,Belgium,182,74,29,53,39,62,70,72,62,28,55,38,52,48,56,54,65,63,68,69,68,66,80,61,61,25,28,28,36,40,34,15,6,6,6,15,50000,349
Valmir Veliu,Kosovo,177,68,23,64,62,30,32,44,56,52,24,46,46,58,59,54,65,72,53,63,67,69,42,41,65,57,41,51,47,51,54,13,8,12,5,10,37500,273
Frederik Tingager,Denmark,198,94,30,59,53,66,67,68,66,29,65,40,63,40,65,60,54,78,90,38,55,32,80,74,45,29,30,40,21,30,30,15,11,14,13,14,1200000,12
Alessandro Russo,Italy,193,78,22,16,10,13,14,26,60,5,14,24,32,14,20,25,29,17,63,21,33,32,38,11,43,5,8,13,12,11,6,61,68,62,57,64,52500,558
Ryan Kent,England,172,65,26,75,80,33,44,74,76,71,45,73,70,71,73,69,90,81,52,87,89,91,43,58,81,68,71,70,57,52,67,13,9,8,6,7,8500000,497
Louka Prip,Denmark,182,72,26,71,72,45,49,60,66,69,46,68,68,65,66,64,78,81,66,75,75,76,45,42,75,68,67,68,63,66,63,15,11,7,5,11,1800000,19
Kyle John,England,176,68,22,63,61,62,64,62,58,58,58,52,61,63,60,47,68,64,53,85,55,76,69,50,39,45,42,54,35,35,34,13,6,11,9,9,52500,197
Kim Ju Yeop,Korea Republic,180,76,23,50,53,56,55,53,55,36,54,40,47,54,46,40,61,66,57,64,60,58,75,52,36,35,39,43,23,33,33,14,7,8,14,13,22000,605
Giotto Morandi,Switzerland,181,77,24,62,63,50,50,48,50,55,48,62,65,54,64,63,71,55,66,65,74,66,67,43,65,66,65,55,54,68,56,7,14,6,14,10,37500,286
Melvin Fersand,Ecuador,189,86,19,72,42,35,38,62,58,71,31,44,53,36,57,38,43,40,83,39,54,51,35,78,65,66,68,41,44,63,61,40,71,46,71,47,75000,365
Miguel Brizuela,Argentina,181,72,26,58,50,69,68,78,67,31,65,43,54,58,66,50,58,76,80,47,56,54,83,74,60,35,33,38,35,43,32,5,13,14,10,9,1500000,657
Jesper Skau,Norway,183,75,20,57,55,51,55,36,50,52,55,56,45,46,57,55,64,60,51,65,59,58,62,45,38,42,40,42,23,35,27,10,5,8,10,12,14000,441
Bledian Krasniqi,Switzerland,173,63,22,66,65,56,58,55,56,58,52,58,58,57,70,66,70,70,55,81,71,74,57,48,61,58,50,62,54,55,52,8,13,7,10,8,55000,244
Bamo Me√Øt√©,Ivory Coast,183,75,22,47,31,69,73,55,55,32,58,33,44,33,41,34,52,63,65,58,63,36,68,64,53,22,28,35,28,41,28,14,9,8,14,9,40000,222
Joe Shaughnessy,Republic of Ireland,183,69,31,51,50,65,65,66,56,22,62,41,56,39,53,50,71,76,70,50,65,67,84,63,30,20,22,33,28,32,20,7,10,16,12,16,50000,590
Hassan Al Majhad,Saudi Arabia,169,60,31,61,62,51,58,50,55,53,57,55,45,47,60,57,61,60,56,60,58,57,62,43,46,47,50,42,44,43,35,8,6,14,15,7,19000,34
Jarrod Carluccio,Australia,178,72,22,52,58,40,45,51,49,48,38,47,48,49,51,47,80,70,58,75,72,75,70,44,50,49,40,48,40,45,44,6,7,11,15,7,17000,659
Micha≈Ç Buchalik,Poland,190,83,34,21,14,22,24,23,47,15,23,42,56,21,35,32,28,26,66,51,37,36,52,13,47,12,12,12,12,23,11,67,61,63,62,60,13000,373
Godwin Bentil,Ghana,185,73,22,57,54,19,11,27,55,59,19,50,58,41,54,39,70,67,71,57,73,61,72,60,66,65,55,50,39,69,48,9,11,8,14,14,40000,430
Josan,Spain,175,68,33,72,75,55,58,53,65,70,56,59,62,68,75,62,83,65,37,78,83,78,74,50,70,73,56,66,55,64,59,12,7,11,6,12,1900000,190
Jhon Espinoza,Ecuador,178,74,24,62,59,69,65,70,58,42,62,57,59,57,60,55,78,68,71,69,77,75,81,58,51,33,40,45,47,32,32,14,8,15,11,12,90000,223
Romain Hamouma,France,178,76,36,77,77,41,41,60,70,74,39,73,71,71,74,68,68,61,64,74,68,78,57,67,77,71,74,76,70,70,76,7,14,11,14,13,1000000,6
Jamal Amofa,Netherlands,185,82,24,60,54,68,69,65,65,44,66,48,58,47,57,50,71,70,80,64,67,68,62,61,46,29,32,38,31,31,29,7,7,15,7,7,85000,282
Ale Garc√≠a,Spain,181,71,20,62,64,28,31,58,53,58,24,57,60,56,59,57,74,68,48,68,68,75,55,59,61,60,60,61,44,50,60,14,11,6,14,5,42500,630
Braulio Deroz,Chile,180,78,27,51,20,61,65,65,63,21,60,46,66,52,65,60,65,54,70,57,42,63,73,62,60,25,27,35,46,45,22,16,17,12,12,11,37500,52
Cho Gue Sung,Korea Republic,188,77,25,65,64,20,18,69,73,70,23,53,58,42,60,42,79,79,82,62,83,81,83,71,71,74,62,54,44,68,66,11,13,9,10,5,2200000,340
Fernando Mart√≠nez Rubio,Spain,185,85,33,23,14,19,11,20,75,16,27,51,50,17,32,24,48,30,64,56,47,43,72,12,53,19,18,12,20,26,18,75,76,74,71,77,3700000,628
Iv√°n Cazal,Paraguay,175,72,24,62,67,28,30,32,63,60,19,63,64,66,65,59,71,62,59,62,71,58,43,37,53,59,32,45,39,50,38,10,5,10,11,6,82500,369
Crivellaro,Brazil,184,81,34,67,66,41,54,54,67,66,51,73,64,64,71,69,51,67,77,66,47,66,31,54,73,64,68,69,64,66,56,4,4,4,4,4,62500,338
Ilyes Chetti,Algeria,176,70,28,54,69,74,72,62,60,59,65,49,51,69,45,41,69,63,49,74,69,54,63,53,40,36,34,44,46,50,33,12,11,5,10,5,97500,50
Mikkel Kirkeskov,Denmark,182,84,31,69,69,67,65,72,63,48,61,56,59,73,69,65,73,73,73,68,59,73,74,52,68,40,61,73,64,54,38,8,7,10,14,12,1000000,315
Joona Toivio,Finland,186,87,35,56,47,57,64,66,58,35,60,42,58,55,57,56,46,62,80,43,54,53,80,63,77,42,56,64,64,59,35,8,10,14,6,13,16000,294
Josu√© Chiamulera,Brazil,185,80,31,70,56,82,87,88,85,38,84,42,71,40,74,61,80,77,76,57,76,76,73,83,53,38,41,45,49,56,44,15,16,15,13,10,25000000,100
Dijon Kameri,Austria,181,76,19,71,72,41,41,53,58,58,42,65,48,58,65,56,74,64,65,70,73,75,55,52,73,59,69,67,58,53,62,11,15,14,5,10,90000,485
Leopold Querfeld,Austria,190,83,19,56,43,62,63,65,55,24,60,35,51,30,58,49,55,60,80,46,54,37,72,58,68,22,60,22,38,31,31,9,12,6,14,13,35000,535
Yimmi Char√°,Colombia,165,68,32,76,74,57,61,57,70,70,46,70,71,60,70,64,90,80,70,91,90,92,90,53,68,67,62,45,38,62,72,10,13,6,7,6,2500000,473
Robert Moldoveanu,Romania,179,72,24,63,64,15,16,29,58,62,11,61,47,60,63,50,80,62,60,81,77,87,76,56,65,60,52,57,32,56,46,15,10,15,13,5,47500,229
Sebastian Kowalczyk,Poland,170,60,25,69,65,44,43,68,70,66,31,68,65,59,66,60,84,80,32,94,78,92,51,42,64,63,64,58,59,68,56,8,9,14,13,7,1400000,469
Fabrizio Caligara,Italy,180,74,23,73,66,63,68,66,70,65,69,66,68,54,72,65,65,81,67,71,64,71,63,60,68,54,63,58,65,45,61,10,6,10,12,10,1600000,59
Viti Rozada,Spain,170,64,25,61,63,48,45,70,61,64,54,60,60,60,61,58,84,77,49,88,89,85,34,43,63,60,59,54,41,53,55,9,8,7,6,10,97500,478
Josh Lillis,England,183,82,36,21,15,17,17,39,55,13,23,24,60,14,27,29,46,40,68,57,42,52,68,15,41,14,13,13,11,14,11,57,56,56,55,57,2000,81
Lucas K√•hed,Sweden,167,57,21,57,57,30,29,34,42,49,28,53,48,48,51,46,74,51,33,80,72,83,36,35,40,45,41,46,37,34,36,11,5,15,12,9,12000,323
Funso Ojo,Belgium,177,71,32,65,65,58,62,60,64,56,64,63,61,59,67,66,67,72,68,71,63,78,80,56,66,54,57,45,56,56,55,8,11,16,13,14,55000,471
Kevin Guti√©rrez,Argentina,168,65,26,73,69,64,64,75,65,60,66,66,63,53,77,68,80,81,65,87,72,80,81,47,63,60,58,53,64,53,45,14,9,10,14,11,1600000,169
Kai Trewin,Australia,178,72,22,58,57,63,65,63,63,46,62,52,59,44,62,59,69,75,72,67,71,68,72,58,47,30,37,48,36,39,25,12,14,15,8,13,62500,104
Salih U√ßan,Turkey,182,80,29,77,75,60,67,67,68,71,68,76,70,74,76,76,67,68,61,74,55,76,57,61,75,67,72,77,72,64,66,8,12,11,6,11,3000000,87
Lorenzo Tonelli,Italy,183,75,33,58,51,75,75,80,70,23,71,30,68,40,54,52,54,48,68,76,54,65,76,74,52,25,25,38,17,35,33,11,13,11,13,6,1200000,191
Andreas Leitner,Austria,184,72,29,30,16,17,14,23,64,5,10,39,32,16,31,23,22,17,37,31,26,30,46,12,47,20,17,21,13,28,15,65,67,67,62,67,72500,229
Ronaldo Vieira,England,178,70,25,73,71,68,71,80,67,58,68,66,71,56,72,67,69,76,71,78,76,73,67,53,65,53,62,63,49,57,50,6,12,10,7,8,1900000,620
Cillian Heaney,Republic of Ireland,178,67,22,52,54,44,46,41,48,52,41,54,53,49,52,43,69,52,44,68,62,51,53,47,60,54,35,52,43,54,44,8,14,8,12,9,13000,576
Edenildo Lagoas,Brazil,180,75,23,68,50,57,63,68,63,41,65,50,58,75,66,65,71,72,69,66,40,62,66,68,60,45,67,45,75,68,42,14,15,18,11,11,1100000,128
Dayot Upamecano,France,186,90,24,71,69,86,86,89,80,47,78,58,71,48,77,72,76,65,88,67,89,63,87,82,60,39,40,32,28,39,27,15,6,7,8,9,36500000,210
Gian Franco Cabezas,Colombia,180,76,20,61,62,65,70,35,63,60,60,63,58,39,62,58,79,71,58,67,76,81,56,36,45,58,63,49,56,48,35,6,5,15,13,10,42500,175
Luciano Cingolani,Argentina,172,67,22,59,61,20,18,35,56,57,23,53,51,56,57,49,76,61,34,70,73,74,58,54,58,61,60,51,45,54,56,11,7,13,12,10,37500,283
Marcel Halstenberg,Germany,188,87,31,75,73,72,76,75,77,63,72,65,74,80,79,66,55,78,79,59,63,61,84,78,79,59,69,77,75,73,60,10,9,15,14,16,8500000,484
Thijs Timmermans,Netherlands,184,79,25,62,55,45,36,59,57,55,45,59,63,45,63,60,61,65,67,64,62,59,59,46,55,50,52,39,56,38,39,9,6,9,6,11,23000,591
Ronald Hern√°ndez,Venezuela,170,70,25,58,58,59,62,56,60,48,61,48,52,60,53,50,81,71,65,82,82,75,72,50,33,31,35,58,30,38,22,12,8,13,6,6,62500,64
Owen Bevan,Wales,186,74,19,53,39,57,60,50,52,24,59,32,57,37,48,41,66,48,60,57,54,40,73,52,49,28,28,36,32,41,33,13,14,7,15,10,15000,9
David Cancola,Austria,183,73,26,61,57,59,61,61,61,48,61,61,59,49,62,62,63,69,65,65,63,57,61,59,49,35,42,36,41,40,31,6,10,13,7,11,47500,517
Kofi Schulz,Germany,188,82,34,64,67,62,64,71,57,57,64,58,62,63,63,67,71,69,89,49,83,65,63,53,73,49,58,48,51,62,42,6,10,14,11,15,60000,660
Charbel Gomez,Benin,183,75,22,62,69,16,18,35,49,60,11,45,45,50,40,35,77,36,56,46,76,77,57,41,60,66,65,65,47,53,48,10,6,12,11,9,27500,47
Shadrach Ogie,Republic of Ireland,183,78,22,52,51,58,60,56,55,38,60,45,54,43,54,46,73,72,75,59,76,45,88,56,40,35,35,37,25,35,30,8,8,14,13,7,32500,379
Lucas Menossi,Argentina,169,70,31,73,71,62,66,74,75,68,72,69,67,63,76,74,76,92,56,88,74,90,81,43,75,49,75,67,68,57,71,10,10,8,14,9,3000000,619
Hora»õiu Moldovan,Romania,185,81,25,15,17,11,12,31,67,15,15,55,42,11,25,28,45,37,55,49,40,55,53,12,47,17,16,15,13,17,14,68,71,67,63,73,1400000,231
Nikolai Hopland,Norway,186,80,19,58,42,57,59,57,51,34,59,32,52,34,57,49,64,48,74,62,65,67,68,56,52,36,32,38,31,36,35,12,10,6,10,13,21000,20
Sandelas J√∫nior,Brazil,183,78,31,67,61,68,72,76,71,43,75,64,69,55,72,71,60,77,73,59,61,65,73,61,68,46,58,59,45,54,49,8,15,15,18,7,2500000,555
Castello Lukeba,France,184,73,20,73,69,78,79,73,76,44,76,67,76,59,77,73,71,72,77,64,78,69,75,73,55,41,38,54,26,39,42,11,8,10,14,13,7000000,439
Willian Vargas,Ecuador,173,75,26,64,63,55,60,47,62,64,58,57,55,64,62,50,77,62,67,70,81,71,61,55,26,48,45,40,35,40,28,10,13,8,11,8,60000,331
Daniel Hanslik,Germany,186,81,26,64,65,20,24,59,67,66,22,59,60,61,64,49,72,80,74,64,75,65,80,64,66,67,62,59,48,61,59,10,12,7,6,6,1100000,350
Cheng Changcheng,China PR,180,80,32,48,51,20,25,57,49,53,28,51,55,33,40,33,55,60,75,65,55,47,66,66,62,57,47,31,32,55,44,10,7,15,8,8,11000,135
Lion Schuster,Austria,183,72,23,63,59,62,64,67,61,49,63,58,56,51,66,63,67,55,68,67,69,71,65,68,56,39,52,40,43,43,29,10,7,13,6,15,62500,535
Hamad Al Abdan,Saudi Arabia,165,61,23,51,57,30,29,45,44,45,24,59,49,55,52,58,69,41,30,86,67,75,57,39,49,38,35,51,49,31,35,7,14,5,6,12,13000,34
Irvin Cardona,France,185,76,26,74,73,20,17,28,69,75,24,72,67,56,73,58,72,69,70,62,69,69,79,63,78,73,68,68,58,69,77,13,9,11,6,13,2700000,206
Zervandro,Brazil,182,79,23,62,44,81,78,88,79,24,77,47,70,55,68,72,67,63,74,59,69,49,88,76,43,51,51,54,50,66,44,8,9,14,13,10,14500000,100
Elias Olsson,Sweden,188,72,20,44,37,57,59,56,45,27,50,27,37,23,55,42,53,34,70,50,67,58,71,58,33,21,16,23,29,39,27,11,11,12,8,6,14000,352
Salem Al Najdi,Saudi Arabia,178,61,20,48,42,51,50,56,46,38,48,34,39,42,39,31,66,53,60,64,64,56,73,54,26,22,25,27,32,30,22,13,11,7,14,12,8000,30
Sullay Kaikai,Sierra Leone,182,70,28,61,64,52,51,32,60,59,47,63,62,63,60,52,80,50,57,74,80,82,54,39,65,57,58,65,66,59,60,10,15,7,14,15,65000,389
Steve Kapuadi,France,193,88,25,54,21,63,65,59,53,25,62,31,54,23,55,31,63,68,85,35,56,41,70,57,33,24,17,23,25,35,20,13,10,13,12,10,60000,674
Lisandro Semedo,Cape Verde,175,73,27,69,68,21,25,65,66,65,23,66,64,60,62,56,77,63,66,77,81,79,59,54,69,63,60,65,43,47,62,5,10,8,13,8,1100000,494
Leander D'Cunha,India,177,64,25,42,45,52,53,57,46,46,50,40,32,46,34,25,64,56,59,68,58,63,74,36,26,24,25,43,29,29,25,9,11,13,8,8,8000,218
Leonardo Sigali,Argentina,181,74,36,65,58,76,77,80,75,55,77,58,66,41,74,68,67,63,80,63,65,60,88,79,69,50,37,31,35,64,31,15,11,8,10,13,2800000,493
Nikola ≈†ipƒçiƒá,Montenegro,192,87,28,60,58,60,62,71,60,48,68,46,65,41,60,53,61,70,82,50,72,64,89,71,48,31,29,33,29,47,34,10,6,11,12,12,95000,115
Jules Gaudin,France,180,71,23,60,59,42,44,47,56,55,43,56,58,56,57,52,67,60,48,62,68,67,44,45,58,53,54,60,55,50,48,9,11,7,13,9,27500,192
Mat√≠as Kranevitter,Argentina,179,76,30,64,64,66,69,77,69,53,69,69,66,60,69,66,67,75,72,67,67,66,79,56,61,39,54,56,44,46,43,6,12,13,7,7,1400000,509
Andr√©s Meli,Argentina,175,72,23,64,65,62,58,57,63,49,50,44,48,63,71,64,79,72,57,74,69,72,60,48,58,43,50,45,38,44,39,13,9,15,8,7,77500,283
Halldor Stenevik,Norway,185,70,23,65,64,46,49,65,59,60,44,60,54,63,61,48,79,76,59,69,76,76,56,49,54,55,50,59,41,49,48,5,6,12,8,9,70000,602
Cristian Ignat,Romania,194,84,20,37,33,55,57,46,41,34,50,29,38,29,45,40,73,65,73,62,81,63,60,60,35,29,31,30,34,34,27,5,7,8,6,5,12000,231
Alexandros Safarikas,Greece,194,88,24,13,8,14,15,24,52,10,12,52,35,15,20,21,20,28,66,26,28,32,34,14,48,7,7,13,12,11,10,56,55,55,64,57,14000,234
Mohammed Mohsen Harzan,Saudi Arabia,167,63,34,61,67,49,41,57,57,59,45,58,58,54,62,60,80,56,47,84,70,83,58,43,49,47,40,45,32,45,49,10,7,8,13,13,25000,40
Ettore Gliozzi,Italy,180,82,27,68,62,20,29,30,68,70,21,48,58,47,55,51,58,62,77,60,65,61,66,65,62,75,61,57,48,74,53,6,15,15,12,10,1100000,466
Daniel Alexis Leite Figueira,Portugal,189,82,25,18,14,11,15,22,73,9,15,45,36,12,24,22,26,24,70,32,29,36,40,14,51,8,8,12,14,15,8,71,72,69,68,75,2600000,194
Patrik Hro≈°ovsk√Ω,Slovakia,173,70,31,76,74,69,73,68,72,66,72,69,75,72,78,76,69,81,57,82,64,76,76,57,75,68,74,68,68,66,75,6,13,14,9,12,4000000,345
Enrique Bologna,Argentina,189,87,41,32,22,17,22,25,69,15,17,53,65,21,34,21,44,33,73,47,40,43,69,10,53,13,15,16,18,25,10,70,73,66,71,73,5000,169
Ryan Edwards,England,195,76,29,53,40,66,68,67,64,34,67,39,52,33,57,50,53,69,86,34,49,33,85,66,49,30,40,33,41,45,32,15,7,9,12,14,1000000,184
Slobodan Tediƒá,Serbia,191,80,23,64,60,17,19,65,60,60,19,58,66,38,57,41,53,62,75,58,68,62,71,67,63,64,59,52,46,65,61,7,14,7,14,15,57500,79
Max McMillan,England,182,70,20,54,56,21,22,33,54,50,16,54,55,43,55,41,80,54,58,70,79,62,53,42,52,57,51,55,64,59,50,11,10,13,5,12,14000,260
Jeffmeirson,Brazil,179,77,31,61,56,72,73,82,66,51,77,66,62,67,72,71,71,78,70,66,72,66,53,67,63,41,52,61,71,72,52,7,10,9,13,8,2600000,483
Jake Cain,England,176,62,21,64,60,55,61,45,60,59,57,62,62,54,64,61,65,64,54,76,64,71,38,52,56,57,58,57,57,52,55,11,8,7,11,11,45000,609
Phillip K√∂nig,Germany,188,83,23,63,62,33,36,68,61,59,34,45,63,40,53,45,66,57,73,69,71,71,70,59,63,59,59,49,36,58,59,13,8,12,9,12,40000,391
Paudie O'Connor,Republic of Ireland,191,77,26,52,44,62,63,72,58,30,62,35,54,22,54,48,55,79,82,63,48,50,71,65,35,22,20,27,22,24,21,15,16,9,15,10,60000,382
G√ºnay G√ºven√ß,Turkey,187,85,32,26,23,14,14,25,70,18,23,54,30,17,44,42,53,37,68,47,58,59,72,16,53,20,10,19,17,21,18,70,72,70,71,75,2000000,273
Lutsharel Geertruida,Netherlands,185,73,23,76,73,79,79,72,71,67,74,68,75,68,74,68,76,78,79,72,78,74,89,80,49,61,42,56,30,40,31,12,12,11,13,10,15000000,256
Lukas Schleimer,Germany,180,73,23,69,71,43,41,36,64,65,41,65,53,55,67,64,70,63,39,74,67,79,61,54,59,63,53,57,47,43,49,15,7,13,14,13,1200000,2
Gerardo Mutiol,Ecuador,175,71,27,58,51,63,67,64,55,36,63,43,59,50,53,46,72,65,61,78,69,76,59,61,44,27,29,45,32,37,26,9,7,10,7,14,40000,365
Mduduzi Shabalala,South Africa,171,55,19,67,69,28,23,58,53,60,25,55,46,45,48,24,75,63,30,75,72,53,71,64,53,59,52,37,33,57,53,10,7,10,10,5,25000,351
Johannes Manske,Germany,192,87,23,59,58,11,15,55,57,61,11,42,56,30,47,42,59,56,80,43,55,56,68,64,62,66,57,39,32,59,50,8,11,8,8,11,40000,543
Jean Zimmer,Germany,171,76,29,65,66,64,63,67,63,59,58,58,60,65,65,59,80,75,60,85,80,81,76,40,76,54,62,62,39,42,49,16,13,7,14,11,1000000,350
Kasper Schmeichel,Denmark,189,89,36,40,12,13,14,35,82,13,20,59,65,18,40,49,42,34,63,47,49,60,57,16,59,12,14,13,15,26,15,81,79,78,79,83,3400000,437
Alex Newby,England,173,70,27,61,62,38,33,42,54,57,38,57,58,56,56,55,81,69,53,81,79,82,35,47,56,55,58,60,65,59,51,12,13,7,12,12,42500,148
Tyler Blackett,England,188,87,29,65,65,63,64,67,60,54,64,59,60,66,62,60,66,65,84,47,67,59,51,64,56,24,56,70,65,45,44,8,15,11,15,14,62500,213
Thorbj√∏rn Kristiansen,Norway,180,73,18,40,38,52,53,46,42,27,50,35,47,43,52,50,62,33,58,52,65,66,79,48,35,30,26,38,24,33,29,7,13,15,15,11,7000,297
Sonny Perkins,England,190,75,19,63,61,20,20,49,59,60,20,59,60,43,58,50,67,61,67,65,73,69,72,55,67,61,59,54,42,58,57,12,13,14,6,11,35000,374
Al Hassan Toure,Australia,185,82,23,59,63,28,28,50,54,56,23,56,58,52,54,49,82,60,79,77,86,77,66,50,65,58,56,55,49,56,51,13,12,10,10,14,37500,392
Samuel Piette,Canada,171,79,28,65,54,63,73,79,69,28,70,54,60,39,73,65,52,85,76,85,54,65,76,63,64,30,22,49,24,43,20,7,15,10,10,9,1800000,116
Szymon W≈Çodarczyk,Poland,189,78,20,58,54,15,16,60,62,60,14,46,60,33,42,31,70,60,65,56,62,58,70,63,59,62,53,44,33,67,49,9,14,12,6,14,27500,293
Jes√∫s Soraire,Argentina,174,73,34,75,72,59,67,80,69,59,63,71,79,67,74,70,74,80,81,79,72,78,67,51,74,55,61,78,63,61,51,13,12,9,10,9,97500,131
Kamil √á√∂rek√ßi,Turkey,173,74,31,67,70,69,71,69,62,64,66,61,65,68,68,69,80,76,65,83,82,78,62,52,63,38,56,67,42,56,40,16,13,13,10,6,1600000,304
Chris Mueller,United States,175,74,27,73,71,12,24,41,63,67,15,72,69,60,66,54,80,66,68,68,82,77,66,61,63,67,59,46,41,59,53,13,12,11,13,6,1800000,141
Lassine Sinayoko,Mali,186,81,23,68,63,22,24,45,62,66,17,53,59,53,60,48,66,53,77,58,67,59,70,67,66,70,62,45,51,69,54,11,14,7,11,12,1000000,14
Willi Evseev,Germany,177,73,31,67,66,59,57,50,52,58,56,63,56,58,64,65,69,74,58,76,72,81,71,57,63,58,53,63,55,48,46,13,6,6,6,16,45000,543
Mick van Buren,Netherlands,184,73,31,73,69,29,28,70,69,74,34,66,73,62,66,50,79,74,73,72,77,69,81,70,69,72,72,60,60,59,67,11,12,9,12,13,2300000,575
Basti√°n Y√°√±ez,Chile,174,77,22,71,72,21,27,37,54,68,25,60,51,70,63,52,89,82,56,80,88,87,46,33,66,62,66,49,68,66,37,7,6,14,12,9,1900000,638
Jean Guti√©rrez,Venezuela,193,88,25,55,41,66,67,62,61,26,64,36,47,25,61,55,53,60,73,34,53,44,71,63,35,22,19,26,27,37,22,11,14,7,9,11,72500,173
Milo≈° ƒÜoƒáiƒá,Serbia,183,75,20,58,55,39,36,32,35,50,31,53,42,53,58,52,74,34,49,67,67,75,40,30,63,44,36,39,30,54,35,7,9,14,11,9,12000,4
Justin Haak,United States,184,75,21,62,64,57,61,56,62,52,59,54,39,45,68,60,50,31,58,61,44,56,58,46,46,38,40,54,32,42,31,7,13,12,9,11,23000,425
Hamad Al Jayzani,Saudi Arabia,173,76,30,49,52,57,55,66,52,49,53,40,46,54,53,51,78,85,62,73,74,73,71,45,51,37,35,44,27,37,30,11,14,13,6,12,22000,41
Ilan Sauter,Switzerland,186,83,22,48,44,57,58,55,53,39,50,46,55,47,48,52,74,64,73,58,77,68,70,54,47,35,40,36,28,25,26,10,11,9,8,13,15000,244
Elliott Nevitt,England,183,80,26,57,56,19,24,64,56,57,20,53,52,38,53,33,73,79,85,77,73,64,85,62,65,60,52,37,35,53,53,8,13,9,7,8,37500,160
Dylan Ou√©draogo,Burkina Faso,185,75,25,61,47,61,64,61,61,25,68,46,48,50,56,45,65,61,73,57,70,49,71,60,41,32,32,34,49,44,19,10,5,5,13,11,72500,438
Abdulwahab Jafar,Saudi Arabia,165,61,29,62,61,45,48,49,51,55,48,47,50,56,55,52,78,36,58,80,75,74,34,41,54,50,52,51,45,46,48,14,8,13,6,14,21000,40
Marcus Rashford,England,186,70,25,82,85,33,38,69,83,81,39,78,79,75,77,71,85,75,73,74,91,81,76,70,92,84,79,83,77,85,73,7,11,6,15,14,42000000,396
Verdasca,Portugal,185,81,26,60,49,60,62,73,60,31,63,41,58,33,61,61,63,75,78,60,64,62,88,62,64,28,33,37,34,47,30,5,13,7,14,7,70000,688
Younes Namli,Denmark,180,70,29,77,78,40,44,42,69,63,54,75,71,65,71,67,76,77,63,67,71,87,40,44,63,58,57,72,72,64,62,16,11,9,15,9,2400000,583
Gerg≈ë Lovrencsics,Hungary,177,75,35,64,63,64,63,63,62,58,67,66,67,69,64,58,80,61,70,75,77,73,85,64,78,58,70,67,46,70,58,15,7,11,13,8,52500,295
Rio Adebisi,England,175,67,22,56,58,56,59,62,55,48,56,45,54,60,56,48,74,71,57,77,72,72,80,45,42,32,36,47,36,41,37,7,10,12,13,6,42500,160
Knowledge Musona,Zimbabwe,177,71,33,74,71,45,43,70,70,72,44,66,70,69,69,67,75,74,72,79,74,77,78,63,71,71,68,75,74,70,68,15,6,7,8,12,1500000,40
Stefanos Kapino,Greece,196,88,29,29,14,14,11,23,69,3,14,45,55,12,26,27,41,38,70,45,42,55,74,12,50,13,19,14,18,26,19,67,67,65,66,71,1000000,404
Wahengbam Angousana,India,170,63,27,54,50,45,46,53,50,41,53,52,45,40,54,52,56,85,43,71,58,64,56,43,38,37,39,37,30,29,34,13,8,8,6,6,10000,189
Tochi Chukwuani,Denmark,187,64,20,64,63,51,58,52,59,61,51,60,66,49,64,60,69,63,66,76,67,75,61,49,60,56,51,55,48,48,50,5,8,9,7,12,35000,387
Michael O'Halloran,Scotland,181,79,32,61,63,44,48,42,58,57,54,57,57,61,59,50,89,72,72,68,89,86,66,48,54,60,55,58,38,48,60,15,15,13,6,13,47500,589
Filippo De Col,Italy,183,80,29,55,52,65,63,61,63,45,62,28,63,64,55,60,73,85,76,62,80,72,59,55,41,26,22,47,32,37,31,13,15,7,14,13,1100000,612
Jean Ruiz,France,188,82,25,61,55,61,63,56,59,59,66,59,64,55,64,59,67,68,73,49,66,60,72,66,55,34,41,41,40,49,38,9,6,13,9,7,60000,458
Yasin G√ºreler,Turkey,187,83,32,54,55,57,58,61,59,37,54,33,50,54,47,44,62,59,71,50,67,65,58,50,25,22,22,52,33,37,21,12,15,7,14,9,18000,390
Christian Atsu,Ghana,165,65,31,70,71,32,33,43,62,68,35,69,64,66,68,61,80,42,45,75,74,76,65,47,72,63,66,67,58,65,58,10,13,12,12,9,1200000,304
Ross Munro,Scotland,182,83,23,11,14,11,11,27,39,4,14,26,34,13,21,28,30,26,55,59,30,34,55,14,39,5,5,14,12,14,6,51,53,56,52,52,7000,517
Romeo Amane,Ivory Coast,169,70,20,65,65,42,49,58,58,56,51,55,63,40,64,60,71,82,48,83,63,81,44,44,51,40,36,33,37,40,31,10,11,9,11,15,27500,74
Issa Kabor√©,Burkina Faso,180,72,22,66,67,72,67,76,76,62,62,58,54,65,67,60,87,74,67,72,90,79,83,55,42,22,26,46,29,24,22,14,10,8,9,13,2500000,440
Callum Timmins,Australia,182,72,24,59,57,60,60,64,59,58,55,58,57,47,64,60,69,75,70,69,69,68,67,48,69,54,66,56,48,49,49,6,14,11,14,7,37500,426
Fali,Spain,186,84,30,67,54,76,80,90,66,42,65,74,63,63,70,68,49,81,90,68,54,43,71,77,72,40,70,58,67,47,33,15,8,6,6,6,6500000,163
Salih Dursun,Turkey,188,79,32,60,54,62,66,79,63,52,65,41,59,58,59,56,53,68,79,57,56,54,60,67,58,37,43,50,44,42,40,15,14,8,8,7,50000,353
Samir Handanoviƒç,Slovenia,193,92,39,21,18,13,10,25,76,12,22,41,64,12,42,40,41,36,69,36,47,44,75,10,49,10,19,20,14,23,12,90,79,79,65,84,92500,332
Mohammed Al Sahli,Saudi Arabia,178,63,31,58,62,45,37,52,55,60,38,51,53,53,57,53,77,58,49,68,76,78,72,55,54,56,50,46,58,45,52,15,11,7,12,12,24000,34
Sarthak Golui,India,180,70,25,50,47,49,52,55,54,45,52,35,42,42,33,31,73,84,70,57,72,64,72,48,34,31,24,42,27,35,29,14,13,6,12,10,11000,189
Alexandru Albu,Romania,188,70,30,63,57,62,63,75,65,60,63,61,64,57,66,64,61,78,75,64,63,62,71,65,74,60,68,61,67,51,42,8,11,12,12,10,75000,231
Ken Sema,Sweden,180,69,29,73,74,59,66,64,68,70,64,72,62,72,71,64,76,67,70,73,79,72,49,37,77,64,68,67,72,44,61,16,7,11,10,7,2400000,664
Felipe Aguilar,Colombia,190,82,30,61,42,65,76,66,66,43,78,51,61,33,56,59,46,79,91,35,50,38,32,77,59,33,43,29,34,39,22,14,12,15,12,16,2000000,369
Bernardo Tangil,Chile,189,85,23,22,19,16,14,42,60,12,30,61,51,14,14,13,46,45,75,49,60,70,46,15,47,14,15,21,14,20,20,64,66,68,63,72,90000,639
Carlos M√©ndez,Venezuela,156,55,19,52,50,56,58,61,62,39,55,53,39,39,63,61,61,46,41,80,60,58,57,49,46,42,41,38,37,46,32,8,13,9,14,13,13000,173
Hern√°n,Spain,181,73,33,65,61,64,65,72,59,56,63,64,65,57,65,63,46,74,70,63,52,61,70,63,65,55,57,53,55,48,38,14,15,8,11,14,40000,218
Kevin Rauhut,Germany,188,77,33,20,14,10,12,25,49,5,12,28,44,14,21,37,29,20,43,31,35,33,48,10,47,9,7,12,12,19,7,57,62,59,63,62,12000,651
Rory Wilson,Scotland,183,75,17,56,51,23,22,36,56,60,18,51,57,42,53,40,58,46,60,61,53,50,62,61,54,68,61,42,36,72,44,12,8,10,8,7,23000,60
Yun Suk Young,Korea Republic,182,74,33,63,58,60,64,67,64,63,66,54,66,63,59,54,70,75,72,64,72,70,72,62,58,47,57,61,64,54,56,8,8,16,12,14,47500,272
Lukas Scherff,Germany,175,70,27,62,64,67,61,76,62,55,53,58,62,60,54,53,81,83,68,79,79,82,76,44,60,50,46,46,44,35,57,9,12,12,14,14,72500,301
Dion De Neve,Belgium,182,68,22,68,65,43,52,34,60,50,49,56,51,60,56,58,79,57,29,84,73,74,67,37,71,56,40,43,36,57,48,7,15,6,7,7,57500,346
Ramy Najjarine,Australia,176,71,23,68,72,41,42,47,53,59,36,62,58,54,65,54,73,34,56,83,79,69,52,39,50,48,43,49,36,46,40,15,6,13,6,12,57500,669
≈Åukasz Zjawi≈Ñski,Poland,189,83,22,57,57,17,12,55,52,59,16,51,56,41,48,41,71,64,80,73,72,60,62,65,63,62,51,38,30,64,51,5,12,9,9,13,37500,671
Tom√°≈° ƒåvanƒçara,Czech Republic,190,79,23,73,70,19,20,72,72,78,17,61,67,44,68,45,72,64,83,47,75,66,61,76,68,74,64,52,43,72,71,8,10,15,12,13,3600000,582
Franklin Wadja,Cameroon,185,83,28,57,54,62,62,71,62,54,64,56,55,56,61,59,65,88,86,66,65,65,75,61,51,31,41,53,38,47,41,8,9,9,11,5,67500,538
Ronny Labonne,France,180,76,25,63,59,63,59,55,63,61,59,58,41,54,63,58,78,68,57,66,75,59,59,42,46,37,38,48,32,38,38,6,11,14,9,7,27500,435
Joe Morrell,Wales,168,63,26,70,64,47,56,45,68,55,65,64,70,61,69,68,72,81,38,92,68,87,67,36,55,40,52,55,58,58,45,7,7,8,14,11,95000,474
Patrick Gilmar Sequeira,Costa Rica,190,84,24,11,5,10,13,27,60,5,17,49,42,23,30,28,38,25,60,50,30,47,60,11,48,6,5,12,12,19,9,56,69,62,64,59,35000,113
Federico Brancolini,Italy,192,80,22,11,5,11,10,27,45,8,8,38,25,14,29,27,21,22,59,26,32,30,37,10,45,7,7,14,11,18,8,55,48,54,60,51,8000,371
Bruno Langa,Mozambique,178,70,25,64,66,64,66,59,63,45,65,39,67,64,58,57,82,67,61,83,80,84,80,47,46,28,33,63,37,43,32,11,14,11,6,8,1300000,269
V√≠tor Tormena,Brazil,192,84,27,68,58,76,78,78,75,44,77,39,74,66,72,63,59,70,85,41,61,39,38,77,56,28,32,43,25,41,26,8,8,5,12,6,7000000,524
Max Dombrowka,Germany,180,77,31,60,60,62,60,53,59,49,58,43,61,60,58,39,71,80,70,68,74,73,70,46,32,27,26,37,26,32,21,6,14,5,11,6,50000,543
Djenahro Nunumete,Netherlands,175,65,21,65,63,61,57,57,59,46,49,58,66,62,69,66,67,42,47,76,63,74,56,45,55,50,47,54,55,50,48,7,14,8,5,9,27500,684
Eugenio Mena,Chile,173,74,35,74,75,74,73,80,74,74,73,68,60,77,73,68,79,78,75,64,80,76,76,57,60,45,55,71,41,52,42,10,10,12,12,13,3900000,634
Mabrouk Rouai,France,185,76,22,67,68,46,64,60,61,58,59,60,63,48,64,54,77,62,57,66,75,74,56,45,62,48,63,41,44,52,33,8,11,15,7,12,47500,194
L√º Haidong,China PR,180,70,31,54,53,61,62,57,57,53,57,62,55,63,53,52,67,66,65,67,63,62,51,49,56,43,48,48,37,32,42,15,12,8,10,11,35000,678
Marco Pompetti,Italy,176,70,23,65,60,51,51,51,52,53,48,67,60,50,68,61,64,66,51,66,62,64,49,32,51,48,45,63,42,38,49,12,8,14,7,13,37500,612
Aaron Greene,Republic of Ireland,181,82,33,59,59,40,41,65,53,60,38,56,54,50,57,51,77,70,73,63,76,71,51,58,63,56,53,57,50,58,51,8,7,11,7,16,20000,564
Pietro Ceccaroni,Italy,188,76,27,52,49,72,74,69,66,38,72,30,69,52,66,64,64,67,76,68,73,59,72,75,29,31,24,37,27,37,27,9,12,9,12,15,2200000,371
Christian Ramirez,United States,188,85,32,70,64,23,27,65,65,70,29,56,72,29,64,53,59,66,74,68,63,66,73,66,72,68,67,46,50,68,62,12,11,9,14,6,85000,151
Kyle Ferguson,Scotland,195,80,23,48,48,54,58,63,50,26,51,32,45,31,52,46,55,59,75,44,51,34,64,55,37,28,24,31,26,33,29,10,6,13,9,9,17000,302
Emmanuel Toku,Ghana,173,64,23,70,72,42,40,56,57,70,39,72,61,62,72,59,68,58,45,81,70,70,56,33,55,60,50,49,43,47,48,13,11,14,12,15,1400000,438
Alou Kuol,Australia,181,72,22,54,52,14,13,32,58,59,12,39,46,30,44,32,78,66,69,69,74,73,86,60,59,63,48,39,28,46,49,11,11,14,12,15,25000,645
Richie Bennett,England,191,85,32,60,56,21,20,71,60,62,19,50,58,27,52,35,50,70,81,37,56,55,66,63,64,61,54,33,39,60,51,6,12,11,10,9,27500,81
Luk√°≈° Juli≈°,Czech Republic,187,86,28,68,67,27,29,67,67,75,22,60,70,63,63,52,79,62,71,56,82,72,73,70,71,73,62,55,48,54,65,7,8,15,12,8,2000000,629
Mateo Su≈°iƒá,Bosnia & Herzegovina,181,75,32,61,61,66,64,70,67,47,61,49,57,63,64,57,67,77,70,67,75,65,73,58,62,37,55,60,45,51,39,9,12,12,9,13,75000,53
Daniel Bassi,Norway,175,70,18,53,53,46,46,48,46,48,46,48,49,48,51,44,75,52,32,73,71,74,63,38,50,47,44,45,40,40,40,12,6,11,9,13,8000,625
Antonio Barreca,Italy,180,70,28,70,70,65,66,59,63,58,69,58,66,73,65,57,67,61,61,76,70,74,63,65,53,21,42,70,21,22,33,13,11,7,9,15,1200000,120
Manuel Wintzheimer,Germany,180,78,24,69,65,17,27,57,64,70,21,69,55,64,66,57,71,70,71,71,61,73,72,63,70,70,62,50,37,55,60,12,5,9,12,11,1200000,99
Fabio Chiarodia,Italy,186,80,18,50,55,58,62,50,61,26,57,31,53,51,57,54,64,50,67,59,67,61,71,62,42,26,38,36,34,41,35,9,11,14,11,7,27500,547
Mari√°n Tvrdo≈à,Slovakia,194,85,29,17,13,11,10,27,52,8,12,40,38,12,26,15,28,22,72,23,32,25,36,13,51,8,6,10,10,12,9,70,69,67,68,71,92500,652
Sam Field,England,185,65,25,69,65,66,68,63,68,56,67,61,76,52,75,75,63,75,61,68,55,59,58,63,68,52,47,51,47,54,47,13,12,9,7,10,1400000,476
Colin Coosemans,Belgium,184,80,31,33,13,16,13,31,63,9,18,48,57,13,38,37,43,30,63,37,46,47,71,13,52,12,14,17,15,37,17,68,67,63,69,69,70000,492
Rakan Al Dawsari,Saudi Arabia,172,70,21,44,47,17,14,50,44,50,10,35,40,31,40,28,64,50,59,70,70,58,60,49,48,54,37,35,27,57,39,10,6,11,6,7,5000,37
Sergi G√≥mez,Spain,185,80,31,69,57,74,75,71,73,52,75,63,68,45,71,68,60,63,76,44,58,55,78,73,58,40,48,52,42,40,39,11,15,16,11,7,3500000,488
Florian Schock,Germany,199,95,22,11,8,12,11,16,57,6,14,30,30,13,20,16,26,28,76,29,25,28,38,14,42,9,8,11,13,11,6,62,58,59,56,62,30000,645
Th√©o Ndicka Matam,France,170,65,23,67,67,62,62,68,58,51,57,56,53,62,60,56,84,77,60,83,73,80,69,38,63,38,58,53,51,48,33,11,6,13,8,9,92500,348
Stelios Kitsiou,Greece,173,70,29,70,69,70,72,70,66,64,68,63,62,63,69,67,77,72,62,78,76,74,75,58,75,54,71,56,57,41,47,15,9,9,9,14,1700000,273
Aldair Guti√©rrez,Colombia,176,73,25,69,67,61,65,53,60,45,70,30,57,64,58,59,80,84,47,73,86,74,70,36,61,55,65,48,59,55,25,13,12,13,11,13,1500000,175
Rami Al Hajj,Sweden,180,75,21,67,66,57,57,55,61,56,44,68,63,55,68,64,74,60,67,65,69,73,57,58,63,56,54,56,49,54,52,13,12,9,8,13,80000,684
Muhammed ≈ûengezer,Turkey,192,80,26,21,10,10,13,19,60,9,12,32,39,11,35,30,34,22,58,32,36,42,58,13,46,9,6,12,12,19,8,66,67,64,61,70,82500,82
Matija ≈†arkiƒá,Montenegro,195,76,26,25,12,14,19,20,66,6,6,22,27,11,27,30,40,20,42,28,33,33,52,18,50,13,17,18,12,26,13,68,68,66,67,68,1000000,600
L√©andre Tawamba,Cameroon,189,95,33,75,69,14,15,59,68,80,16,66,76,40,66,49,53,84,92,33,69,60,80,75,78,75,69,50,44,71,70,12,14,13,12,14,3400000,39
Daniel Mu√±oz,Colombia,181,73,27,70,70,74,77,82,73,70,76,69,73,69,75,71,81,84,72,64,83,78,80,77,67,66,52,58,34,58,70,7,7,14,12,6,10500000,345
Leo Vimieiro,Brazil,168,66,27,71,68,74,76,72,74,52,74,60,72,68,70,64,68,78,67,71,77,72,68,64,70,41,58,70,54,54,46,14,8,13,15,7,5500000,611
Alex Smithies,England,189,88,33,23,14,17,12,37,68,17,24,44,58,14,30,28,59,39,66,44,59,33,80,17,51,11,13,11,11,21,13,71,72,69,68,71,92500,376
Reece Oxford,England,193,86,24,63,59,72,79,72,77,34,76,55,67,34,67,58,66,65,81,53,69,62,84,75,49,23,37,44,36,48,36,9,10,11,7,14,5500000,206
Liam Kelly,Scotland,184,85,27,25,15,13,14,31,55,15,24,25,38,13,34,35,31,32,37,45,46,53,48,16,53,20,20,22,20,13,16,70,70,67,71,68,95000,416
Matƒõj Hanousek,Czech Republic,182,74,30,63,63,60,63,65,59,58,60,61,61,63,62,53,80,80,73,68,79,71,72,59,62,35,48,51,57,31,36,10,9,13,15,13,90000,273
Nikola ƒêurƒëiƒá,Serbia,184,77,37,62,57,43,48,78,70,66,52,62,65,52,53,51,54,63,75,63,53,61,72,67,66,62,57,62,50,67,64,13,11,16,9,6,16000,170
Jesus Dastineda,Ecuador,191,93,39,50,42,62,63,68,39,52,63,41,72,48,56,50,55,55,88,41,45,42,63,72,56,38,43,41,51,51,43,10,12,9,11,11,10000,171
Sokol √áikalleshi,Albania,185,80,33,67,64,23,32,47,64,69,30,55,50,57,62,55,62,70,80,36,57,36,53,72,71,66,69,56,47,58,65,9,11,7,7,9,85000,34
Armando Obispo,Netherlands,185,79,24,70,62,76,72,73,72,29,74,47,62,41,75,73,74,73,84,66,78,69,87,72,64,35,41,41,58,39,37,8,12,14,11,8,5500000,449
Denis Simani,Albania,187,85,31,56,44,64,65,74,61,40,61,38,60,29,66,66,55,68,84,38,48,50,68,65,64,56,55,36,49,55,31,15,13,10,16,13,70000,224
Alexandre Letellier,France,193,93,32,16,11,11,13,25,67,14,24,22,51,13,28,23,37,31,72,25,39,32,57,11,45,10,14,19,13,20,13,65,67,66,60,72,65000,455
Szymon Sarbinowski,Poland,173,68,19,53,55,51,48,56,48,54,37,47,44,37,56,55,64,63,55,68,64,72,57,48,52,53,44,40,42,43,38,14,5,13,14,10,8000,663
Manuel Ugarte,Uruguay,182,77,22,79,79,76,77,76,78,75,80,76,84,58,79,78,71,84,75,60,72,69,53,39,62,65,65,54,50,50,45,8,6,10,16,13,16500000,585
Haris Seferoviƒá,Switzerland,190,87,31,73,69,40,46,81,70,78,42,68,77,65,69,63,62,77,86,60,66,61,80,79,83,77,70,72,64,68,76,9,9,13,9,16,5500000,486
Samuel Kalu,Nigeria,177,78,26,72,77,27,32,57,66,67,31,68,69,71,67,60,87,66,47,81,84,81,85,62,66,65,64,72,71,52,49,10,11,13,6,12,2700000,664
Pape Ndiaga Yade,Senegal,185,76,23,70,71,42,38,54,55,63,36,59,61,65,59,50,84,55,76,58,79,69,55,59,74,66,68,67,50,64,63,13,13,9,14,11,1200000,188
Jack Cooper-Love,Sweden,177,72,21,60,58,39,45,42,55,65,22,52,47,40,59,52,63,55,57,72,65,60,56,54,62,63,55,43,40,54,52,13,10,6,14,12,27500,322
Peter Gwargis,Sweden,181,74,22,56,57,49,50,52,53,57,46,56,52,57,65,60,73,60,56,68,70,75,47,47,64,46,60,61,45,50,41,10,8,13,6,11,30000,393
Cristian Buonaiuto,Italy,179,68,30,70,70,35,40,44,68,75,30,68,63,64,73,68,76,72,54,65,77,81,71,57,73,74,71,65,60,60,62,15,11,9,7,8,2300000,159
Joris Correa,France,171,68,29,63,67,23,22,46,63,66,28,38,56,55,64,60,88,53,59,78,80,90,63,55,62,66,60,57,61,65,63,13,11,9,10,10,72500,287
Henrique Joc√∫,Guinea Bissau,173,71,21,63,59,66,67,68,59,43,63,50,53,49,65,67,64,64,59,71,68,62,73,56,54,36,39,47,32,41,35,12,10,15,9,10,72500,472
Maxime Lopez,France,167,58,25,83,79,63,69,77,77,63,68,81,73,75,83,76,73,85,34,93,69,90,69,62,70,72,73,79,73,68,65,11,7,14,13,6,16000000,558
Luca Mazzitelli,Italy,187,76,27,76,69,66,69,74,72,59,71,72,71,70,75,76,54,69,68,66,52,59,61,55,69,54,69,69,54,44,65,8,12,7,8,10,2500000,266
Ferdinand Oswald,Germany,184,77,32,10,14,14,10,24,60,7,8,29,27,12,27,21,23,17,77,45,23,25,55,13,47,7,5,13,14,19,6,68,69,65,62,66,55000,660
Olaus Jair Skarsem,Norway,178,67,25,69,70,55,55,60,64,67,59,66,66,54,68,61,77,82,56,82,81,84,60,45,58,54,54,60,49,54,52,14,9,7,15,9,97500,516
Alisson Safira,Brazil,185,75,28,69,63,14,16,51,71,67,31,51,58,38,60,51,68,72,65,60,66,58,80,72,77,70,66,52,45,72,60,13,14,14,8,5,1500000,656
Jefferson Savarino,Venezuela,169,66,26,76,78,30,42,59,70,67,30,70,72,68,70,58,85,81,58,81,80,90,55,43,78,70,68,72,53,60,69,15,7,13,6,12,4700000,503
Enis √áokaj,Albania,176,69,24,69,67,69,69,67,68,55,67,60,70,65,68,68,68,71,64,73,68,70,66,62,65,58,60,65,46,45,55,13,14,13,12,5,1400000,452
Christopher Wooh,Cameroon,191,91,21,63,60,71,71,70,63,52,69,52,66,53,63,55,61,66,80,42,78,54,73,72,60,42,39,54,29,42,31,6,7,5,7,10,1600000,594
Mariano,Dominican Republic,180,76,30,69,70,34,40,80,71,74,45,63,68,50,66,51,73,74,77,69,75,79,91,78,82,74,79,74,73,72,69,8,12,14,6,15,4300000,502
C√©sar Montes,Mexico,191,84,26,68,60,76,80,78,76,56,77,65,75,41,73,76,65,78,80,51,57,75,84,80,55,43,35,62,37,48,31,5,9,10,5,13,13500000,488
Pedro Velasco,Ecuador,173,77,30,65,52,59,60,58,64,60,64,52,57,68,65,49,80,74,70,72,75,70,59,60,55,54,50,46,42,46,35,15,14,10,15,11,1100000,77
Maksym Kucheriavyi,Ukraine,165,77,21,55,55,33,31,50,43,53,30,48,50,55,55,53,75,53,30,85,72,82,69,51,49,53,50,53,46,50,45,9,6,12,9,11,16000,589
Wojciech ≈Åaski,Poland,186,73,23,57,59,48,46,50,51,52,48,54,60,52,58,53,67,53,69,54,72,57,51,39,58,55,59,49,41,49,42,9,15,11,10,7,15000,336
Sascha Horvath,Austria,168,60,27,71,73,49,48,37,63,62,47,72,65,69,67,62,87,79,51,95,85,92,90,42,73,69,70,65,65,70,64,11,8,15,13,16,2100000,364
Salvatore Elia,Italy,183,70,24,67,73,56,54,53,64,65,57,56,58,65,63,55,81,66,48,70,75,69,47,49,80,66,60,50,44,67,51,7,9,9,10,9,1400000,450
Park Yong Woo,Korea Republic,186,80,29,65,58,59,62,66,61,56,64,67,58,47,66,67,63,76,83,53,54,61,71,64,66,52,65,48,50,51,49,15,14,14,8,11,90000,633
Luca Maniero,Italy,187,80,28,22,13,14,14,17,54,10,12,30,49,13,28,25,41,30,68,32,39,55,38,16,46,12,15,19,16,22,17,64,66,65,61,67,55000,144
Marcelo Galvarado,Ecuador,177,75,31,64,55,33,32,53,73,59,60,28,67,48,69,66,65,82,62,77,65,72,67,71,55,70,60,46,49,62,61,11,11,10,18,14,57500,418
Sasha Kuzevski,Australia,177,72,22,35,41,52,51,48,48,47,52,38,38,42,40,30,69,61,45,70,63,53,62,32,23,23,22,31,27,32,27,15,15,8,13,9,6000,130
Jos√© Mauri,Italy,169,68,27,70,71,63,65,73,67,57,67,71,79,65,73,69,64,69,33,84,54,89,73,41,63,45,67,71,55,63,63,15,12,8,7,6,1300000,556
Eldin Jakupoviƒá,Switzerland,191,85,38,22,11,11,12,45,58,11,24,52,62,11,39,34,25,30,57,45,30,36,63,12,47,12,11,11,14,22,15,65,61,65,62,58,1000,363
Nathaniel Atkinson,Australia,181,72,24,65,70,60,66,65,62,66,60,56,65,66,64,57,78,83,72,85,78,81,86,55,56,55,48,65,47,51,39,12,15,11,12,6,1300000,306
Ebou Adams,Gambia,178,76,27,65,64,65,66,90,65,63,65,65,63,53,64,62,75,91,74,71,69,75,89,65,60,60,56,53,52,55,49,7,7,15,14,8,77500,125
I√±igo Mart√≠nez Berridi,Spain,182,77,32,74,48,84,82,86,81,52,83,55,70,53,75,83,70,69,82,60,71,67,91,81,81,42,74,72,55,39,37,13,12,16,11,11,21000000,61
Jess√© Ledeiro,Brazil,174,73,23,73,71,35,46,48,76,71,52,75,81,72,73,75,67,78,47,81,71,65,72,46,62,64,56,73,71,74,68,10,7,7,7,14,2200000,483
Trinc√£o,Portugal,184,76,23,81,83,34,36,53,78,76,35,74,83,68,70,66,79,69,56,65,77,83,63,66,73,71,73,83,56,67,66,15,5,9,6,7,9000000,585
Gast√≥n Gonz√°lez,Argentina,186,78,22,70,73,45,43,55,57,71,35,55,72,64,63,60,77,85,76,62,85,66,77,59,73,68,63,65,58,59,57,15,12,6,7,7,1900000,445
Diego Moreno Garbayo,Spain,177,70,22,58,60,62,66,60,62,54,64,53,61,61,64,44,67,72,55,72,78,64,62,60,43,36,38,45,40,33,28,5,8,10,10,15,92500,111
Conor Townsend,England,183,73,30,67,66,67,71,56,68,60,67,61,61,70,66,57,66,81,69,73,69,69,70,57,47,43,46,68,61,52,41,4,8,10,8,8,1600000,667
Simon Thern,Sweden,181,76,30,68,69,58,58,69,64,65,63,70,68,56,70,67,73,73,67,77,76,82,39,44,66,62,68,74,59,53,68,14,7,7,13,10,1000000,323
Chris Ramos,Spain,190,82,26,68,78,25,24,35,67,68,26,66,56,57,62,52,82,66,80,46,85,70,79,82,69,73,67,58,53,65,64,8,11,10,9,7,1800000,163
Aleksandar Mitroviƒá,Serbia,189,90,28,77,68,13,24,89,79,85,14,70,75,29,71,53,62,79,92,64,68,65,86,81,84,81,70,51,52,71,78,7,15,12,6,13,19000000,267
Harvey Barnes,England,180,66,25,81,80,40,43,53,81,81,43,77,77,75,76,69,83,74,66,79,84,78,59,46,80,77,78,76,69,54,68,8,6,5,11,10,24500000,376
Marcus Danielson,Sweden,192,80,34,55,57,71,73,75,64,28,75,44,70,32,61,62,43,50,85,37,50,42,51,74,34,43,27,26,19,57,25,9,15,16,12,15,1100000,180
Miguel Veloso,Portugal,180,79,37,83,72,66,67,72,69,62,61,80,81,80,81,80,45,58,69,73,44,63,65,67,80,61,79,83,79,73,70,8,16,7,9,15,1800000,309
Christoph Klarer,Austria,191,82,23,62,45,69,75,69,67,32,69,32,58,32,68,59,58,62,78,40,56,49,67,67,44,34,29,29,33,47,35,6,8,8,14,10,1900000,187
Melle Meulensteen,Netherlands,187,77,24,66,61,67,70,65,66,59,68,61,68,58,69,64,70,76,73,72,74,68,75,67,66,52,55,63,63,56,48,8,10,5,12,14,1200000,655
Soichiro Kozuki,Japan,180,73,22,71,74,39,45,50,51,54,41,63,60,59,63,59,69,63,46,59,67,77,49,43,53,51,41,48,46,55,45,13,8,11,10,10,70000,232
Xiang Baixu,China PR,188,75,28,45,51,54,53,50,47,53,49,43,46,31,41,31,65,53,76,64,71,61,72,54,52,56,46,31,31,55,41,7,13,5,11,13,12000,514
Agust√≠n Chopitea,Uruguay,178,70,24,53,51,67,64,54,66,57,67,37,47,71,50,64,65,70,61,73,64,57,62,44,67,36,36,59,54,37,60,6,12,11,15,10,90000,509
Liu Yang,China PR,188,79,32,53,52,56,57,64,53,49,58,52,48,36,59,55,51,70,83,50,54,59,80,64,34,32,42,33,32,32,42,13,11,9,15,8,22000,123
Zachary Brault-Guillard,Canada,171,65,24,58,64,60,64,60,61,70,61,60,60,60,59,52,90,74,68,83,90,76,72,44,72,55,55,53,35,40,31,11,11,6,11,11,97500,116
Phathutshedzo Nange,South Africa,176,68,31,56,59,68,70,73,62,60,60,55,57,63,71,73,74,48,80,73,74,71,65,58,59,65,60,53,50,58,48,14,10,10,7,9,60000,351
Borna Sosa,Croatia,187,79,25,79,79,71,77,66,79,67,74,78,77,88,76,74,78,79,69,69,79,74,68,64,70,41,65,79,55,31,44,8,10,6,6,9,18500000,645
Will Hondermarck,Republic of Ireland,185,74,22,54,55,46,52,54,56,46,51,58,44,42,60,58,65,57,58,63,66,68,61,47,56,44,49,40,35,40,31,7,13,8,8,13,15000,432
Joe Redmond,Republic of Ireland,184,75,23,54,45,62,64,60,59,25,62,28,57,30,58,53,60,83,78,68,59,54,72,63,44,31,24,33,25,31,43,11,12,11,12,8,60000,591
Jayden Sweeney,England,173,68,21,52,49,51,54,51,51,45,51,44,45,53,51,41,74,61,67,79,72,76,58,45,38,35,36,41,40,37,32,12,8,7,11,8,17000,379
Renato Pantalon,Croatia,194,86,25,50,26,69,71,64,63,24,64,29,48,27,46,48,54,55,92,41,53,40,75,54,42,30,25,27,32,48,28,9,14,9,7,9,85000,508
Toni Lindenhahn,Germany,177,79,32,62,63,60,63,78,63,56,58,57,59,60,61,59,70,66,62,79,73,76,79,51,72,55,60,59,61,42,58,12,13,13,10,15,40000,296
C√≥rdoba,Spain,181,73,28,63,41,68,70,70,67,41,69,34,60,37,65,55,57,62,70,67,63,38,77,72,60,29,24,35,34,40,33,10,9,14,6,10,1300000,108
James McClean,Republic of Ireland,180,70,34,71,70,63,61,88,69,67,56,64,66,70,65,62,70,80,71,73,69,75,68,62,70,63,62,67,61,65,59,15,6,16,16,15,72500,672
Lautaro Geminiani,Argentina,172,65,32,63,64,61,60,72,59,57,61,39,49,65,56,48,76,69,57,66,73,70,58,52,38,26,30,45,22,27,28,14,14,8,12,13,52500,457
Moussa Diarra,Mali,185,73,22,60,59,69,71,71,69,52,70,47,55,58,69,50,69,75,72,63,69,61,68,64,26,30,33,43,34,43,28,8,6,10,6,11,1400000,622
Tonny Vilhena,Netherlands,175,70,28,78,76,70,72,79,76,70,75,73,78,76,78,77,75,79,76,81,71,75,78,71,81,70,76,75,69,52,68,12,12,8,16,12,8000000,549
Sebasti√°n P√©rez,Colombia,175,72,30,73,65,73,71,67,71,67,70,66,58,44,72,70,67,75,61,69,69,64,41,36,66,54,64,47,46,39,64,9,14,14,7,16,1600000,91
Kristoffer Zachariassen,Norway,180,74,29,74,70,64,69,73,82,80,67,72,70,60,76,72,76,90,68,68,72,73,80,67,69,76,65,57,51,59,60,10,10,14,11,12,4200000,255
Robin Himmelmann,Germany,187,80,34,27,18,12,17,21,68,13,22,39,48,11,32,21,33,29,61,44,34,44,68,13,44,9,7,18,16,20,10,66,69,63,59,71,40000,315
Pascal Sohm,Germany,188,77,31,64,60,25,23,48,66,61,17,59,70,57,60,54,68,78,82,57,73,67,82,58,70,61,56,66,37,57,57,8,13,11,10,7,57500,546
Solly March,England,180,77,29,78,82,65,68,58,74,75,67,76,78,79,75,70,75,77,60,77,74,73,46,48,74,66,72,76,64,55,56,13,9,11,7,15,11000000,103
Sam Larsson,Sweden,180,70,30,78,82,25,42,47,71,70,52,75,71,66,75,71,75,71,58,77,76,84,56,40,76,69,80,76,78,55,66,10,14,12,15,7,5500000,51
Andrew Hjulsager,Denmark,175,72,28,73,73,62,64,73,71,72,61,76,75,71,70,66,75,78,67,73,68,73,83,49,73,67,68,67,69,54,62,9,9,15,14,9,2500000,343
Guridi,Spain,179,70,28,76,78,58,73,48,70,69,71,73,69,56,77,75,66,60,56,77,61,71,43,43,55,71,69,52,50,51,44,11,12,8,9,13,3200000,164
Jake LaCava,United States,185,82,22,60,56,31,35,58,53,55,43,49,50,47,52,45,69,51,60,55,68,70,56,55,56,55,62,50,49,51,52,12,10,15,13,9,20000,333
Xu Tianyuan,China PR,181,73,26,57,60,12,12,28,54,55,14,49,45,50,37,28,70,62,65,66,79,71,67,62,57,55,55,41,43,61,42,15,10,11,12,9,16000,307
Youn√®s Kaabouni,France,179,66,28,66,64,57,59,66,64,61,60,64,60,58,67,61,64,89,69,77,70,81,56,58,55,50,50,60,59,54,53,9,13,6,13,14,67500,246
Calvin Ramsay,Scotland,177,68,20,67,65,57,59,64,55,57,56,60,60,69,58,55,77,71,65,66,79,75,61,50,66,33,43,61,54,42,27,9,13,8,9,8,55000,384
Marco Curto,Italy,191,80,24,51,40,61,62,58,57,26,61,37,44,32,53,41,62,59,83,42,63,44,74,56,40,25,24,35,31,35,32,12,13,15,12,11,47500,612
Ruben Kluivert,Netherlands,178,73,22,54,41,66,65,53,62,28,64,31,60,35,59,40,68,58,64,69,74,63,72,61,50,24,24,37,29,43,31,7,13,11,7,7,50000,239
Franco Rivasseau,Argentina,189,85,26,17,12,11,10,25,55,5,9,26,30,14,27,27,14,26,50,40,25,28,60,15,45,7,6,12,11,12,8,63,60,61,60,60,27500,457
Luca Moro,Italy,189,77,22,58,55,16,10,46,55,65,15,39,56,42,51,35,64,57,65,64,69,56,68,61,60,64,49,38,30,66,53,12,11,10,9,13,30000,266
Braian Guille,Argentina,170,69,26,56,61,19,22,40,58,58,19,49,52,43,52,46,80,80,44,82,80,73,62,57,63,59,62,45,43,58,49,5,14,7,7,8,30000,66
Victor Loturi,Canada,168,75,22,52,53,53,51,58,50,30,50,52,45,46,60,50,53,41,55,81,63,57,63,48,53,42,30,38,40,41,31,10,9,10,7,13,8000,517
Liam Cooper,Scotland,187,73,32,62,53,77,77,80,73,39,76,47,68,45,72,65,47,67,80,61,50,55,82,74,52,26,38,31,26,34,33,9,10,12,10,15,4600000,374
Milton Valenzuela,Argentina,170,65,25,66,67,64,64,68,63,58,62,67,61,68,67,54,76,82,64,84,75,80,76,53,56,36,47,67,38,54,33,15,15,14,10,9,1300000,223
Simone Perilli,Italy,195,85,28,20,14,18,15,24,69,13,23,14,54,18,25,27,46,30,65,56,45,36,52,12,46,17,17,16,17,26,14,66,67,67,61,64,77500,309
Abdulkadir Parmak,Turkey,176,70,28,69,68,67,69,65,66,63,67,65,69,66,70,69,75,75,68,78,75,80,44,63,80,55,73,78,70,67,70,9,10,8,6,11,1300000,273
Adriel,Brazil,184,78,26,69,66,60,62,60,63,47,62,56,65,54,68,62,62,75,69,64,54,60,53,46,67,42,62,42,52,58,38,13,10,10,8,7,70000,522
Giacomo Quagliata,Italy,177,65,23,62,63,66,65,73,62,59,62,48,55,56,58,54,84,74,56,69,79,78,64,48,48,35,42,48,38,43,32,10,12,14,5,7,1100000,159
Leroy Fer,Netherlands,188,78,33,75,70,71,72,78,70,65,67,72,74,68,77,75,61,78,83,50,67,63,80,74,75,60,68,49,53,70,66,16,9,8,14,14,2800000,42
Tyrese Omotoye,Belgium,178,65,20,60,55,11,14,32,54,51,13,45,42,38,40,26,77,52,62,46,82,69,60,45,57,59,53,44,34,62,46,8,8,11,12,9,16000,262
Reece James,England,169,71,29,62,63,63,64,50,64,57,64,45,63,64,61,54,76,74,54,84,74,83,81,56,66,43,55,45,47,52,40,9,6,10,10,9,92500,569
Sven K√∂hler,Germany,185,78,26,64,60,62,65,62,62,59,61,67,66,45,68,72,63,81,76,67,64,65,76,55,74,50,62,63,45,48,59,10,14,10,6,13,95000,647
Dominick Drexler,Germany,182,71,33,75,73,43,54,65,72,72,38,77,72,66,76,68,67,68,54,75,61,73,59,52,61,63,58,68,52,58,64,6,7,9,7,14,1900000,232
Juli√°n Chicco,Argentina,186,73,25,70,58,65,67,64,60,52,58,67,73,45,70,61,49,68,77,53,55,56,64,63,65,44,58,46,55,38,30,11,12,8,6,7,1000000,152
Sam Gallagher,England,193,75,27,67,69,43,41,71,69,68,44,57,59,64,59,53,65,73,78,54,74,64,75,74,76,70,64,54,45,60,71,13,12,11,16,8,1800000,89
Gift Motupa,South Africa,178,85,28,65,65,58,63,53,60,69,65,58,45,58,70,65,67,67,60,76,69,58,59,46,63,69,61,40,54,56,56,15,14,8,11,14,77500,394
Jonas Gemmer,Denmark,183,76,27,64,62,62,62,67,60,57,61,56,63,58,66,64,65,70,72,72,61,70,72,54,62,48,52,60,55,49,52,7,15,15,14,9,42500,7
Oyarzabal,Spain,181,79,26,85,84,30,32,52,80,85,29,82,83,81,82,73,79,79,57,80,77,78,72,60,80,85,81,77,78,84,74,13,10,6,10,11,40500000,504
Yin Congyao,China PR,184,74,26,50,56,43,36,41,51,56,30,53,56,43,58,60,63,57,76,67,73,61,57,42,57,54,40,50,38,43,44,14,8,11,7,11,14000,399
Timoth√©e Pemb√©l√©,France,182,76,20,73,69,65,67,59,66,65,62,63,68,66,67,59,86,67,64,66,88,78,66,60,58,48,43,53,41,45,31,10,11,14,9,8,1600000,455
Jo√£o Queir√≥s,Portugal,190,81,25,46,38,64,66,68,64,27,65,42,56,42,58,54,34,63,85,51,34,48,67,64,48,28,32,44,28,46,35,8,6,6,7,6,85000,269
Jack Walton,England,184,77,25,24,19,20,19,26,63,5,13,31,36,13,25,19,34,25,43,40,34,32,53,20,47,16,14,14,20,27,11,67,66,63,63,65,72500,386
Chris Smalling,England,194,81,33,65,59,85,86,84,83,51,84,56,85,52,65,64,52,74,85,43,71,54,80,86,42,54,35,49,22,52,49,15,10,15,16,15,23500000,512
Niko Gie√üelmann,Germany,182,75,31,69,67,71,73,73,73,65,69,62,71,77,73,72,68,76,75,67,60,67,83,67,68,55,62,67,69,54,56,14,10,13,10,7,2600000,635
Gerrit Holtmann,Philippines,185,77,28,68,71,50,59,34,71,69,58,67,60,67,65,62,93,72,66,72,95,79,46,47,72,62,66,64,44,60,61,12,8,8,10,8,2500000,646
Gojko Cimirot,Bosnia & Herzegovina,178,76,30,70,65,66,70,68,71,57,66,67,71,58,73,70,65,81,70,72,61,72,64,60,70,57,65,61,64,60,56,7,8,15,9,13,1600000,597
Francis Amuzu,Belgium,170,65,24,70,72,46,41,51,68,68,28,62,61,63,68,66,91,73,53,86,90,93,90,32,68,62,62,63,62,58,61,12,10,13,10,12,2800000,492
Mateusz Grzybek,Poland,178,68,27,58,61,57,60,58,60,55,60,59,65,63,61,61,74,81,58,70,75,72,55,42,41,55,32,62,42,42,30,15,11,7,13,8,57500,681
Michael Smith,England,194,86,31,67,61,24,23,70,70,71,28,62,62,53,64,40,53,75,90,34,49,34,55,76,72,69,66,44,45,65,59,8,15,11,14,11,1200000,569
Gabriel Martinelli,Brazil,178,75,22,82,88,43,44,80,79,78,37,75,75,74,74,52,89,78,63,80,87,86,55,72,77,80,65,72,65,60,70,6,10,6,7,6,25000000,58
Valerio Mantovani,Italy,184,71,27,54,41,68,73,71,59,44,67,29,55,25,60,41,57,73,71,67,33,57,80,69,36,20,21,31,31,39,28,6,12,8,8,11,1100000,616
Luis Guill√©n,Paraguay,195,87,22,17,6,13,14,19,47,7,14,28,28,14,19,28,23,35,69,25,21,38,33,12,38,7,9,14,14,14,8,57,60,54,50,64,18000,284
Hakan Arslan,Turkey,186,76,35,72,71,69,72,71,72,69,68,68,73,59,71,64,65,75,76,59,54,69,77,64,74,68,72,62,59,61,53,10,16,11,11,14,92500,574
Dennis Geiger,Germany,173,67,25,81,77,67,66,81,79,59,69,79,74,69,81,78,65,77,49,83,44,85,54,29,57,46,70,68,55,40,45,10,7,8,12,5,6000000,613
Karim Bellarabi,Germany,184,79,33,81,83,35,33,75,77,75,43,75,78,78,72,62,77,67,71,78,78,78,75,51,82,74,77,72,58,57,73,11,10,12,7,10,8500000,378
Juli√°n Fern√°ndez,Argentina,174,78,28,69,64,65,67,73,65,60,67,62,68,51,71,62,65,84,73,63,68,67,72,64,60,52,56,41,43,52,36,9,10,15,12,12,1500000,369
Luke Amos,England,179,72,26,67,65,64,68,67,67,57,65,66,66,57,72,71,57,66,57,70,55,66,65,44,62,49,64,54,48,45,36,12,11,8,14,9,1100000,476
Abdulrahman Al Obud,Saudi Arabia,174,70,28,69,70,37,38,40,56,66,47,56,49,58,61,48,91,74,58,75,88,84,61,48,67,62,58,50,37,44,47,14,8,5,12,14,1300000,33
Dan Butler,England,175,75,29,60,59,61,62,67,59,49,61,54,56,63,59,51,73,85,67,71,73,80,90,50,49,42,47,60,54,35,35,6,10,15,13,15,82500,462
Paolo Reyna,Peru,183,77,21,70,38,60,64,55,70,43,66,65,52,73,68,51,83,81,62,81,83,82,82,59,34,43,30,51,33,27,45,9,6,10,15,11,1900000,202
Anton Sal√©tros,Sweden,183,73,27,66,63,59,63,58,66,64,67,70,60,67,70,69,61,82,67,72,65,71,68,48,63,53,59,66,66,62,53,15,13,14,12,9,1300000,538
Hugo Larsson,Sweden,187,70,19,65,65,51,58,74,64,63,62,58,60,44,63,63,72,90,66,56,79,75,44,54,61,47,55,51,41,51,56,12,14,7,7,8,60000,393
Marlon Fossey,United States,179,76,24,63,66,58,61,48,62,62,56,60,61,64,62,50,84,74,61,78,85,84,82,49,42,44,45,47,38,49,34,11,9,6,8,10,90000,597
Antoine Colassin,Belgium,188,82,22,69,67,18,11,27,52,64,22,59,62,36,61,48,70,55,70,68,77,66,71,63,66,65,59,47,48,50,58,10,7,7,14,8,85000,684
Raid Al Ghamdi,Saudi Arabia,176,77,29,60,66,45,41,59,53,62,48,52,53,49,65,58,75,66,65,58,75,71,74,56,62,63,61,41,41,44,58,9,10,15,9,9,40000,37
Tin Jedvaj,Croatia,185,83,27,65,62,72,74,76,68,49,74,39,66,62,67,63,73,67,77,65,67,67,78,74,65,51,39,45,30,44,43,10,15,13,10,12,2900000,28
Luka Krajnc,Slovenia,187,86,28,64,56,65,67,69,63,46,66,31,64,58,63,61,63,65,85,64,62,59,80,64,44,25,30,48,26,44,37,15,8,9,11,10,1100000,300
Patriot Sejdiu,Sweden,182,65,23,66,69,35,32,36,49,51,24,57,53,51,59,48,79,73,41,71,73,77,49,33,72,64,66,67,52,54,52,11,15,13,6,11,57500,393
Pascal Richter,Germany,175,72,26,58,61,29,29,52,54,51,22,49,47,55,52,55,69,57,51,76,65,75,60,51,56,48,40,52,40,48,44,9,14,14,13,8,18000,644
Robin Ungerath,Germany,181,72,24,54,55,15,19,28,52,62,19,42,46,31,48,32,68,62,73,65,65,64,64,65,62,61,58,36,42,63,57,13,12,7,5,7,30000,544
Daniel Margush,Australia,187,80,25,12,10,12,14,25,53,7,15,42,49,14,29,22,30,28,63,32,30,32,60,13,47,8,10,14,14,12,10,60,63,59,62,64,35000,659
Andreas Murbeck,Sweden,192,92,25,51,38,57,59,56,52,26,55,31,39,27,57,41,50,57,80,52,52,34,66,62,45,22,30,29,28,31,33,6,12,6,8,12,23000,326
Christoph Knasm√ºllner,Austria,181,70,31,71,66,43,42,55,65,64,52,73,66,64,67,64,73,78,61,70,75,75,74,45,65,62,64,71,66,67,62,9,6,14,8,9,1200000,535
Dominic Solanke,England,187,80,25,75,75,22,25,65,74,75,22,71,73,54,72,59,64,87,79,67,77,64,77,74,75,76,69,56,47,72,74,9,9,15,14,10,6500000,9
Josh Cullen,Republic of Ireland,175,70,27,73,68,72,74,71,74,59,75,69,75,73,78,75,71,85,65,79,65,72,70,60,68,48,63,66,55,58,48,11,9,12,15,9,5500000,109
√ìscar Opazo,Chile,169,68,32,67,70,72,68,72,62,72,61,57,71,69,68,64,72,74,70,82,82,84,67,57,59,59,51,64,46,51,46,9,14,11,9,7,1200000,493
Daniel Rivillo,Venezuela,179,71,26,69,56,62,66,64,60,52,62,58,47,68,56,42,80,55,49,70,80,65,61,46,65,41,56,52,41,42,34,14,12,10,5,14,85000,124
Sergio Le√≥n,Spain,178,73,34,73,75,21,33,66,71,75,35,70,78,61,71,57,76,69,71,72,74,77,77,73,76,75,73,75,64,74,75,13,6,8,11,10,2700000,482
Rodri,Spain,191,82,27,85,78,78,86,82,82,75,83,83,85,63,86,83,54,88,84,65,62,65,72,80,89,64,82,65,61,46,59,14,10,10,7,8,77000000,395
Mert √áetin,Turkey,189,90,26,58,56,71,73,72,66,30,67,50,68,48,64,53,54,62,85,39,66,46,71,67,67,38,41,48,39,42,37,12,5,10,12,10,1500000,24
Kylian MbappÈ,France,182,73,24,91,93,32,34,64,93,92,38,83,88,78,85,71,97,87,76,81,97,93,77,72,88,93,82,80,69,84,83,11,13,5,7,6,153500000,454
Karim Benzema,France,185,81,35,91,87,18,24,63,92,92,39,89,90,75,89,76,79,82,82,72,80,78,79,90,87,92,80,82,73,84,88,5,13,11,5,7,64000000,501
Mohamed Salah,Egypt,175,71,31,86,88,41,43,63,92,91,55,84,90,80,84,77,89,87,76,91,89,89,69,59,82,92,84,84,69,86,83,11,14,14,9,14,99500000,383
Sadio ManÈ,Senegal,174,69,31,86,88,38,42,75,91,90,35,84,84,78,84,71,91,85,72,88,86,93,87,84,83,85,78,77,64,75,75,7,10,10,15,14,101000000,209
Neymar Jr,Brazil,175,68,31,94,95,29,32,63,88,86,37,90,93,83,85,81,88,79,52,82,86,93,62,63,79,83,81,88,87,91,86,15,9,9,15,11,99500000,454
Cristiano Ronaldo,Portugal,187,83,38,87,81,24,32,62,90,93,29,76,94,78,78,70,76,70,75,67,82,77,95,89,93,91,88,79,75,90,85,14,7,11,15,11,31000000,35
Zlatan Ibrahimovi?,Sweden,195,102,41,85,75,24,37,84,77,88,20,83,90,71,77,72,55,34,85,51,61,67,77,82,86,84,85,79,74,80,87,9,13,15,10,12,10500000,405
